Sector,Investor,CompaniesBackedInSector,InvestorType,Country,PensionSWF,BBBBacked,FundingBucket
Advanced Manufacturing,HSBC,31,Bank,United Kingdom,,TRUE,Bank/Loan
Advanced Manufacturing,Business Angel(s),30,Business Angel(s),,,FALSE,Named
Advanced Manufacturing,British Business Bank,24,Central Government,United Kingdom,,FALSE,Government
Advanced Manufacturing,IP Group,14,Commercialisation Company,United Kingdom,,FALSE,Named
Advanced Manufacturing,BGF (formerly Business Growth Fund),12,Private Equity and Venture Capital,United Kingdom,,FALSE,Named
Advanced Manufacturing,Lloyds Banking Group,12,Private Equity and Venture Capital,United Kingdom,,FALSE,Bank/Loan
Advanced Manufacturing,Octopus Group,8,Asset Management / Private Equity,United Kingdom,,FALSE,Named
Advanced Manufacturing,Santander,8,Bank,Spain,,TRUE,Named
Advanced Manufacturing,Virgin Money UK,8,Bank,United Kingdom,,FALSE,Named
Advanced Manufacturing,Asset and Equipment Finance,7,Bank,United Kingdom,,FALSE,Named
Advanced Manufacturing,Barclays,7,Bank,United Kingdom,,TRUE,Bank/Loan
Advanced Manufacturing,FW Capital,7,Private Equity and Venture Capital,United Kingdom,,TRUE,Named
Advanced Manufacturing,NatWest Group,7,Bank,United Kingdom,,TRUE,Named
Advanced Manufacturing,Future Planet Capital,6,Private Equity and Venture Capital,United Kingdom,,FALSE,Named
Advanced Manufacturing,Phoenix Court Group,6,Private Equity and Venture Capital,United Kingdom,,FALSE,Named
Advanced Manufacturing,Mercia Asset Management,5,Asset Management / Private Equity,United Kingdom,,TRUE,Named
Advanced Manufacturing,Oxford Science Enterprises,5,Commercialisation Company,United Kingdom,,FALSE,Named
Advanced Manufacturing,Deutsche Bank,4,Private Equity and Venture Capital,China,,FALSE,Named
Advanced Manufacturing,Development Bank of Wales,4,Devolved Government,United Kingdom,,FALSE,Named
Advanced Manufacturing,Frontier Development Capital,4,Private Equity and Venture Capital,United Kingdom,,TRUE,Named
Advanced Manufacturing,Hostplus,4,Asset Management,Australia,,FALSE,Named
Advanced Manufacturing,Maven Capital Partners UK LLP,4,Private Equity and Venture Capital,United Kingdom,,FALSE,Named
Advanced Manufacturing,Midven,4,Private Equity and Venture Capital,United Kingdom,,FALSE,Named
Advanced Manufacturing,Molten Ventures,4,Private Equity and Venture Capital,United Kingdom,,FALSE,Named
Advanced Manufacturing,Scottish Enterprise,4,Devolved Government,United Kingdom,,FALSE,Named
Advanced Manufacturing,Tencent,4,Corporate,China,,FALSE,Named
Advanced Manufacturing,Thompson Taraz,4,Asset Management,United Kingdom,,FALSE,Named
Advanced Manufacturing,Amadeus Capital Partners,3,Private Equity and Venture Capital,United Kingdom,,FALSE,Named
Advanced Manufacturing,BP,3,Corporate,United Kingdom,,FALSE,Named
Advanced Manufacturing,Cambridge Innovation Capital,3,Private Equity and Venture Capital,United Kingdom,,TRUE,Named
Advanced Manufacturing,Downing,3,Private Equity and Venture Capital,United Kingdom,,FALSE,Named
Advanced Manufacturing,EMV Capital PLC,3,Private Equity and Venture Capital,United Kingdom,,FALSE,Named
Advanced Manufacturing,FSE Group,3,Private Equity and Venture Capital,United Kingdom,,TRUE,Bank/Loan
Advanced Manufacturing,Foresight Group,3,Asset Management / Private Equity,United Kingdom,,TRUE,Named
Advanced Manufacturing,Goldman Sachs,3,Merchant Bank,United States,,FALSE,Named
Advanced Manufacturing,IQ Capital Partners,3,Private Equity and Venture Capital,United Kingdom,,FALSE,Named
Advanced Manufacturing,IQT,3,Private Equity and Venture Capital,United States,,FALSE,Named
Advanced Manufacturing,Lansdowne Partners,3,Asset Management,United Kingdom,,FALSE,Named
Advanced Manufacturing,Legal & General,3,Corporate,United Kingdom,UK pension funds,FALSE,Named
Advanced Manufacturing,Longwall Venture Partners,3,Private Equity and Venture Capital,United Kingdom,,FALSE,Named
Advanced Manufacturing,Mustard Seed + Partners,3,Private Equity and Venture Capital,United Kingdom,,FALSE,Named
Advanced Manufacturing,Oxford Innovation Finance,3,Angel Network,United Kingdom,,FALSE,Named
Advanced Manufacturing,University of Oxford,3,University,United Kingdom,,FALSE,Named
Advanced Manufacturing,Whiterock Finance,3,Specialist Lender,United Kingdom,,TRUE,Named
Advanced Manufacturing,YFM Equity Partners,3,Private Equity and Venture Capital,United Kingdom,,FALSE,Named
Advanced Manufacturing,3i,2,Private Equity and Venture Capital,United Kingdom,,FALSE,Named
Advanced Manufacturing,A.P. Moller Holding,2,Corporate,Denmark,,FALSE,Named
Advanced Manufacturing,ABB,2,Corporate,Switzerland,,FALSE,Named
Advanced Manufacturing,ABC Impact,2,Private Equity and Venture Capital,Singapore,,FALSE,Named
Advanced Manufacturing,Aioi Nissay Dowa Insurance,2,Corporate,United Kingdom,,FALSE,Named
Advanced Manufacturing,Albion Capital Group,2,Private Equity and Venture Capital,United Kingdom,,FALSE,Named
Advanced Manufacturing,Allied Irish Bank / AIB Group,2,Family Office,United Kingdom,,FALSE,Bank/Loan
Advanced Manufacturing,Atlantic Bridge,2,Private Equity and Venture Capital,Ireland,,TRUE,Named
Advanced Manufacturing,Backed VC,2,Private Equity and Venture Capital,United Kingdom,,FALSE,Named
Advanced Manufacturing,Bits x Bites,2,Private Equity and Venture Capital,China,,FALSE,Named
Advanced Manufacturing,Braavos Investment Advisers,2,Private Equity and Venture Capital,United Kingdom,,FALSE,Named
Advanced Manufacturing,Cambridge Angels,2,Angel Network,United Kingdom,,FALSE,Named
Advanced Manufacturing,Capital for Colleagues,2,Private Equity and Venture Capital,United Kingdom,,FALSE,Named
Advanced Manufacturing,Cibus Capital,2,Private Equity and Venture Capital,United Kingdom,,FALSE,Named
Advanced Manufacturing,Citigroup,2,Bank,United States,,FALSE,Named
Advanced Manufacturing,Clay Capital,2,Private Equity and Venture Capital,Singapore,,FALSE,Named
Advanced Manufacturing,Crowdcube,2,Crowd funding,United Kingdom,,FALSE,Crowdfunding
Advanced Manufacturing,Entrepreneurs First,2,Accelerator,United Kingdom,,FALSE,Named
Advanced Manufacturing,Felix Capital,2,Private Equity and Venture Capital,United Kingdom,,FALSE,Named
Advanced Manufacturing,Ingka Group,2,Corporate,Netherlands,,FALSE,Named
Advanced Manufacturing,Invesco,2,Asset Management,United States,,FALSE,Named
Advanced Manufacturing,Lancashire County Council,2,Local and Regional Government,United Kingdom,,FALSE,Named
Advanced Manufacturing,Lightrock,2,Private Equity and Venture Capital,United Kingdom,,FALSE,Named
Advanced Manufacturing,MMC Ventures,2,Private Equity and Venture Capital,United Kingdom,,TRUE,Named
Advanced Manufacturing,Maven Ventures,2,Private Equity and Venture Capital,United Kingdom,,FALSE,Named
Advanced Manufacturing,NEL Fund Managers,2,Private Equity and Venture Capital,United Kingdom,,TRUE,Named
Advanced Manufacturing,Northern Gritstone,2,Private Equity and Venture Capital,United Kingdom,,TRUE,Named
Advanced Manufacturing,Passion Capital,2,Private Equity and Venture Capital,United Kingdom,,TRUE,Named
Advanced Manufacturing,Quester Venture Partnership,2,Private Equity and Venture Capital,United Kingdom,,FALSE,Named
Advanced Manufacturing,Scottish EDGE,2,Charity/Not-for-profit company,United Kingdom,,FALSE,Named
Advanced Manufacturing,Secure Trust Commercial Finance,2,Bank,United Kingdom,,FALSE,Named
Advanced Manufacturing,SoftBank Group,2,Corporate,Japan,,FALSE,Bank/Loan
Advanced Manufacturing,Tata Steel,2,Corporate,India,,FALSE,Named
Advanced Manufacturing,Temasek Holdings,2,Sovereign Wealth Fund,Singapore,SW Fund,FALSE,Named
Advanced Manufacturing,UCL Business,2,Commercialisation Company,United Kingdom,,FALSE,Named
Advanced Manufacturing,UK Export Finance,2,Central Government,United Kingdom,,FALSE,Named
Advanced Manufacturing,University of Warwick Science Park,2,University,United Kingdom,,FALSE,Named
Advanced Manufacturing,4J Studios,1,Corporate,United Kingdom,,FALSE,Named
Advanced Manufacturing,ACF Investors,1,Private Equity and Venture Capital,United Kingdom,,FALSE,Named
Advanced Manufacturing,ADM Capital,1,Private Equity and Venture Capital,Hong Kong,,FALSE,Named
Advanced Manufacturing,ADM Ventures,1,Private Equity and Venture Capital,United States,,FALSE,Named
Advanced Manufacturing,ADQ,1,Central Government,United Arab Emirates,,FALSE,Named
Advanced Manufacturing,AIB,1,Bank,Ireland,,FALSE,Bank/Loan
Advanced Manufacturing,AXA,1,Corporate,France,,FALSE,Named
Advanced Manufacturing,Accel Partners,1,Private Equity and Venture Capital,United States,,FALSE,Named
Advanced Manufacturing,Acceleris,1,Private Equity and Venture Capital,United Kingdom,,FALSE,Named
Advanced Manufacturing,Accion Frontier Investments Group,1,Charity/Not-for-profit company,United States,,FALSE,Named
Advanced Manufacturing,Acequia Capital,1,Private Equity and Venture Capital,United States,,FALSE,Named
Advanced Manufacturing,Active Partners,1,Private Equity and Venture Capital,United Kingdom,,TRUE,Named
Advanced Manufacturing,Adjuvo,1,Angel Network,United Kingdom,,FALSE,Named
Advanced Manufacturing,Agronomics,1,Private Equity and Venture Capital,Isle Of Man,,FALSE,Named
Advanced Manufacturing,Air Street Capital,1,Private Equity and Venture Capital,United Kingdom,,FALSE,Named
Advanced Manufacturing,Aldea Ventures,1,Private Equity and Venture Capital,Spain,,FALSE,Named
Advanced Manufacturing,Alliance Bernstein (AB),1,Private Equity and Venture Capital,United States,,FALSE,Named
Advanced Manufacturing,Ally Bridge Group,1,Private Equity and Venture Capital,United States,,FALSE,Named
Advanced Manufacturing,Alpine Electronics,1,Corporate,United Kingdom,,FALSE,Named
Advanced Manufacturing,Amcor,1,Corporate,Switzerland,,FALSE,Named
Advanced Manufacturing,American Airlines,1,Corporate,United States,,FALSE,Named
Advanced Manufacturing,American Express,1,Corporate,United States,,FALSE,Named
Advanced Manufacturing,Ananke Ventures,1,Private Equity and Venture Capital,United Kingdom,,FALSE,Named
Advanced Manufacturing,Angels in the City,1,Angel Network,United Kingdom,,FALSE,Named
Advanced Manufacturing,Apater Capital,1,Private Equity and Venture Capital,United Kingdom,,FALSE,Named
Advanced Manufacturing,Apollo Global Management,1,Asset Management,United States,,FALSE,Named
Advanced Manufacturing,Applied Ventures,1,Private Equity and Venture Capital,United States,,FALSE,Named
Advanced Manufacturing,Aqua-Spark,1,Private Equity and Venture Capital,Netherlands,,FALSE,Named
Advanced Manufacturing,Aramex,1,Corporate,United Arab Emirates,,FALSE,Named
Advanced Manufacturing,ArcTern Ventures,1,Private Equity and Venture Capital,Canada,,FALSE,Named
Advanced Manufacturing,Archean Chemical Industries,1,Corporate,India,,FALSE,Named
Advanced Manufacturing,Arini,1,Asset Management,United Kingdom,,FALSE,Named
Advanced Manufacturing,Arm,1,Corporate,United Kingdom,,FALSE,Named
Advanced Manufacturing,Ascension,1,Private Equity and Venture Capital,United Kingdom,,FALSE,Named
Advanced Manufacturing,Atomico,1,Private Equity and Venture Capital,United Kingdom,,TRUE,Named
Advanced Manufacturing,Avery Dennison,1,Corporate,United States,,FALSE,Named
Advanced Manufacturing,Avolon,1,Private Equity and Venture Capital,United States,,FALSE,Named
Advanced Manufacturing,Axel Johnson (D: Ax),1,Corporate,Sweden,,FALSE,Named
Advanced Manufacturing,Axel Johnson Group,1,Corporate,Sweden,,FALSE,Named
Advanced Manufacturing,BBVA,1,Bank,Spain,,FALSE,Named
Advanced Manufacturing,BNW Investment Co,1,Private Equity and Venture Capital,"Korea, Republic Of (South Korea)",,FALSE,Named
Advanced Manufacturing,BW Group,1,Corporate,Singapore,,FALSE,Named
Advanced Manufacturing,Bain Capital,1,Private Equity and Venture Capital,United States,,FALSE,Named
Advanced Manufacturing,Balderton Capital,1,Private Equity and Venture Capital,United Kingdom,,TRUE,Named
Advanced Manufacturing,Ballpark Ventures,1,Private Investment Vehicle,United Kingdom,,FALSE,Named
Advanced Manufacturing,Bank of Ireland,1,Bank,United Kingdom,,FALSE,Bank/Loan
Advanced Manufacturing,Bank of Scotland,1,Bank,United Kingdom,,TRUE,Bank/Loan
Advanced Manufacturing,Battery,1,Private Equity and Venture Capital,United States,,FALSE,Named
Advanced Manufacturing,Bayland Capital,1,Private Equity and Venture Capital,China,,FALSE,Named
Advanced Manufacturing,Beast Ventures,1,Private Equity and Venture Capital,United Kingdom,,FALSE,Named
Advanced Manufacturing,Berggruen Holdings,1,Family Office,United States,,FALSE,Named
Advanced Manufacturing,Bibby Financial Services,1,Specialist Lender,United Kingdom,,FALSE,Named
Advanced Manufacturing,Bio-Rad Laboratories,1,Corporate,United States,,FALSE,Named
Advanced Manufacturing,BlackRock,1,Asset Management,United States,,FALSE,Named
Advanced Manufacturing,Bloc Ventures,1,Private Equity and Venture Capital,United Kingdom,,FALSE,Named
Advanced Manufacturing,Bloom 8 (formerly Rage Capital),1,Private Equity and Venture Capital,United Kingdom,,FALSE,Named
Advanced Manufacturing,Bloomsbury Bioseed Fund,1,Private Equity and Venture Capital,United Kingdom,,FALSE,Named
Advanced Manufacturing,Blue Horizon Group,1,Private Equity and Venture Capital,Switzerland,,FALSE,Named
Advanced Manufacturing,Blue Water Energy,1,Private Equity and Venture Capital,United Kingdom,,FALSE,Named
Advanced Manufacturing,Borski Fund,1,Private Equity and Venture Capital,Netherlands,,FALSE,Named
Advanced Manufacturing,Bosch,1,Corporate,Germany,,FALSE,Named
Advanced Manufacturing,Boundary Capital,1,Private Equity and Venture Capital,United Kingdom,,FALSE,Named
Advanced Manufacturing,Brand Capital,1,Corporate,India,,FALSE,Named
Advanced Manufacturing,Bridge Nine Capital Partners,1,Private Equity and Venture Capital,United Arab Emirates,,FALSE,Named
Advanced Manufacturing,Bridgehill Partners,1,Private Equity and Venture Capital,United Kingdom,,FALSE,Named
Advanced Manufacturing,Brighteye,1,Private Equity and Venture Capital,France,,FALSE,Named
Advanced Manufacturing,Bristol Private Equity Club,1,Angel Network,United Kingdom,,FALSE,Named
Advanced Manufacturing,Broadlake Capital,1,Private Equity and Venture Capital,Ireland,,FALSE,Named
Advanced Manufacturing,Brookfield,1,Asset Management / Private Equity,Canada,,FALSE,Named
Advanced Manufacturing,Bury Fitzwilliam-Lay and Partners,1,Private Equity and Venture Capital,United Kingdom,,FALSE,Named
Advanced Manufacturing,C4 Ventures,1,Private Equity and Venture Capital,France,,FALSE,Named
Advanced Manufacturing,CITIC Securities,1,Merchant Bank,China,,FALSE,Named
Advanced Manufacturing,CN Innovations Holdings,1,Corporate,Hong Kong,,FALSE,Named
Advanced Manufacturing,CVC Capital Partners,1,Private Equity and Venture Capital,Luxembourg,,FALSE,Named
Advanced Manufacturing,Cambridge Enterprise,1,Commercialisation Company,United Kingdom,,FALSE,Named
Advanced Manufacturing,Canaccord Genuity Group,1,Merchant Bank,Canada,,FALSE,Named
Advanced Manufacturing,Caple,1,Specialist Lender,United Kingdom,,FALSE,Named
Advanced Manufacturing,Carbon Direct Capital,1,Private Equity and Venture Capital,United States,,FALSE,Named
Advanced Manufacturing,Carmen Busquets,1,Private Investment Vehicle,United Kingdom,,FALSE,Named
Advanced Manufacturing,Centerbridge Partners,1,Private Equity and Venture Capital,United States,,FALSE,Named
Advanced Manufacturing,Channel 4,1,State-owned enterprise (SOE) / Corporate strategic investor,United Kingdom,,FALSE,Named
Advanced Manufacturing,Chicago Booth Angels,1,Angel Network,United States,,FALSE,Named
Advanced Manufacturing,Chimera Partners,1,Merchant Bank,United Kingdom,,FALSE,Named
Advanced Manufacturing,Circularity Capital,1,Private Equity and Venture Capital,United Kingdom,,FALSE,Named
Advanced Manufacturing,Clean Growth Investment Management,1,Private Equity and Venture Capital,United Kingdom,,FALSE,Named
Advanced Manufacturing,ClearlySo,1,Merchant Bank,United Kingdom,,FALSE,Named
Advanced Manufacturing,Close Brothers,1,Merchant Bank,United Kingdom,,FALSE,Named
Advanced Manufacturing,Cody Gate Ventures,1,Private Equity and Venture Capital,United Kingdom,,FALSE,Named
Advanced Manufacturing,Colle Capital,1,Private Equity and Venture Capital,United States,,FALSE,Named
Advanced Manufacturing,Combined London Colleges University Challenge Seed Fund (CLCUC),1,Private Equity and Venture Capital,United Kingdom,,FALSE,Named
Advanced Manufacturing,Company K Partners,1,Private Equity and Venture Capital,South Korea,,FALSE,Named
Advanced Manufacturing,Connect Ventures,1,Private Equity and Venture Capital,United Kingdom,,FALSE,Named
Advanced Manufacturing,Cow Corner,1,Private Equity and Venture Capital,United Kingdom,,FALSE,Named
Advanced Manufacturing,Crestline Investors,1,Asset Management,United States,,FALSE,Named
Advanced Manufacturing,Curious Capital,1,Private Equity and Venture Capital,United States,,FALSE,Named
Advanced Manufacturing,DFJ,1,Private Equity and Venture Capital,United States,,FALSE,Named
Advanced Manufacturing,Daishin Private Equity,1,Private Equity and Venture Capital,"Korea, Republic Of (South Korea)",,FALSE,Named
Advanced Manufacturing,Danish Green Futures Fund,1,Government,Denmark,,FALSE,Named
Advanced Manufacturing,Databricks,1,Corporate,United States,,FALSE,Named
Advanced Manufacturing,"Department for Science, Innovation and Technology (DSIT)",1,Central Government,United Kingdom,,FALSE,Named
Advanced Manufacturing,Digital Alpha Capital,1,Private Equity and Venture Capital,United States,,FALSE,Named
Advanced Manufacturing,Dimension,1,Private Equity and Venture Capital,United States,,FALSE,Named
Advanced Manufacturing,Doxa Partners,1,Private Equity and Venture Capital,United Kingdom,,FALSE,Named
Advanced Manufacturing,Drax,1,Corporate,United Kingdom,,FALSE,Named
Advanced Manufacturing,ENEOS Innovation Partners,1,Corporate,Japan,,FALSE,Named
Advanced Manufacturing,EPIC Investment Partners,1,Asset Management,United Kingdom,,FALSE,Named
Advanced Manufacturing,EQT Group,1,Private Equity and Venture Capital,Sweden,,FALSE,Named
Advanced Manufacturing,Earth Capital,1,Private Equity and Venture Capital,United Kingdom,,FALSE,Named
Advanced Manufacturing,East Alpha,1,Asset Management,United Kingdom,,FALSE,Named
Advanced Manufacturing,EcoMachines Ventures,1,Private Equity and Venture Capital,United Kingdom,,FALSE,Named
Advanced Manufacturing,Edge Investments Limited,1,Private Equity and Venture Capital,United Kingdom,,FALSE,Named
Advanced Manufacturing,Elecnor Deimos Space,1,Corporate,Spain,,FALSE,Named
Advanced Manufacturing,Emerald Technology Ventures,1,Private Equity and Venture Capital,Switzerland,,FALSE,Named
Advanced Manufacturing,EnBW,1,Private Equity and Venture Capital,Germany,,FALSE,Named
Advanced Manufacturing,Envestors,1,Angel Network,United Kingdom,,FALSE,Named
Advanced Manufacturing,Equinor,1,State-owned enterprise (SOE) / Corporate strategic investor,Norway,,FALSE,Named
Advanced Manufacturing,Equity Gap,1,Angel Network,United Kingdom,,FALSE,Named
Advanced Manufacturing,Erna Low Consultants,1,Corporate,United Kingdom,,FALSE,Named
Advanced Manufacturing,Escala Capital,1,Private Equity and Venture Capital,Spain,,FALSE,Named
Advanced Manufacturing,European Investment Bank (EIB),1,Bank,Luxembourg,,FALSE,Bank/Loan
Advanced Manufacturing,Export & Investment Fund of Denmark,1,Central Government,Denmark,,FALSE,Named
Advanced Manufacturing,FINTOP Capital,1,Private Equity and Venture Capital,United States,,FALSE,Named
Advanced Manufacturing,Felicis Ventures,1,Private Equity and Venture Capital,United States,,FALSE,Named
Advanced Manufacturing,Fig,1,Angel Network,United Kingdom,,FALSE,Named
Advanced Manufacturing,Fin Capital,1,Private Equity and Venture Capital,United States,,FALSE,Named
Advanced Manufacturing,Finance Yorkshire,1,Private Equity and Venture Capital,United Kingdom,,FALSE,Named
Advanced Manufacturing,Finance for Enterprise,1,Specialist Lender,United Kingdom,,TRUE,Named
Advanced Manufacturing,Firstminute Capital,1,Private Equity and Venture Capital,United Kingdom,,FALSE,Named
Advanced Manufacturing,Five Seasons Ventures,1,Private Equity and Venture Capital,France,,FALSE,Named
Advanced Manufacturing,Fjord Capital,1,Private Equity and Venture Capital,United Kingdom,,FALSE,Named
Advanced Manufacturing,Force Over Mass Capital,1,Private Equity and Venture Capital,United Kingdom,,FALSE,Named
Advanced Manufacturing,Fortress Investment Group,1,Asset Management / Private Equity,United States,,FALSE,Named
Advanced Manufacturing,Foundamental,1,Private Equity and Venture Capital,Germany,,FALSE,Named
Advanced Manufacturing,Foundation Capital,1,Private Equity and Venture Capital,United States,,FALSE,Named
Advanced Manufacturing,Frontline Ventures,1,Private Equity and Venture Capital,Ireland,,FALSE,Named
Advanced Manufacturing,Funding London,1,Local and Regional Government,United Kingdom,,FALSE,Named
Advanced Manufacturing,Furukawa Electric,1,Private Equity and Venture Capital,Japan,,FALSE,Named
Advanced Manufacturing,GE Healthcare,1,Corporate,United States,,FALSE,Named
Advanced Manufacturing,GIA Surveyors,1,Corporate,United Kingdom,,FALSE,Named
Advanced Manufacturing,GLy Capital Management,1,Private Equity and Venture Capital,Hong Kong,,FALSE,Named
Advanced Manufacturing,GenZero,1,Private Equity and Venture Capital,Singapore,,FALSE,Named
Advanced Manufacturing,General Atlantic,1,Private Equity and Venture Capital,United States,,FALSE,Named
Advanced Manufacturing,General Electric,1,Corporate,United States,,FALSE,Named
Advanced Manufacturing,Genoa Ventures,1,Private Equity and Venture Capital,United States,,FALSE,Named
Advanced Manufacturing,German Media Pool,1,Private Equity and Venture Capital,Germany,,FALSE,Named
Advanced Manufacturing,Goldwind,1,Corporate,China,,FALSE,Named
Advanced Manufacturing,Google,1,Corporate,United States,,FALSE,Named
Advanced Manufacturing,Green Angel Ventures,1,Angel Network,United Kingdom,,TRUE,Named
Advanced Manufacturing,Greenwood Way Capital,1,Angel Network,United Kingdom,,FALSE,Named
Advanced Manufacturing,Gresham House,1,Asset Management,United Kingdom,,FALSE,Named
Advanced Manufacturing,Grosvenor Hill Ventures,1,Private Equity and Venture Capital,United Kingdom,,FALSE,Named
Advanced Manufacturing,Groupe Atlantic,1,Private Equity and Venture Capital,France,,FALSE,Named
Advanced Manufacturing,Groupon,1,Corporate,United States,,FALSE,Named
Advanced Manufacturing,Growth Capital Partners,1,Private Equity and Venture Capital,United Kingdom,,TRUE,Named
Advanced Manufacturing,Growth Lending Group,1,Specialist Lender,United Kingdom,,FALSE,Bank/Loan
Advanced Manufacturing,GrowthAccelerator,1,Devolved Government,United Kingdom,,FALSE,Named
Advanced Manufacturing,GuoGuang Electric Co,1,Corporate,China,,FALSE,Named
Advanced Manufacturing,H2 Equity Partners,1,Private Equity and Venture Capital,Netherlands,,FALSE,Named
Advanced Manufacturing,HICO Investment Group,1,Private Equity and Venture Capital,Singapore / United Kingdom,,FALSE,Named
Advanced Manufacturing,HM Treasury,1,Central Government,United Kingdom,,FALSE,Named
Advanced Manufacturing,Halma,1,Corporate,United Kingdom,,FALSE,Named
Advanced Manufacturing,Hanaco Ventures,1,Private Equity and Venture Capital,Israel,,FALSE,Named
Advanced Manufacturing,Harbert Management Capital,1,Asset Management / Private Equity,United States,,FALSE,Named
Advanced Manufacturing,Hardware Club,1,Private Equity and Venture Capital,United States,,FALSE,Named
Advanced Manufacturing,Harrock Investments,1,Private Equity and Venture Capital,United Kingdom,,FALSE,Named
Advanced Manufacturing,Heartcore Capital,1,Private Equity and Venture Capital,Denmark,,FALSE,Named
Advanced Manufacturing,Henkel,1,Private Equity and Venture Capital,Germany,,FALSE,Named
Advanced Manufacturing,High-Tech Gründerfonds (HTGF),1,,,,,Named
Advanced Manufacturing,Highlands and Islands Enterprise,1,Local and Regional Government,United Kingdom,,FALSE,Named
Advanced Manufacturing,Hillhouse Capital Group,1,Private Equity and Venture Capital,China,,FALSE,Named
Advanced Manufacturing,Honeywell,1,Corporate,United States,,FALSE,Named
Advanced Manufacturing,Horizons Ventures,1,Private Equity and Venture Capital,Hong Kong,,FALSE,Named
Advanced Manufacturing,Horizontal Innovation,1,Accelerator,United Kingdom,,FALSE,Named
Advanced Manufacturing,Huawei Technologies,1,Corporate,China,,FALSE,Named
Advanced Manufacturing,Humber Local Enterprise Partnership,1,Government,United Kingdom,,FALSE,Named
Advanced Manufacturing,Hummingbird Ventures,1,Private Equity and Venture Capital,Belgium,,FALSE,Named
Advanced Manufacturing,IMM Investment,1,Private Equity and Venture Capital,"Korea, Republic Of (South Korea)",,FALSE,Named
Advanced Manufacturing,ING Bank,1,Bank,Netherlands,,FALSE,Named
Advanced Manufacturing,Indigo 7 Ventures (i7v),1,Private Equity and Venture Capital,United Kingdom,,FALSE,Named
Advanced Manufacturing,Indorama Ventures,1,Corporate,Thailand,,FALSE,Named
Advanced Manufacturing,Infineon,1,Corporate,Germany,,FALSE,Named
Advanced Manufacturing,Infinity Asset Management LLP,1,Asset Management,United Kingdom,,FALSE,Named
Advanced Manufacturing,Infocomm Investments,1,Accelerator,Singapore,,FALSE,Named
Advanced Manufacturing,Ingenious Ventures,1,Private Equity and Venture Capital,United Kingdom,,FALSE,Named
Advanced Manufacturing,Ingevity,1,Corporate,United States,,FALSE,Named
Advanced Manufacturing,Innovation SuperNetwork,1,Accelerator,United Kingdom,,FALSE,Named
Advanced Manufacturing,Inovia Capital,1,Private Equity and Venture Capital,Canada,,FALSE,Named
Advanced Manufacturing,Insight Partners,1,Private Equity and Venture Capital,United States,,FALSE,Named
Advanced Manufacturing,Intel,1,Corporate,United States,,FALSE,Named
Advanced Manufacturing,Invest NI,1,Devolved Government,United Kingdom,,FALSE,Named
Advanced Manufacturing,Investment Fund for Northern Ireland (IFNI) - Debt,1,Private Equity and Venture Capital,United Kingdom,,FALSE,Named
Advanced Manufacturing,Invoice Finance and Factoring,1,Bank,United Kingdom,,FALSE,Named
Advanced Manufacturing,Isomer Capital,1,Private Equity and Venture Capital,United Kingdom,,TRUE,Named
Advanced Manufacturing,Jacobs,1,Corporate,United States,,FALSE,Named
Advanced Manufacturing,JamJar Investments,1,Private Investment Vehicle,United Kingdom,,TRUE,Named
Advanced Manufacturing,Juno Capital,1,Angel Network,United Kingdom,,FALSE,Named
Advanced Manufacturing,Kero Limited,1,Private Equity and Venture Capital,United Kingdom,,FALSE,Named
Advanced Manufacturing,Kibo Invest,1,Family Office,Singapore,,FALSE,Named
Advanced Manufacturing,Kindred Capital VC,1,Private Equity and Venture Capital,United Kingdom,,FALSE,Named
Advanced Manufacturing,Kineticos Life Sciences,1,Private Equity and Venture Capital,United States,,FALSE,Named
Advanced Manufacturing,Kiwoom,1,Merchant Bank,"Korea, Republic Of (South Korea)",,FALSE,Named
Advanced Manufacturing,Kouros,1,Family Office,France,,FALSE,Named
Advanced Manufacturing,LAUNCHub Ventures,1,Accelerator,Bulgaria,,FALSE,Named
Advanced Manufacturing,LG Technology Ventures,1,Corporate,United States,,FALSE,Named
Advanced Manufacturing,LGT Capital Partners,1,Asset Management,Switzerland,,TRUE,Named
Advanced Manufacturing,LSP Health Economics Fund,1,Private Equity and Venture Capital,Netherlands,,FALSE,Named
Advanced Manufacturing,Lehman Brothers European Venture Capital Group,1,Private Equity and Venture Capital,United Kingdom,,FALSE,Named
Advanced Manufacturing,Levy-Weiss,1,Business Angel(s),Israel,,FALSE,Named
Advanced Manufacturing,Life.SREDA,1,Private Equity and Venture Capital,Singapore,,FALSE,Named
Advanced Manufacturing,Lightspeed Management,1,Private Equity and Venture Capital,United States,,FALSE,Named
Advanced Manufacturing,Lingotto,1,Asset Management,Netherlands,,FALSE,Named
Advanced Manufacturing,Liquidity Group,1,Specialist Lender,United States,,FALSE,Named
Advanced Manufacturing,London & Scottish Investment Partners,1,Private Equity and Venture Capital,United Kingdom,,FALSE,Named
Advanced Manufacturing,Longbow,1,Private Equity and Venture Capital,United Kingdom,,FALSE,Named
Advanced Manufacturing,Lux Capital,1,Private Equity and Venture Capital,United States,,FALSE,Named
Advanced Manufacturing,M&G,1,Asset Management,United Kingdom,UK pension funds,FALSE,Named
Advanced Manufacturing,M&G ­Investments,1,,,,,Named
Advanced Manufacturing,MNL Nominees,1,Private Investment Vehicle,United Kingdom,,FALSE,Named
Advanced Manufacturing,MTI Capital Partners,1,University,United Kingdom,,FALSE,Named
Advanced Manufacturing,MVM Life Science Partners,1,Private Equity and Venture Capital,United States,,FALSE,Named
Advanced Manufacturing,MVolution Partners,1,Private Equity and Venture Capital,United States,,FALSE,Named
Advanced Manufacturing,Magnetar,1,Corporate,United States,,FALSE,Named
Advanced Manufacturing,Mandatum Life,1,Asset Management,Finland,,FALSE,Named
Advanced Manufacturing,Mangrove Capital Partners,1,Private Equity and Venture Capital,Luxembourg,,FALSE,Named
Advanced Manufacturing,Marketech International,1,Private Equity and Venture Capital,Taiwan,,FALSE,Named
Advanced Manufacturing,Mayo Clinic,1,Private Equity and Venture Capital,United States,,FALSE,Named
Advanced Manufacturing,Mazda,1,Corporate,Japan,,FALSE,Named
Advanced Manufacturing,Mercedes-Benz Group,1,Corporate,Germany,,FALSE,Named
Advanced Manufacturing,Merck Group,1,Private Equity and Venture Capital,Germany,,FALSE,Named
Advanced Manufacturing,Metrea Discovery,1,Private Equity and Venture Capital,United Kingdom,,FALSE,Named
Advanced Manufacturing,Meyer Burger,1,Corporate,Switzerland,,FALSE,Named
Advanced Manufacturing,Microsoft,1,Corporate,United States,,FALSE,Named
Advanced Manufacturing,Mobeus,1,Private Equity and Venture Capital,United Kingdom,,TRUE,Named
Advanced Manufacturing,Moreira Salles,1,Family Office,Brazil,,FALSE,Named
Advanced Manufacturing,Mubadala Investment Company,1,Sovereign Wealth Fund,United Arab Emirates,SW Fund,FALSE,Named
Advanced Manufacturing,Mudrick Capital Management,1,Private Equity and Venture Capital,United States,,FALSE,Named
Advanced Manufacturing,NFU Mutual,1,Corporate,United Kingdom,,FALSE,Named
Advanced Manufacturing,National Tooling Loan Fund,1,Private Equity and Venture Capital,United Kingdom,,FALSE,Named
Advanced Manufacturing,Nesta,1,Charity/Not-for-profit company,United Kingdom,,FALSE,Named
Advanced Manufacturing,New Science Ventures,1,Private Equity and Venture Capital,United States,,FALSE,Named
Advanced Manufacturing,New Wave Ventures,1,Private Equity and Venture Capital,United Kingdom,,FALSE,Named
Advanced Manufacturing,Norrsken Foundation,1,Charity/Not-for-profit company,Sweden,,FALSE,Named
Advanced Manufacturing,NorthInvest,1,Angel Network,United Kingdom,,FALSE,Named
Advanced Manufacturing,Northstar Ventures,1,Private Equity and Venture Capital,United Kingdom,,FALSE,Named
Advanced Manufacturing,Novax,1,Corporate,Sweden,,FALSE,Named
Advanced Manufacturing,OPG Ventures,1,Corporate,Isle Of Man,,FALSE,Named
Advanced Manufacturing,Oaktree,1,Asset Management,United States,,FALSE,Named
Advanced Manufacturing,Obvious Ventures,1,Private Equity and Venture Capital,United States,,FALSE,Named
Advanced Manufacturing,Ocado,1,Corporate,United States,,FALSE,Named
Advanced Manufacturing,Oil & Gas Technology Centre,1,Charity/Not-for-profit company,United Kingdom,,FALSE,Named
Advanced Manufacturing,Ombu Group,1,Private Equity and Venture Capital,United Kingdom,,FALSE,Named
Advanced Manufacturing,Origin Capital Ltd,1,Private Equity and Venture Capital,United Kingdom,,FALSE,Named
Advanced Manufacturing,Oxford Instruments,1,Corporate,United Kingdom,,FALSE,Named
Advanced Manufacturing,Oxford Technology,1,Private Equity and Venture Capital,United Kingdom,,FALSE,Named
Advanced Manufacturing,Oxx,1,Private Equity and Venture Capital,United Kingdom,,TRUE,Named
Advanced Manufacturing,Oyster Capital,1,Private Equity and Venture Capital,Ireland,,FALSE,Named
Advanced Manufacturing,PFM Health Sciences,1,Asset Management,United States,,FALSE,Named
Advanced Manufacturing,Par Equity,1,Private Equity and Venture Capital,United Kingdom,,FALSE,Named
Advanced Manufacturing,Partech Partners,1,Private Equity and Venture Capital,France,,FALSE,Named
Advanced Manufacturing,Partners Investment Company,1,Private Equity and Venture Capital,United Kingdom,,FALSE,Named
Advanced Manufacturing,Partnerships UK,1,Government,United Kingdom,,FALSE,Named
Advanced Manufacturing,Pearson,1,Corporate,United Kingdom,,FALSE,Named
Advanced Manufacturing,Perivoli Trust,1,Charity/Not-for-profit company,United Kingdom,,FALSE,Named
Advanced Manufacturing,Phoenix Equity Partners,1,Private Equity and Venture Capital,United Kingdom,,FALSE,Named
Advanced Manufacturing,Planet First Partners,1,Private Equity and Venture Capital,Luxembourg,,FALSE,Named
Advanced Manufacturing,Playfair Capital,1,Private Equity and Venture Capital,United Kingdom,,FALSE,Named
Advanced Manufacturing,Pontifax,1,Private Equity and Venture Capital,Israel,,FALSE,Named
Advanced Manufacturing,Porton Capital,1,Private Equity and Venture Capital,United Kingdom,,FALSE,Named
Advanced Manufacturing,Possible Ventures,1,Private Equity and Venture Capital,Germany,,FALSE,Named
Advanced Manufacturing,Praetura Group,1,Private Equity and Venture Capital,United Kingdom,,FALSE,Named
Advanced Manufacturing,Prelude Trust plc,1,Private Equity and Venture Capital,United Kingdom,,FALSE,Named
Advanced Manufacturing,Prosperity7 Ventures,1,Private Equity and Venture Capital,United States,,FALSE,Named
Advanced Manufacturing,QinetiQ plc,1,Corporate,United Kingdom,,FALSE,Named
Advanced Manufacturing,RAB Capital,1,Asset Management,United Kingdom,,FALSE,Named
Advanced Manufacturing,RB Capital,1,Property Lender,Singapore,,FALSE,Named
Advanced Manufacturing,Rabobank,1,Bank,Netherlands,,FALSE,Named
Advanced Manufacturing,Railpen,1,Asset Management,United Kingdom,,FALSE,Named
Advanced Manufacturing,Ramboll,1,Corporate,Denmark,,FALSE,Named
Advanced Manufacturing,Redrice Ventures,1,Private Equity and Venture Capital,United Kingdom,,FALSE,Named
Advanced Manufacturing,ReefKNoT Investments,1,Private Equity and Venture Capital,Singapore,,FALSE,Named
Advanced Manufacturing,Republic,1,Crowd funding,United States,,FALSE,Named
Advanced Manufacturing,Risk Capital Partners,1,Private Equity and Venture Capital,United Kingdom,,FALSE,Named
Advanced Manufacturing,Rockpool Investments,1,Private Equity and Venture Capital,United Kingdom,,FALSE,Named
Advanced Manufacturing,Rolls-Royce,1,Corporate,United Kingdom,,FALSE,Named
Advanced Manufacturing,SAIC Capital,1,Private Equity and Venture Capital,United States,,FALSE,Named
Advanced Manufacturing,SAP,1,Corporate,United States,,FALSE,Named
Advanced Manufacturing,SBI Holdings,1,Corporate,Japan,,FALSE,Named
Advanced Manufacturing,SGInnovate,1,Private Equity and Venture Capital,Singapore,,FALSE,Named
Advanced Manufacturing,SJL Partners,1,Private Equity and Venture Capital,"Korea, Republic Of (South Korea)",,FALSE,Named
Advanced Manufacturing,SKC Co,1,Corporate,"Korea, Republic Of (South Korea)",,FALSE,Named
Advanced Manufacturing,SLB Ventures,1,Corporate,United States,,FALSE,Named
Advanced Manufacturing,SSE Ventures,1,Corporate,United Kingdom,,FALSE,Named
Advanced Manufacturing,SWAIN,1,Angel Network,United Kingdom,,FALSE,Named
Advanced Manufacturing,SWEN Blue Ocean,1,Private Equity and Venture Capital,France,,FALSE,Named
Advanced Manufacturing,Sabanci,1,Private Equity and Venture Capital,Turkey,,FALSE,Named
Advanced Manufacturing,Saker Capital,1,Private Equity and Venture Capital,United Arab Emirates,,FALSE,Named
Advanced Manufacturing,Sana Kliniken AG,1,Corporate,Germany,,FALSE,Named
Advanced Manufacturing,Sarum Partners,1,Private Equity and Venture Capital,United Kingdom,,FALSE,Named
Advanced Manufacturing,Saudi Aramco,1,Corporate,Saudi Arabia,,FALSE,Named
Advanced Manufacturing,Scale Venture Partners,1,Private Equity and Venture Capital,United States,,FALSE,Named
Advanced Manufacturing,ScaleUp Capital,1,Private Equity and Venture Capital,United Kingdom,,FALSE,Named
Advanced Manufacturing,Schneider,1,Corporate,France,,FALSE,Named
Advanced Manufacturing,Schroders,1,Asset Management,United Kingdom,,FALSE,Named
Advanced Manufacturing,Scottish Government,1,Devolved Government,United Kingdom,,FALSE,Bank/Loan
Advanced Manufacturing,Sentinel Dome Partners,1,Asset Management,United States,,FALSE,Named
Advanced Manufacturing,Sheffield City Region Local Enterprise Partnership (LEP),1,Local and Regional Government,United Kingdom,,FALSE,Named
Advanced Manufacturing,Shinhan Investment Private Equity,1,Private Equity and Venture Capital,"Korea, Republic Of (South Korea)",,FALSE,Named
Advanced Manufacturing,Shortcut Ventures,1,Private Equity and Venture Capital,Germany,,FALSE,Named
Advanced Manufacturing,Silicon Valley Bank,1,Bank,United States,,FALSE,Named
Advanced Manufacturing,SilverRock Financial Services,1,Bank,United Kingdom,,FALSE,Named
Advanced Manufacturing,Singapore Power,1,Corporate,Singapore,,FALSE,Named
Advanced Manufacturing,Sixth Street Growth,1,Private Equity and Venture Capital,United States,,FALSE,Named
Advanced Manufacturing,Skyviews Life Science,1,Private Equity and Venture Capital,Switzerland,,FALSE,Named
Advanced Manufacturing,Social Investment Scotland (SIS),1,Charity/Not-for-profit company,United Kingdom,,FALSE,Named
Advanced Manufacturing,Sofina,1,Private Equity and Venture Capital,Belgium,,FALSE,Named
Advanced Manufacturing,Sony Corporation,1,Corporate,Japan,,FALSE,Named
Advanced Manufacturing,South Yorkshire Investment Fund,1,Private Equity and Venture Capital,United Kingdom,,FALSE,Named
Advanced Manufacturing,Space Angels,1,Angel Network,United States,,FALSE,Named
Advanced Manufacturing,Stolt-Nielsen,1,Corporate,United Kingdom,,FALSE,Named
Advanced Manufacturing,Sucden Ventures,1,Corporate,France,,FALSE,Named
Advanced Manufacturing,Sulis Seedcorn Fund,1,Private Equity and Venture Capital,United Kingdom,,FALSE,Named
Advanced Manufacturing,Sumitomo Corporation,1,Corporate,Japan,,FALSE,Named
Advanced Manufacturing,Suntory,1,Corporate,Japan,,FALSE,Named
Advanced Manufacturing,Sussex Place Ventures,1,Private Equity and Venture Capital,United Kingdom,,TRUE,Named
Advanced Manufacturing,Swisscom,1,State-owned enterprise (SOE) / Corporate strategic investor,Switzerland,,FALSE,Named
Advanced Manufacturing,SyndicateRoom,1,Crowd funding,United Kingdom,,TRUE,Named
Advanced Manufacturing,System.One,1,Private Equity and Venture Capital,Germany,,FALSE,Named
Advanced Manufacturing,T J Morris (Investments) Ltd,1,Private Equity and Venture Capital,United Kingdom,,FALSE,Named
Advanced Manufacturing,TELUS Corporation,1,Corporate,Canada,,FALSE,Named
Advanced Manufacturing,TTP Ventures,1,Private Equity and Venture Capital,United Kingdom,,FALSE,Named
Advanced Manufacturing,Takeda Pharmaceutical Company,1,Corporate,Japan,,FALSE,Named
Advanced Manufacturing,Technology Venture Partners,1,Private Equity and Venture Capital,United States,,FALSE,Named
Advanced Manufacturing,Techstars,1,Accelerator,United States,,FALSE,Named
Advanced Manufacturing,Tekfen Ventures,1,Corporate,United States,,FALSE,Named
Advanced Manufacturing,Tengelmann Ventures,1,Private Equity and Venture Capital,Germany,,FALSE,Named
Advanced Manufacturing,Tennants Ventures,1,Private Equity and Venture Capital,United Kingdom,,FALSE,Named
Advanced Manufacturing,Tern PLC,1,Private Equity and Venture Capital,United Kingdom,,FALSE,Named
Advanced Manufacturing,The Brandtech Group,1,Corporate,United States,,FALSE,Named
Advanced Manufacturing,The Dow Chemical Company,1,Corporate,United States,,FALSE,Named
Advanced Manufacturing,The Raine Group,1,Merchant Bank,United States,,FALSE,Named
Advanced Manufacturing,The Riverside Company,1,Private Equity and Venture Capital,United States,,FALSE,Named
Advanced Manufacturing,The University of Derby,1,University,United Kingdom,,FALSE,Named
Advanced Manufacturing,ThinCats,1,Specialist Lender,United Kingdom,,TRUE,Named
Advanced Manufacturing,Tikehau Capital,1,Asset Management,France,,FALSE,Named
Advanced Manufacturing,Toscafund Asset Management,1,Specialist Lender,United Kingdom,,FALSE,Named
Advanced Manufacturing,Tracsis,1,Corporate,United Kingdom,,FALSE,Named
Advanced Manufacturing,Trillium International,1,Private Equity and Venture Capital,United Arab Emirates,,FALSE,Named
Advanced Manufacturing,Trimble Ventures,1,Corporate,United States,,FALSE,Named
Advanced Manufacturing,Trinity Capital,1,Specialist Lender,United States,,FALSE,Named
Advanced Manufacturing,Triple Point,1,Asset Management,United Kingdom,,FALSE,Named
Advanced Manufacturing,Tudor Group,1,Asset Management,United States,,FALSE,Named
Advanced Manufacturing,Turquoise International,1,Merchant Bank,United Kingdom,,FALSE,Named
Advanced Manufacturing,UPSA,1,Corporate,France,,FALSE,Named
Advanced Manufacturing,University of Edinburgh,1,University,United Kingdom,,FALSE,Named
Advanced Manufacturing,VNV Global (Vostok New Ventures),1,Private Equity and Venture Capital,Bermuda,,FALSE,Named
Advanced Manufacturing,Various,1,Business Angel(s),,,FALSE,Named
Advanced Manufacturing,Venture Incubator,1,Charity/Not-for-profit company,Switzerland,,FALSE,Named
Advanced Manufacturing,Venture Science,1,Private Equity and Venture Capital,United States,,FALSE,Named
Advanced Manufacturing,VentureFounders,1,Private Equity and Venture Capital,United Kingdom,,FALSE,Named
Advanced Manufacturing,Verve Ventures,1,Private Equity and Venture Capital,Switzerland,,FALSE,Named
Advanced Manufacturing,Vista Credit Partners,1,Private Equity and Venture Capital,United States,,FALSE,Named
Advanced Manufacturing,WACKER Chemie AG,1,Corporate,Germany,,FALSE,Named
Advanced Manufacturing,Wallenius Wilhelmsen,1,Private Equity and Venture Capital,Norway,,FALSE,Named
Advanced Manufacturing,Watrium,1,Family Office,Norway,,FALSE,Named
Advanced Manufacturing,Wealth Club,1,Angel Network,United Kingdom,,FALSE,Named
Advanced Manufacturing,Welsh Government,1,Central Government,United Kingdom,,FALSE,Named
Advanced Manufacturing,West Midlands Combined Authority (WMCA),1,Local and Regional Government,United Kingdom,,FALSE,Named
Advanced Manufacturing,West Yorkshire Business and Skills,1,Local and Regional Government,United Kingdom,,FALSE,Named
Advanced Manufacturing,Whitehelm Capital,1,Asset Management,Australia,,FALSE,Named
Advanced Manufacturing,Wonik Investments,1,Private Equity and Venture Capital,"Korea, Republic Of (South Korea)",,FALSE,Named
Advanced Manufacturing,Woodford Investment Management,1,Private Equity and Venture Capital,United Kingdom,,FALSE,Named
Advanced Manufacturing,World Gold Council,1,Corporate,United Kingdom,,FALSE,Named
Advanced Manufacturing,Wren Capital LLP,1,Private Equity and Venture Capital,United Kingdom,,FALSE,Named
Advanced Manufacturing,Wroxhall,1,Private Investment Vehicle,United Kingdom,,FALSE,Named
Advanced Manufacturing,Xilinx,1,Corporate,United States,,FALSE,Named
Advanced Manufacturing,ZF,1,Private Equity and Venture Capital,Germany,,FALSE,Named
Advanced Manufacturing,Zebra Technologies,1,Corporate,United States,,FALSE,Named
Advanced Manufacturing,Zhejiang Silk Road Fund,1,Asset Management,China,,FALSE,Named
Advanced Manufacturing,b-to-v Partners (Brain-to-Ventures),1,Private Equity and Venture Capital,Switzerland,,FALSE,Named
Advanced Manufacturing,b2venture,1,Private Equity and Venture Capital,Germany,,FALSE,Named
Advanced Manufacturing,iDreamSky,1,Corporate,China,,FALSE,Named
Clean Energy Industries,Business Angel(s),15,Business Angel(s),,,FALSE,Named
Clean Energy Industries,HSBC,12,Bank,United Kingdom,,TRUE,Bank/Loan
Clean Energy Industries,British Business Bank,10,Central Government,United Kingdom,,FALSE,Government
Clean Energy Industries,Barclays,9,Bank,United Kingdom,,TRUE,Named
Clean Energy Industries,NatWest Group,9,Bank,United Kingdom,,TRUE,Named
Clean Energy Industries,IP Group,8,Commercialisation Company,United Kingdom,,FALSE,Named
Clean Energy Industries,BGF (formerly Business Growth Fund),7,Private Equity and Venture Capital,United Kingdom,,FALSE,Named
Clean Energy Industries,Legal & General,6,Corporate,United Kingdom,UK pension funds,FALSE,Named
Clean Energy Industries,Lloyds Banking Group,6,Private Equity and Venture Capital,United Kingdom,,FALSE,Bank/Loan
Clean Energy Industries,Mercia Asset Management,4,Asset Management / Private Equity,United Kingdom,,TRUE,Named
Clean Energy Industries,Scottish Enterprise,4,Devolved Government,United Kingdom,,FALSE,Named
Clean Energy Industries,BP,3,Corporate,United Kingdom,,FALSE,Named
Clean Energy Industries,CIBC (Canadian Imperial Bank of Commerce),3,Bank,Canada,,FALSE,Bank/Loan
Clean Energy Industries,Clean Growth Investment Management,3,Private Equity and Venture Capital,United Kingdom,,FALSE,Named
Clean Energy Industries,Foresight Group,3,Asset Management / Private Equity,United Kingdom,,TRUE,Named
Clean Energy Industries,Maven Capital Partners UK LLP,3,Private Equity and Venture Capital,United Kingdom,,FALSE,Named
Clean Energy Industries,Oxford Science Enterprises,3,Commercialisation Company,United Kingdom,,FALSE,Named
Clean Energy Industries,ABC Impact,2,Private Equity and Venture Capital,Singapore,,FALSE,Named
Clean Energy Industries,Bits x Bites,2,Private Equity and Venture Capital,China,,FALSE,Named
Clean Energy Industries,Caple,2,Specialist Lender,United Kingdom,,FALSE,Named
Clean Energy Industries,Centrica Energy,2,Corporate,United Kingdom,,FALSE,Named
Clean Energy Industries,Development Bank of Wales,2,Devolved Government,United Kingdom,,FALSE,Named
Clean Energy Industries,EDP Ventures,2,Corporate,Portugal,,FALSE,Named
Clean Energy Industries,Equinor,2,State-owned enterprise (SOE) / Corporate strategic investor,Norway,,FALSE,Named
Clean Energy Industries,Equity Gap,2,Angel Network,United Kingdom,,FALSE,Named
Clean Energy Industries,FJ Labs,2,Private Equity and Venture Capital,United States,,FALSE,Named
Clean Energy Industries,FW Capital,2,Private Equity and Venture Capital,United Kingdom,,TRUE,Named
Clean Energy Industries,Future Planet Capital,2,Private Equity and Venture Capital,United Kingdom,,FALSE,Named
Clean Energy Industries,Green Angel Ventures,2,Angel Network,United Kingdom,,TRUE,Named
Clean Energy Industries,IW Capital,2,Private Equity and Venture Capital,United Kingdom,,FALSE,Named
Clean Energy Industries,Infracapital,2,Corporate,United Kingdom,,FALSE,Named
Clean Energy Industries,Invesco,2,Asset Management,United States,,FALSE,Named
Clean Energy Industries,Macquarie Group,2,Merchant Bank,Australia,,FALSE,Named
Clean Energy Industries,Marubeni Ventures,2,Corporate,Japan,,FALSE,Named
Clean Energy Industries,Maven Ventures,2,Private Equity and Venture Capital,United Kingdom,,FALSE,Named
Clean Energy Industries,Midven,2,Private Equity and Venture Capital,United Kingdom,,FALSE,Named
Clean Energy Industries,Natixis,2,Merchant Bank,France,,FALSE,Named
Clean Energy Industries,Northern Gritstone,2,Private Equity and Venture Capital,United Kingdom,,TRUE,Named
Clean Energy Industries,Octopus Group,2,Asset Management / Private Equity,United Kingdom,,FALSE,Named
Clean Energy Industries,Ombu Group,2,Private Equity and Venture Capital,United Kingdom,,FALSE,Named
Clean Energy Industries,Par Equity,2,Private Equity and Venture Capital,United Kingdom,,FALSE,Named
Clean Energy Industries,Santander,2,Bank,Spain,,TRUE,Named
Clean Energy Industries,Turquoise International,2,Merchant Bank,United Kingdom,,FALSE,Named
Clean Energy Industries,2150 VC,1,Private Equity and Venture Capital,United Kingdom,,FALSE,Named
Clean Energy Industries,3i,1,Private Equity and Venture Capital,United Kingdom,,FALSE,Named
Clean Energy Industries,4J Studios,1,Corporate,United Kingdom,,FALSE,Named
Clean Energy Industries,ADQ,1,Central Government,United Arab Emirates,,FALSE,Named
Clean Energy Industries,AENU,1,Private Equity and Venture Capital,Germany,,FALSE,Named
Clean Energy Industries,AIB,1,Bank,Ireland,,FALSE,Bank/Loan
Clean Energy Industries,AS Capital,1,Asset Management,United Kingdom,,FALSE,Named
Clean Energy Industries,AV8 Ventures,1,Private Equity and Venture Capital,United States,,FALSE,Named
Clean Energy Industries,Abu Dhabi National Oil Company (ADNOC),1,State-owned enterprise (SOE) / Corporate strategic investor,United Arab Emirates,,FALSE,Named
Clean Energy Industries,Acceleris,1,Private Equity and Venture Capital,United Kingdom,,FALSE,Named
Clean Energy Industries,Adjuvo,1,Angel Network,United Kingdom,,FALSE,Named
Clean Energy Industries,Agronomics,1,Private Equity and Venture Capital,Isle Of Man,,FALSE,Named
Clean Energy Industries,Amati Global Investors,1,Private Equity and Venture Capital,United Kingdom,,FALSE,Named
Clean Energy Industries,Amber Infrastructure Group,1,Asset Management / Private Equity,United Kingdom,,FALSE,Named
Clean Energy Industries,Angels in the City,1,Angel Network,United Kingdom,,FALSE,Named
Clean Energy Industries,Anthemis Group,1,Private Equity and Venture Capital,United Kingdom,,FALSE,Named
Clean Energy Industries,Aqua-Spark,1,Private Equity and Venture Capital,Netherlands,,FALSE,Named
Clean Energy Industries,Aquiline Capital Partners,1,Private Equity and Venture Capital,United States,,FALSE,Named
Clean Energy Industries,Ara Partners,1,Private Equity and Venture Capital,United States,,FALSE,Named
Clean Energy Industries,ArcTern Ventures,1,Private Equity and Venture Capital,Canada,,FALSE,Named
Clean Energy Industries,Ares Management,1,Asset Management,United States,,FALSE,Named
Clean Energy Industries,Asset and Equipment Finance,1,Bank,United Kingdom,,FALSE,Named
Clean Energy Industries,Aster Capital,1,Corporate,France,,FALSE,Named
Clean Energy Industries,Aston University,1,University,United Kingdom,,FALSE,Named
Clean Energy Industries,Aurus Capital,1,Private Equity and Venture Capital,Chile,,FALSE,Named
Clean Energy Industries,Aviva,1,Corporate,United Kingdom,UK pension funds,FALSE,Named
Clean Energy Industries,Axel Johnson (D: Ax),1,Corporate,Sweden,,FALSE,Named
Clean Energy Industries,Axel Johnson Group,1,Corporate,Sweden,,FALSE,Named
Clean Energy Industries,BMS Finance,1,Specialist Lender,United Kingdom,,FALSE,Named
Clean Energy Industries,BNW Investment Co,1,Private Equity and Venture Capital,"Korea, Republic Of (South Korea)",,FALSE,Named
Clean Energy Industries,BW Group,1,Corporate,Singapore,,FALSE,Named
Clean Energy Industries,Berti Investments,1,Charity/Not-for-profit company,United Kingdom,,FALSE,Named
Clean Energy Industries,Bloom 8 (formerly Rage Capital),1,Private Equity and Venture Capital,United Kingdom,,FALSE,Named
Clean Energy Industries,Blue Horizon Group,1,Private Equity and Venture Capital,Switzerland,,FALSE,Named
Clean Energy Industries,Boundary Capital,1,Private Equity and Venture Capital,United Kingdom,,FALSE,Named
Clean Energy Industries,Braavos Investment Advisers,1,Private Equity and Venture Capital,United Kingdom,,FALSE,Named
Clean Energy Industries,Bridge Nine Capital Partners,1,Private Equity and Venture Capital,United Arab Emirates,,FALSE,Named
Clean Energy Industries,Bristol Private Equity Club,1,Angel Network,United Kingdom,,FALSE,Named
Clean Energy Industries,Brookfield,1,Asset Management / Private Equity,Canada,,FALSE,Named
Clean Energy Industries,Calculus Capital,1,Private Equity and Venture Capital,United Kingdom,,FALSE,Named
Clean Energy Industries,Capricorn Fund Managers,1,Asset Management,United Kingdom,,FALSE,Named
Clean Energy Industries,Capricorn Investment Group,1,Private Equity and Venture Capital,United States,,FALSE,Named
Clean Energy Industries,Carbon Direct Capital,1,Private Equity and Venture Capital,United States,,FALSE,Named
Clean Energy Industries,Chicago Booth Angels,1,Angel Network,United States,,FALSE,Named
Clean Energy Industries,Chief Financial Capital,1,Private Investment Vehicle,United States,,FALSE,Named
Clean Energy Industries,Circularity Capital,1,Private Equity and Venture Capital,United Kingdom,,FALSE,Named
Clean Energy Industries,ClearlySo,1,Merchant Bank,United Kingdom,,FALSE,Named
Clean Energy Industries,Close Brothers,1,Merchant Bank,United Kingdom,,FALSE,Named
Clean Energy Industries,Communitas Capital Partners,1,Private Equity and Venture Capital,United States,,FALSE,Named
Clean Energy Industries,Credit Agricole,1,Bank,France,,FALSE,Named
Clean Energy Industries,Crowdcube,1,Crowd funding,United Kingdom,,FALSE,Crowdfunding
Clean Energy Industries,Curious Capital,1,Private Equity and Venture Capital,United States,,FALSE,Named
Clean Energy Industries,DN Capital,1,Private Equity and Venture Capital,United Kingdom,,FALSE,Named
Clean Energy Industries,Daishin Private Equity,1,Private Equity and Venture Capital,"Korea, Republic Of (South Korea)",,FALSE,Named
Clean Energy Industries,Deepbridge Capital,1,Private Equity and Venture Capital,United Kingdom,,FALSE,Named
Clean Energy Industries,Deutsche Bank,1,Private Equity and Venture Capital,China,,FALSE,Named
Clean Energy Industries,Digital Alpha Capital,1,Private Equity and Venture Capital,United States,,FALSE,Named
Clean Energy Industries,Downing,1,Private Equity and Venture Capital,United Kingdom,,FALSE,Named
Clean Energy Industries,Drax,1,Corporate,United Kingdom,,FALSE,Named
Clean Energy Industries,EMV Capital PLC,1,Private Equity and Venture Capital,United Kingdom,,FALSE,Named
Clean Energy Industries,Earth Capital,1,Private Equity and Venture Capital,United Kingdom,,FALSE,Named
Clean Energy Industries,East Alpha,1,Asset Management,United Kingdom,,FALSE,Named
Clean Energy Industries,EcoMachines Ventures,1,Private Equity and Venture Capital,United Kingdom,,FALSE,Named
Clean Energy Industries,Edinv,1,Family Office,United Kingdom,,FALSE,Named
Clean Energy Industries,ElectriFI initiative,1,European,Belgium,,FALSE,Named
Clean Energy Industries,Emerald Technology Ventures,1,Private Equity and Venture Capital,Switzerland,,FALSE,Named
Clean Energy Industries,EnBW,1,Private Equity and Venture Capital,Germany,,FALSE,Named
Clean Energy Industries,Energy Impact Partners LP,1,Private Equity and Venture Capital,United States,,FALSE,Named
Clean Energy Industries,European Investment Bank (EIB),1,Bank,Luxembourg,,FALSE,Bank/Loan
Clean Energy Industries,Eurovestech,1,Private Equity and Venture Capital,United Kingdom,,FALSE,Named
Clean Energy Industries,Fidelity International,1,Asset Management,United Kingdom,,FALSE,Named
Clean Energy Industries,Five Seasons Ventures,1,Private Equity and Venture Capital,France,,FALSE,Named
Clean Energy Industries,Fjord Capital,1,Private Equity and Venture Capital,United Kingdom,,FALSE,Named
Clean Energy Industries,Foundamental,1,Private Equity and Venture Capital,Germany,,FALSE,Named
Clean Energy Industries,Frontline Ventures,1,Private Equity and Venture Capital,Ireland,,FALSE,Named
Clean Energy Industries,Funding London,1,Local and Regional Government,United Kingdom,,FALSE,Named
Clean Energy Industries,Furukawa Electric,1,Private Equity and Venture Capital,Japan,,FALSE,Named
Clean Energy Industries,Future Energy Ventures Management,1,Private Equity and Venture Capital,Germany,,FALSE,Named
Clean Energy Industries,G10 Capital,1,Asset Management,United Kingdom,,FALSE,Named
Clean Energy Industries,GLy Capital Management,1,Private Equity and Venture Capital,Hong Kong,,FALSE,Named
Clean Energy Industries,GRIDSERVE,1,Corporate,United Kingdom,,FALSE,Named
Clean Energy Industries,GenZero,1,Private Equity and Venture Capital,Singapore,,FALSE,Named
Clean Energy Industries,General Electric,1,Corporate,United States,,FALSE,Named
Clean Energy Industries,Genoa Ventures,1,Private Equity and Venture Capital,United States,,FALSE,Named
Clean Energy Industries,Getting Building Fund,1,Central Government,United Kingdom,,FALSE,Named
Clean Energy Industries,Goldacre,1,,,,,Named
Clean Energy Industries,Goldwind,1,Corporate,China,,FALSE,Named
Clean Energy Industries,Government of Singapore Investment Corporation (GIC Private Limited),1,Sovereign Wealth Fund,Singapore,SW Fund,FALSE,Government
Clean Energy Industries,Green Distilleries Competition,1,Central Government,United Kingdom,,FALSE,Named
Clean Energy Industries,Greenwood Way Capital,1,Angel Network,United Kingdom,,FALSE,Named
Clean Energy Industries,Gresham House,1,Asset Management,United Kingdom,,FALSE,Named
Clean Energy Industries,Groupe Atlantic,1,Private Equity and Venture Capital,France,,FALSE,Named
Clean Energy Industries,Growth Capital Partners,1,Private Equity and Venture Capital,United Kingdom,,TRUE,Named
Clean Energy Industries,Gulf Oil International,1,Corporate,Cayman Islands,,FALSE,Named
Clean Energy Industries,HCOB,1,Bank,Germany,,FALSE,Named
Clean Energy Industries,HICO Investment Group,1,Private Equity and Venture Capital,Singapore / United Kingdom,,FALSE,Named
Clean Energy Industries,HM Treasury,1,Central Government,United Kingdom,,FALSE,Named
Clean Energy Industries,Highland Venture Capital,1,Angel Network,United Kingdom,,FALSE,Named
Clean Energy Industries,Hostplus,1,Asset Management,Australia,,FALSE,Named
Clean Energy Industries,Humber Local Enterprise Partnership,1,Government,United Kingdom,,FALSE,Named
Clean Energy Industries,ING Bank,1,Bank,Netherlands,,FALSE,Named
Clean Energy Industries,ITOCHU Corporation,1,Corporate,Japan,,FALSE,Named
Clean Energy Industries,Indigo 7 Ventures (i7v),1,Private Equity and Venture Capital,United Kingdom,,FALSE,Named
Clean Energy Industries,Inflexion Private Equity,1,Private Equity and Venture Capital,United Kingdom,,FALSE,Named
Clean Energy Industries,Ingenious Ventures,1,Private Equity and Venture Capital,United Kingdom,,FALSE,Named
Clean Energy Industries,Ingevity,1,Corporate,United States,,FALSE,Named
Clean Energy Industries,Ingka Group,1,Corporate,Netherlands,,FALSE,Named
Clean Energy Industries,Innovation SuperNetwork,1,Accelerator,United Kingdom,,FALSE,Named
Clean Energy Industries,Inven Capital,1,Private Equity and Venture Capital,Czech Republic,,FALSE,Named
Clean Energy Industries,Investec Bank,1,Bank,United Kingdom,,FALSE,Named
Clean Energy Industries,JPMorgan Chase & Co,1,Asset Management,United States,,FALSE,Named
Clean Energy Industries,Japan Energy Fund,1,Private Equity and Venture Capital,Japan,,FALSE,Named
Clean Energy Industries,Jera,1,Corporate,Japan,,FALSE,Named
Clean Energy Industries,KKR,1,Private Equity and Venture Capital,United States,,FALSE,Named
Clean Energy Industries,Kanadevia Inova Capital,1,Private Equity and Venture Capital,United Kingdom,,FALSE,Named
Clean Energy Industries,Kero Limited,1,Private Equity and Venture Capital,United Kingdom,,FALSE,Named
Clean Energy Industries,Key Capital Partners,1,Private Equity and Venture Capital,United Kingdom,,FALSE,Named
Clean Energy Industries,KfW IPEX,1,European,Germany,,FALSE,Named
Clean Energy Industries,Kibo Invest,1,Family Office,Singapore,,FALSE,Named
Clean Energy Industries,Kiwoom,1,Merchant Bank,"Korea, Republic Of (South Korea)",,FALSE,Named
Clean Energy Industries,Kommunal Credit,1,Bank,Austria,,FALSE,Named
Clean Energy Industries,Lansdowne Partners,1,Asset Management,United Kingdom,,FALSE,Named
Clean Energy Industries,Lehman Brothers European Venture Capital Group,1,Private Equity and Venture Capital,United Kingdom,,FALSE,Named
Clean Energy Industries,Lendahand Ethex,1,Crowd funding,United Kingdom,,FALSE,Named
Clean Energy Industries,Levy-Weiss,1,Business Angel(s),Israel,,FALSE,Named
Clean Energy Industries,Lightrock,1,Private Equity and Venture Capital,United Kingdom,,FALSE,Named
Clean Energy Industries,Lingotto,1,Asset Management,Netherlands,,FALSE,Named
Clean Energy Industries,Link Group,1,Corporate,Australia,,FALSE,Named
Clean Energy Industries,Literacy Capital,1,Private Investment Vehicle,United Kingdom,,FALSE,Named
Clean Energy Industries,Longwall Venture Partners,1,Private Equity and Venture Capital,United Kingdom,,FALSE,Named
Clean Energy Industries,M&G ­Investments,1,,,,,Named
Clean Energy Industries,MTI Capital Partners,1,University,United Kingdom,,FALSE,Named
Clean Energy Industries,MUFG Innovation Partners,1,Corporate,Japan,,FALSE,Named
Clean Energy Industries,Megger Group,1,Corporate,United Kingdom,,FALSE,Named
Clean Energy Industries,Merseyside Special Investment Fund (MSIF),1,Private Equity and Venture Capital,United Kingdom,,FALSE,Named
Clean Energy Industries,Metaplanet,1,Corporate,Estonia,,FALSE,Named
Clean Energy Industries,Meyer Burger,1,Corporate,Switzerland,,FALSE,Named
Clean Energy Industries,Midmar Capital,1,Private Equity and Venture Capital,United Kingdom,,FALSE,Named
Clean Energy Industries,Mitsubishi HC Capital UK PLC,1,Corporate,Japan,,FALSE,Named
Clean Energy Industries,Mitsui & Co. Global Investment Ltd (MGI),1,Corporate,Japan,,FALSE,Named
Clean Energy Industries,Mobeus,1,Private Equity and Venture Capital,United Kingdom,,TRUE,Named
Clean Energy Industries,Monashees,1,Private Equity and Venture Capital,Brazil,,FALSE,Named
Clean Energy Industries,Moreira Salles,1,Family Office,Brazil,,FALSE,Named
Clean Energy Industries,Morgan Stanley,1,Merchant Bank,United States,,FALSE,Named
Clean Energy Industries,Mosaic Ventures,1,Private Equity and Venture Capital,United Kingdom,,FALSE,Named
Clean Energy Industries,Mott Macdonald,1,Corporate,United Kingdom,,FALSE,Named
Clean Energy Industries,Mustard Seed + Partners,1,Private Equity and Venture Capital,United Kingdom,,FALSE,Named
Clean Energy Industries,NIBC Bank,1,Bank,Netherlands,,FALSE,Bank/Loan
Clean Energy Industries,NVM Private Equity,1,Private Equity and Venture Capital,United Kingdom,,TRUE,Named
Clean Energy Industries,Nesta,1,Charity/Not-for-profit company,United Kingdom,,FALSE,Named
Clean Energy Industries,NorthInvest,1,Angel Network,United Kingdom,,FALSE,Named
Clean Energy Industries,Northstar Ventures,1,Private Equity and Venture Capital,United Kingdom,,FALSE,Named
Clean Energy Industries,Notion Capital Partners LLP,1,Private Equity and Venture Capital,United Kingdom,,FALSE,Named
Clean Energy Industries,Novax,1,Corporate,Sweden,,FALSE,Named
Clean Energy Industries,Novuna,1,Corporate,United Kingdom,,FALSE,Named
Clean Energy Industries,OPG Ventures,1,Corporate,Isle Of Man,,FALSE,Named
Clean Energy Industries,OVO Energy,1,Corporate,United Kingdom,,FALSE,Named
Clean Energy Industries,OakNorth,1,Bank,United Kingdom,,FALSE,Bank/Loan
Clean Energy Industries,Offshore Wind Manufacturing Investment Scheme,1,Central Government,United Kingdom,,FALSE,Named
Clean Energy Industries,Oil & Gas Technology Centre,1,Charity/Not-for-profit company,United Kingdom,,FALSE,Named
Clean Energy Industries,Origin Capital Ltd,1,Private Equity and Venture Capital,United Kingdom,,FALSE,Named
Clean Energy Industries,Osaka Gas,1,Corporate,Japan,,FALSE,Named
Clean Energy Industries,Oxford Capital Partners,1,Private Equity and Venture Capital,United Kingdom,,FALSE,Named
Clean Energy Industries,Oxford Endowment Fund,1,Asset Management,United Kingdom,,FALSE,Named
Clean Energy Industries,Oxford Innovation Finance,1,Angel Network,United Kingdom,,FALSE,Named
Clean Energy Industries,Oxford Instruments,1,Corporate,United Kingdom,,FALSE,Named
Clean Energy Industries,PATRIZIA,1,Asset Management,Germany,,FALSE,Named
Clean Energy Industries,Partnerships UK,1,Government,United Kingdom,,FALSE,Named
Clean Energy Industries,Pavilion Capital,1,Private Equity and Venture Capital,United States,,FALSE,Named
Clean Energy Industries,Penta Capital,1,Private Equity and Venture Capital,United Kingdom,,FALSE,Named
Clean Energy Industries,Perivoli Trust,1,Charity/Not-for-profit company,United Kingdom,,FALSE,Named
Clean Energy Industries,Perscitus Advisers,1,Private Equity and Venture Capital,United Kingdom,,FALSE,Named
Clean Energy Industries,Phoenix Court Group,1,Private Equity and Venture Capital,United Kingdom,,FALSE,Named
Clean Energy Industries,Place for People,1,Corporate,United Kingdom,,FALSE,Named
Clean Energy Industries,Pontifax,1,Private Equity and Venture Capital,Israel,,FALSE,Named
Clean Energy Industries,Proserv,1,Corporate,United Kingdom,,FALSE,Named
Clean Energy Industries,Quester Venture Partnership,1,Private Equity and Venture Capital,United Kingdom,,FALSE,Named
Clean Energy Industries,RAB Capital,1,Asset Management,United Kingdom,,FALSE,Named
Clean Energy Industries,SFC Capital,1,Private Equity and Venture Capital,United Kingdom,,FALSE,Named
Clean Energy Industries,SJL Partners,1,Private Equity and Venture Capital,"Korea, Republic Of (South Korea)",,FALSE,Named
Clean Energy Industries,SKC Co,1,Corporate,"Korea, Republic Of (South Korea)",,FALSE,Named
Clean Energy Industries,SLB Ventures,1,Corporate,United States,,FALSE,Named
Clean Energy Industries,SSE Ventures,1,Corporate,United Kingdom,,FALSE,Named
Clean Energy Industries,Sabadell Capital,1,Corporate,Spain,,FALSE,Named
Clean Energy Industries,Sabanci,1,Private Equity and Venture Capital,Turkey,,FALSE,Named
Clean Energy Industries,Saker Capital,1,Private Equity and Venture Capital,United Arab Emirates,,FALSE,Named
Clean Energy Industries,Saudi Aramco,1,Corporate,Saudi Arabia,,FALSE,Named
Clean Energy Industries,Schneider,1,Corporate,France,,FALSE,Named
Clean Energy Industries,Schroders,1,Asset Management,United Kingdom,,FALSE,Named
Clean Energy Industries,Scottish EDGE,1,Charity/Not-for-profit company,United Kingdom,,FALSE,Named
Clean Energy Industries,Scottish Government,1,Devolved Government,United Kingdom,,FALSE,Bank/Loan
Clean Energy Industries,SeAH Wind,1,Corporate,"Korea, Republic Of (South Korea)",,FALSE,Named
Clean Energy Industries,Searchlight Capital Partners,1,Private Equity and Venture Capital,United States,,FALSE,Named
Clean Energy Industries,Shawbrook Bank,1,Bank,United Kingdom,,TRUE,Named
Clean Energy Industries,Shinhan Investment Private Equity,1,Private Equity and Venture Capital,"Korea, Republic Of (South Korea)",,FALSE,Named
Clean Energy Industries,Siemens,1,Corporate,Germany,,FALSE,Named
Clean Energy Industries,Silicon Valley Bank,1,Bank,United States,,FALSE,Named
Clean Energy Industries,Singapore Power,1,Corporate,Singapore,,FALSE,Named
Clean Energy Industries,Skyviews Life Science,1,Private Equity and Venture Capital,Switzerland,,FALSE,Named
Clean Energy Industries,Snam,1,State-owned enterprise (SOE) / Corporate strategic investor,Italy,,FALSE,Named
Clean Energy Industries,Standard Chartered,1,Bank,United Kingdom,,FALSE,Named
Clean Energy Industries,Stolt-Nielsen,1,Corporate,United Kingdom,,FALSE,Named
Clean Energy Industries,Sucden Ventures,1,Corporate,France,,FALSE,Named
Clean Energy Industries,Sumitomo Corporation,1,Corporate,Japan,,FALSE,Named
Clean Energy Industries,Susquehanna International Group (SIG),1,Private Equity and Venture Capital,United States,,FALSE,Named
Clean Energy Industries,Sustainable Development Capital LLP (SDCL),1,Asset Management,United Kingdom,,FALSE,Named
Clean Energy Industries,TEPCO,1,State-owned enterprise (SOE) / Corporate strategic investor,Japan,,FALSE,Named
Clean Energy Industries,TPG,1,Private Equity and Venture Capital,United States,,FALSE,Named
Clean Energy Industries,TRINE,1,Crowd funding,Sweden,,FALSE,Named
Clean Energy Industries,Tekfen Ventures,1,Corporate,United States,,FALSE,Named
Clean Energy Industries,Temasek Holdings,1,Sovereign Wealth Fund,Singapore,SW Fund,FALSE,Named
Clean Energy Industries,Tencent,1,Corporate,China,,FALSE,Named
Clean Energy Industries,ThinCats,1,Specialist Lender,United Kingdom,,TRUE,Named
Clean Energy Industries,Tiger Infrastructure Partners,1,Asset Management / Private Equity,United States,,FALSE,Named
Clean Energy Industries,Toshiba,1,Commercialisation Company,Japan,,FALSE,Named
Clean Energy Industries,Tracsis,1,Corporate,United Kingdom,,FALSE,Named
Clean Energy Industries,Tudor Group,1,Asset Management,United States,,FALSE,Named
Clean Energy Industries,UK Steel Enterprise (UKSE),1,Corporate,United Kingdom,,FALSE,Named
Clean Energy Industries,University of Edinburgh,1,University,United Kingdom,,FALSE,Named
Clean Energy Industries,University of Oxford,1,University,United Kingdom,,FALSE,Named
Clean Energy Industries,University of Strathclyde,1,University,United Kingdom,,FALSE,Named
Clean Energy Industries,University of Warwick Science Park,1,University,United Kingdom,,FALSE,Named
Clean Energy Industries,Various,1,Business Angel(s),,,FALSE,Named
Clean Energy Industries,VentureFounders,1,Private Equity and Venture Capital,United Kingdom,,FALSE,Named
Clean Energy Industries,Virgin Money UK,1,Bank,United Kingdom,,FALSE,Named
Clean Energy Industries,WACKER Chemie AG,1,Corporate,Germany,,FALSE,Named
Clean Energy Industries,Wealth Club,1,Angel Network,United Kingdom,,FALSE,Named
Clean Energy Industries,WestBridge Capital,1,Private Equity and Venture Capital,United Kingdom,,FALSE,Named
Clean Energy Industries,Whitehelm Capital,1,Asset Management,Australia,,FALSE,Named
Clean Energy Industries,Woodford Investment Management,1,Private Equity and Venture Capital,United Kingdom,,FALSE,Named
Clean Energy Industries,World Gold Council,1,Corporate,United Kingdom,,FALSE,Named
Clean Energy Industries,Wroxhall,1,Private Investment Vehicle,United Kingdom,,FALSE,Named
Clean Energy Industries,nVent,1,Corporate,United States,,FALSE,Named
Construction,Business Angel(s),23,Business Angel(s),,,FALSE,Named
Construction,HSBC,21,Bank,United Kingdom,,TRUE,Bank/Loan
Construction,Lloyds Banking Group,19,Private Equity and Venture Capital,United Kingdom,,FALSE,Bank/Loan
Construction,British Business Bank,17,Central Government,United Kingdom,,FALSE,Government
Construction,BGF (formerly Business Growth Fund),11,Private Equity and Venture Capital,United Kingdom,,FALSE,Named
Construction,Barclays,9,Bank,United Kingdom,,TRUE,Named
Construction,NatWest Group,9,Bank,United Kingdom,,TRUE,Named
Construction,FW Capital,8,Private Equity and Venture Capital,United Kingdom,,TRUE,Named
Construction,Mercia Asset Management,8,Asset Management / Private Equity,United Kingdom,,TRUE,Named
Construction,Santander,8,Bank,Spain,,TRUE,Named
Construction,OakNorth,7,Bank,United Kingdom,,FALSE,Bank/Loan
Construction,Republic,5,Crowd funding,United States,,FALSE,Named
Construction,Asset and Equipment Finance,4,Bank,United Kingdom,,FALSE,Named
Construction,Development Bank of Wales,4,Devolved Government,United Kingdom,,FALSE,Named
Construction,Phoenix Court Group,4,Private Equity and Venture Capital,United Kingdom,,FALSE,Named
Construction,Scottish Enterprise,4,Devolved Government,United Kingdom,,FALSE,Named
Construction,ThinCats,4,Specialist Lender,United Kingdom,,TRUE,Named
Construction,Virgin Money UK,4,Bank,United Kingdom,,FALSE,Named
Construction,FSE Group,3,Private Equity and Venture Capital,United Kingdom,,TRUE,Named
Construction,Foresight Group,3,Asset Management / Private Equity,United Kingdom,,TRUE,Named
Construction,Key Capital Partners,3,Private Equity and Venture Capital,United Kingdom,,FALSE,Named
Construction,Maven Ventures,3,Private Equity and Venture Capital,United Kingdom,,FALSE,Named
Construction,Mobeus,3,Private Equity and Venture Capital,United Kingdom,,TRUE,Named
Construction,Pi Labs,3,Accelerator,United Kingdom,,FALSE,Named
Construction,Seedcamp,3,Private Equity and Venture Capital,United Kingdom,,TRUE,Named
Construction,Tata Steel,3,Corporate,India,,FALSE,Named
Construction,Various,3,Business Angel(s),,,FALSE,Named
Construction,Brookfield,2,Asset Management / Private Equity,Canada,,FALSE,Named
Construction,Capital for Colleagues,2,Private Equity and Venture Capital,United Kingdom,,FALSE,Named
Construction,Caple,2,Specialist Lender,United Kingdom,,FALSE,Named
Construction,Centrica Energy,2,Corporate,United Kingdom,,FALSE,Named
Construction,Crowdcube,2,Crowd funding,United Kingdom,,FALSE,Crowdfunding
Construction,Finance Yorkshire,2,Private Equity and Venture Capital,United Kingdom,,FALSE,Named
Construction,Finch Capital,2,Private Equity and Venture Capital,Netherlands,,FALSE,Named
Construction,Future Planet Capital,2,Private Equity and Venture Capital,United Kingdom,,FALSE,Named
Construction,Grosvenor Hill Ventures,2,Private Equity and Venture Capital,United Kingdom,,FALSE,Named
Construction,Highland Europe,2,Private Equity and Venture Capital,United Kingdom,,FALSE,Named
Construction,IP Group,2,Commercialisation Company,United Kingdom,,FALSE,Named
Construction,ITV,2,Corporate,United Kingdom,,FALSE,Named
Construction,Innovate UK (IUK),2,Central Government,United Kingdom,,FALSE,Named
Construction,JLL Technologies,2,Corporate,United States,,FALSE,Named
Construction,Legal & General,2,Corporate,United Kingdom,UK pension funds,FALSE,Named
Construction,Midven,2,Private Equity and Venture Capital,United Kingdom,,FALSE,Named
Construction,NEL Fund Managers,2,Private Equity and Venture Capital,United Kingdom,,TRUE,Named
Construction,Nesta,2,Charity/Not-for-profit company,United Kingdom,,FALSE,Named
Construction,Notion Capital Partners LLP,2,Private Equity and Venture Capital,United Kingdom,,FALSE,Named
Construction,Octopus Group,2,Asset Management / Private Equity,United Kingdom,,FALSE,Named
Construction,Rocket Internet,2,Corporate,Germany,,FALSE,Named
Construction,Shawbrook Bank,2,Bank,United Kingdom,,TRUE,Named
Construction,Starwood Capital Group,2,Asset Management / Private Equity,United States,,FALSE,Named
Construction,Whiterock Finance,2,Specialist Lender,United Kingdom,,TRUE,Named
Construction,noa,2,Private Equity and Venture Capital,United Kingdom,,FALSE,Named
Construction,1/0 Capital,1,Private Equity and Venture Capital,United States,,FALSE,Named
Construction,2150 VC,1,Private Equity and Venture Capital,United Kingdom,,FALSE,Named
Construction,500 Global,1,Private Equity and Venture Capital,United States,,FALSE,Named
Construction,ABC Impact,1,Private Equity and Venture Capital,Singapore,,FALSE,Named
Construction,ABN AMRO,1,Bank,Netherlands,,FALSE,Named
Construction,AENU,1,Private Equity and Venture Capital,Germany,,FALSE,Named
Construction,AIB,1,Bank,Ireland,,FALSE,Named
Construction,AV8 Ventures,1,Private Equity and Venture Capital,United States,,FALSE,Named
Construction,Activum SG Capital Management,1,Private Equity and Venture Capital,Jersey,,FALSE,Named
Construction,Adara Ventures,1,Private Equity and Venture Capital,Luxembourg,,FALSE,Named
Construction,Adjuvo,1,Angel Network,United Kingdom,,FALSE,Named
Construction,Amadeus Capital Partners,1,Private Equity and Venture Capital,United Kingdom,,FALSE,Named
Construction,Angels in the City,1,Angel Network,United Kingdom,,FALSE,Named
Construction,Anthemis Group,1,Private Equity and Venture Capital,United Kingdom,,FALSE,Named
Construction,Archangels,1,Angel Network,United Kingdom,,TRUE,Named
Construction,Ares Management,1,Asset Management,United States,,FALSE,Named
Construction,Ask Partners,1,Property Lender,United Kingdom,,FALSE,Named
Construction,Asset finance,1,Bank,United Kingdom,,FALSE,Named
Construction,Aster Capital,1,Corporate,France,,FALSE,Named
Construction,Aston University,1,University,United Kingdom,,FALSE,Named
Construction,BMS Finance,1,Specialist Lender,United Kingdom,,FALSE,Named
Construction,BP,1,Corporate,United Kingdom,,FALSE,Named
Construction,Bank of Scotland,1,Bank,United Kingdom,,TRUE,Bank/Loan
Construction,Birchal,1,Crowd funding,Australia,,FALSE,Named
Construction,BnkToTheFuture,1,Crowd funding,Cayman Islands,,FALSE,Named
Construction,Boundary Capital,1,Private Equity and Venture Capital,United Kingdom,,FALSE,Named
Construction,Breega Capital,1,Private Equity and Venture Capital,France,,FALSE,Named
Construction,Bridgehill Partners,1,Private Equity and Venture Capital,United Kingdom,,FALSE,Named
Construction,Bristol Private Equity Club,1,Angel Network,United Kingdom,,FALSE,Named
Construction,CIBC (Canadian Imperial Bank of Commerce),1,Bank,Canada,,FALSE,Bank/Loan
Construction,CapHorn Invest,1,Private Equity and Venture Capital,France,,FALSE,Named
Construction,Channel 4,1,State-owned enterprise (SOE) / Corporate strategic investor,United Kingdom,,FALSE,Named
Construction,Charlotte Street Capital,1,Private Equity and Venture Capital,United Kingdom,,FALSE,Named
Construction,Chevron Technology Ventures,1,Corporate,United States,,FALSE,Named
Construction,Chicago Booth Angels,1,Angel Network,United States,,FALSE,Named
Construction,Chief Financial Capital,1,Private Investment Vehicle,United States,,FALSE,Named
Construction,Clean Growth Investment Management,1,Private Equity and Venture Capital,United Kingdom,,FALSE,Named
Construction,ClearlySo,1,Merchant Bank,United Kingdom,,FALSE,Named
Construction,Columbia Lake Partners,1,Specialist Lender,United Kingdom,,TRUE,Named
Construction,Culture Recovery Fund,1,Charity/Not-for-profit company,United Kingdom,,FALSE,Named
Construction,Curious Capital,1,Private Equity and Venture Capital,United States,,FALSE,Named
Construction,Custom Build Fund,1,Central Government,United Kingdom,,FALSE,Named
Construction,DAG Ventures,1,Private Equity and Venture Capital,United States,,FALSE,Named
Construction,DMGT,1,Corporate,United Kingdom,,FALSE,Named
Construction,DN Capital,1,Private Equity and Venture Capital,United Kingdom,,FALSE,Named
Construction,Dale Ventures,1,Private Equity and Venture Capital,United Arab Emirates,,FALSE,Named
Construction,Deepbridge Capital,1,Private Equity and Venture Capital,United Kingdom,,FALSE,Named
Construction,Downing,1,Private Equity and Venture Capital,United Kingdom,,FALSE,Named
Construction,EDP Ventures,1,Corporate,Portugal,,FALSE,Named
Construction,EMV Capital PLC,1,Private Equity and Venture Capital,United Kingdom,,FALSE,Named
Construction,EQT Group,1,Private Equity and Venture Capital,Sweden,,FALSE,Named
Construction,EcoMachines Ventures,1,Private Equity and Venture Capital,United Kingdom,,FALSE,Named
Construction,Eden Ventures,1,Private Equity and Venture Capital,United Kingdom,,FALSE,Named
Construction,Edinv,1,Family Office,United Kingdom,,FALSE,Named
Construction,Edition Capital,1,Private Equity and Venture Capital,United Kingdom,,FALSE,Named
Construction,Edmond de Rothschild Investment Partners,1,Private Equity and Venture Capital,France,,FALSE,Bank/Loan
Construction,Eight Peaks Group,1,Asset Management,United Kingdom,,FALSE,Named
Construction,Elysian Capital,1,Private Equity and Venture Capital,United Kingdom,,FALSE,Named
Construction,Energy Impact Partners LP,1,Private Equity and Venture Capital,United States,,FALSE,Named
Construction,Enterprise Ventures Ltd,1,Private Equity and Venture Capital,United Kingdom,,FALSE,Named
Construction,Entrepreneurs First,1,Accelerator,United Kingdom,,FALSE,Named
Construction,Episode 1,1,Private Equity and Venture Capital,United Kingdom,,FALSE,Named
Construction,European Investment Bank (EIB),1,Bank,Luxembourg,,FALSE,Bank/Loan
Construction,FJ Labs,1,Private Equity and Venture Capital,United States,,FALSE,Named
Construction,Felix Capital,1,Private Equity and Venture Capital,United Kingdom,,FALSE,Named
Construction,FinTech Collective,1,Private Equity and Venture Capital,United States,,FALSE,Named
Construction,Firestartr,1,Angel Network,United Kingdom,,FALSE,Named
Construction,Flashpoint Venture Capital,1,Private Equity and Venture Capital,United Kingdom,,FALSE,Named
Construction,Flow Capital,1,Private Equity and Venture Capital,Canada,,FALSE,Named
Construction,Flywheel Partners,1,Private Equity and Venture Capital,United Kingdom,,FALSE,Named
Construction,Foundamental,1,Private Equity and Venture Capital,Germany,,FALSE,Named
Construction,Founder Collective,1,Private Equity and Venture Capital,United States,,FALSE,Named
Construction,FrestonVentures,1,Family Office,United Kingdom,,FALSE,Named
Construction,Frontier Development Capital,1,Private Equity and Venture Capital,United Kingdom,,TRUE,Named
Construction,Frontline Ventures,1,Private Equity and Venture Capital,Ireland,,FALSE,Named
Construction,GC Business Finance,1,Government,United Kingdom,,TRUE,Named
Construction,GIA Surveyors,1,Corporate,United Kingdom,,FALSE,Named
Construction,Getting Building Fund,1,Central Government,United Kingdom,,FALSE,Named
Construction,Glenrinnes Farms,1,Corporate,United Kingdom,,FALSE,Named
Construction,Goldacre,1,,,,,Named
Construction,Google,1,Corporate,United States,,FALSE,Named
Construction,Groupe Atlantic,1,Private Equity and Venture Capital,France,,FALSE,Named
Construction,Growth Capital Partners,1,Private Equity and Venture Capital,United Kingdom,,TRUE,Named
Construction,Growth Lending Group,1,Specialist Lender,United Kingdom,,FALSE,Bank/Loan
Construction,Growth Partner,1,Family Office,United Kingdom,,FALSE,Named
Construction,HV Capital,1,Private Equity and Venture Capital,Germany,,FALSE,Named
Construction,Henley,1,Asset Management,United Kingdom,,FALSE,Named
Construction,Homes England,1,Central Government,United Kingdom,,FALSE,Named
Construction,Housing Growth Partnership,1,Property Lender,United Kingdom,,FALSE,Named
Construction,Hoxton Ventures,1,Private Equity and Venture Capital,United Kingdom,,TRUE,Named
Construction,ICG-Longbow,1,Property Lender,Guernsey,,FALSE,Named
Construction,IW Capital,1,Private Equity and Venture Capital,United Kingdom,,FALSE,Named
Construction,Inven Capital,1,Private Equity and Venture Capital,Czech Republic,,FALSE,Named
Construction,Investec Bank,1,Bank,United Kingdom,,FALSE,Named
Construction,Investment Fund for Northern Ireland (IFNI) - Debt,1,Private Equity and Venture Capital,United Kingdom,,FALSE,Named
Construction,J Coffey Construction,1,Corporate,United Kingdom,,FALSE,Named
Construction,Jafco Ventures,1,Private Equity and Venture Capital,United States,,FALSE,Named
Construction,Kartesia,1,Asset Management,United Kingdom,,FALSE,Named
Construction,LSL Property Services,1,Corporate,United Kingdom,,FALSE,Named
Construction,LaSalle,1,Property Lender,United States,,FALSE,Named
Construction,Latitude Investment Management,1,Asset Management,United Kingdom,,FALSE,Named
Construction,Literacy Capital,1,Private Investment Vehicle,United Kingdom,,FALSE,Named
Construction,Livingbridge EP,1,Private Equity and Venture Capital,United Kingdom,,FALSE,Named
Construction,Love Ventures,1,Private Equity and Venture Capital,United Kingdom,,FALSE,Named
Construction,MW&L Capital Partners,1,Private Investment Vehicle,United Kingdom,,FALSE,Named
Construction,Macquarie Group,1,Merchant Bank,Australia,,FALSE,Named
Construction,Mansefield Investments,1,Family Office,United Kingdom,,FALSE,Named
Construction,MassMutual Ventures,1,Corporate,United States,,FALSE,Named
Construction,Matrix,1,Private Equity and Venture Capital,United States,,FALSE,Named
Construction,Maven Capital Partners UK LLP,1,Private Equity and Venture Capital,United Kingdom,,FALSE,Named
Construction,Maxfield Capital,1,Private Equity and Venture Capital,Russian Federation,,FALSE,Named
Construction,Mayoral Investment Fund,1,Local and Regional Government,United Kingdom,,FALSE,Named
Construction,Merseyside Special Investment Fund (MSIF),1,Private Equity and Venture Capital,United Kingdom,,FALSE,Named
Construction,Moore Capital Management,1,Asset Management,United States,,FALSE,Named
Construction,Mubadala Investment Company,1,Sovereign Wealth Fund,United Arab Emirates,SW Fund,FALSE,Named
Construction,NVM Private Equity,1,Private Equity and Venture Capital,United Kingdom,,TRUE,Named
Construction,Newcastle City Council,1,Local and Regional Government,United Kingdom,,FALSE,Named
Construction,Next,1,Corporate,United Kingdom,,FALSE,Named
Construction,NordicNinja,1,Private Equity and Venture Capital,Finland,,FALSE,Named
Construction,North East Local Enterprise Partnership,1,Local and Regional Government,United Kingdom,,FALSE,Named
Construction,North East Property Fund,1,Private Equity and Venture Capital,United Kingdom,,FALSE,Named
Construction,Northern & Shell Ventures,1,Corporate,United Kingdom,,FALSE,Named
Construction,Northern Gritstone,1,Private Equity and Venture Capital,United Kingdom,,TRUE,Named
Construction,Oak HC/FT,1,Private Equity and Venture Capital,United States,,FALSE,Named
Construction,Offshore Wind Manufacturing Investment Scheme,1,Central Government,United Kingdom,,FALSE,Named
Construction,Ombu Group,1,Private Equity and Venture Capital,United Kingdom,,FALSE,Named
Construction,Omni Partners,1,Private Equity and Venture Capital,United Kingdom,,FALSE,Named
Construction,Optimas Capital Partners,1,Asset Management,Hong Kong,,FALSE,Named
Construction,Origin Capital Ltd,1,Private Equity and Venture Capital,United Kingdom,,FALSE,Named
Construction,Oxford Capital Partners,1,Private Equity and Venture Capital,United Kingdom,,FALSE,Named
Construction,Oxford Science Enterprises,1,Commercialisation Company,United Kingdom,,FALSE,Named
Construction,Oxx,1,Private Equity and Venture Capital,United Kingdom,,TRUE,Named
Construction,Palatine Private Equity,1,Private Equity and Venture Capital,United Kingdom,,FALSE,Named
Construction,Paragon Development Finance,1,Property Lender,United Kingdom,,FALSE,Named
Construction,Pavilion Capital,1,Private Equity and Venture Capital,United States,,FALSE,Named
Construction,Penta Capital,1,Private Equity and Venture Capital,United Kingdom,,FALSE,Named
Construction,Pentech Ventures,1,Private Equity and Venture Capital,United Kingdom,,FALSE,Named
Construction,Pentland Group,1,Corporate,United Kingdom,,FALSE,Named
Construction,Perivoli Trust,1,Charity/Not-for-profit company,United Kingdom,,FALSE,Named
Construction,Perscitus Advisers,1,Private Equity and Venture Capital,United Kingdom,,FALSE,Named
Construction,Proprium Capital,1,Private Equity and Venture Capital,United States,,FALSE,Named
Construction,RXR Digital Ventures,1,Corporate,United States,,FALSE,Named
Construction,Ramboll,1,Corporate,Denmark,,FALSE,Named
Construction,Reward Finance Group,1,Specialist Lender,United Kingdom,,FALSE,Named
Construction,Ribbit Capital,1,Private Equity and Venture Capital,United States,,FALSE,Named
Construction,Rothschild & Co,1,Merchant Bank,France,,FALSE,Named
Construction,Round Hill Ventures,1,Private Equity and Venture Capital,United Kingdom,,FALSE,Named
Construction,Rutland Partners,1,Private Equity and Venture Capital,United Kingdom,,FALSE,Named
Construction,SPWOne,1,Private Investment Vehicle,United Kingdom,,FALSE,Named
Construction,SSE Ventures,1,Corporate,United Kingdom,,FALSE,Named
Construction,Saudi Aramco,1,Corporate,Saudi Arabia,,FALSE,Named
Construction,Scalar North Capital,1,Family Office,United Kingdom,,FALSE,Named
Construction,SeAH Wind,1,Corporate,"Korea, Republic Of (South Korea)",,FALSE,Named
Construction,Searchlight Capital Partners,1,Private Equity and Venture Capital,United States,,FALSE,Named
Construction,Secure Trust Commercial Finance,1,Bank,United Kingdom,,FALSE,Named
Construction,Silicon Valley Bank,1,Bank,United States,,FALSE,Named
Construction,Soho Square Capital,1,Private Equity and Venture Capital,United Kingdom,,FALSE,Named
Construction,South Yorkshire Investment Fund,1,Private Equity and Venture Capital,United Kingdom,,FALSE,Named
Construction,Spire Ventures,1,Private Equity and Venture Capital,United Kingdom,,FALSE,Named
Construction,Strategic Innovation Fund,1,Central Government,United Kingdom,,FALSE,Named
Construction,Suffolk Ventures,1,Private Equity and Venture Capital,United States,,FALSE,Named
Construction,Surplus,1,Private Equity and Venture Capital,Germany,,FALSE,Named
Construction,Sustainable Development Capital LLP (SDCL),1,Asset Management,United Kingdom,,FALSE,Named
Construction,TPA Capital,1,Private Equity and Venture Capital,United Kingdom,,FALSE,Named
Construction,Talis Capital,1,Private Equity and Venture Capital,United Kingdom,,FALSE,Named
Construction,Target Global,1,Private Equity and Venture Capital,Germany,,FALSE,Named
Construction,Tethys,1,Family Office,United Kingdom,,FALSE,Named
Construction,Tishman Speyer,1,Corporate,United States,,FALSE,Named
Construction,Toscafund Asset Management,1,Specialist Lender,United Kingdom,,FALSE,Named
Construction,Tribe Capital,1,Private Equity and Venture Capital,United States,,FALSE,Named
Construction,Turquoise International,1,Merchant Bank,United Kingdom,,FALSE,Named
Construction,UK Steel Enterprise (UKSE),1,Corporate,United Kingdom,,FALSE,Named
Construction,University of Warwick Science Park,1,University,United Kingdom,,FALSE,Named
Construction,Updata Partners,1,Private Equity and Venture Capital,United States,,FALSE,Named
Construction,VentureFriends,1,Private Equity and Venture Capital,Greece,,FALSE,Named
Construction,Wealth Club,1,Angel Network,United Kingdom,,FALSE,Named
Construction,West Hill Capital,1,Private Equity and Venture Capital,United Kingdom,,FALSE,Named
Construction,Wild Blue Cohort,1,Angel Network,United Kingdom,,FALSE,Named
Construction,Wroxhall,1,Private Investment Vehicle,United Kingdom,,FALSE,Named
Construction,YFM Equity Partners,1,Private Equity and Venture Capital,United Kingdom,,FALSE,Named
Construction,Zoopla Property Group,1,Corporate,United Kingdom,,FALSE,Named
Construction,nVent,1,Corporate,United States,,FALSE,Named
Creative Industries,Business Angel(s),54,Business Angel(s),,,FALSE,Named
Creative Industries,British Business Bank,28,Central Government,United Kingdom,,FALSE,Government
Creative Industries,BGF (formerly Business Growth Fund),22,Private Equity and Venture Capital,United Kingdom,,FALSE,Named
Creative Industries,HSBC,22,Bank,United Kingdom,,TRUE,Bank/Loan
Creative Industries,Lloyds Banking Group,12,Private Equity and Venture Capital,United Kingdom,,FALSE,Bank/Loan
Creative Industries,Crowdcube,11,Crowd funding,United Kingdom,,FALSE,Crowdfunding
Creative Industries,Mercia Asset Management,11,Asset Management / Private Equity,United Kingdom,,TRUE,Named
Creative Industries,Republic,9,Crowd funding,United States,,FALSE,Named
Creative Industries,Barclays,8,Bank,United Kingdom,,TRUE,Named
Creative Industries,FSE Group,7,Private Equity and Venture Capital,United Kingdom,,TRUE,Named
Creative Industries,Virgin Money UK,7,Bank,United Kingdom,,FALSE,Named
Creative Industries,Beringea,6,Private Equity and Venture Capital,United States,,FALSE,Named
Creative Industries,Octopus Group,6,Asset Management / Private Equity,United Kingdom,,FALSE,Named
Creative Industries,Santander,6,Bank,Spain,,TRUE,Named
Creative Industries,Albion Capital Group,5,Private Equity and Venture Capital,United Kingdom,,FALSE,Named
Creative Industries,Highland Europe,5,Private Equity and Venture Capital,United Kingdom,,FALSE,Named
Creative Industries,MMC Ventures,5,Private Equity and Venture Capital,United Kingdom,,TRUE,Named
Creative Industries,Maven Capital Partners UK LLP,5,Private Equity and Venture Capital,United Kingdom,,FALSE,Named
Creative Industries,Mobeus,5,Private Equity and Venture Capital,United Kingdom,,TRUE,Named
Creative Industries,OakNorth,5,Bank,United Kingdom,,FALSE,Bank/Loan
Creative Industries,Venrex Investment Management,5,Private Equity and Venture Capital,United Kingdom,,FALSE,Named
Creative Industries,YFM Equity Partners,5,Private Equity and Venture Capital,United Kingdom,,FALSE,Named
Creative Industries,ACF Investors,4,Private Equity and Venture Capital,United Kingdom,,FALSE,Named
Creative Industries,Active Partners,4,Private Equity and Venture Capital,United Kingdom,,TRUE,Named
Creative Industries,Channel 4,4,State-owned enterprise (SOE) / Corporate strategic investor,United Kingdom,,FALSE,Named
Creative Industries,Creative UK,4,Accelerator,United Kingdom,,FALSE,Bank/Loan
Creative Industries,Edge Investments Limited,4,Private Equity and Venture Capital,United Kingdom,,FALSE,Named
Creative Industries,Felix Capital,4,Private Equity and Venture Capital,United Kingdom,,FALSE,Named
Creative Industries,Force Over Mass Capital,4,Private Equity and Venture Capital,United Kingdom,,FALSE,Named
Creative Industries,Foresight Group,4,Asset Management / Private Equity,United Kingdom,,TRUE,Named
Creative Industries,Future Planet Capital,4,Private Equity and Venture Capital,United Kingdom,,FALSE,Named
Creative Industries,Guinness Ventures,4,Private Equity and Venture Capital,United Kingdom,,FALSE,Named
Creative Industries,Phoenix Court Group,4,Private Equity and Venture Capital,United Kingdom,,FALSE,Named
Creative Industries,Silicon Valley Bank,4,Bank,United States,,FALSE,Bank/Loan
Creative Industries,Tencent,4,Corporate,China,,FALSE,Named
Creative Industries,24Haymarket,3,Angel Network,United Kingdom,,TRUE,Named
Creative Industries,Angels Den,3,Angel Network,United Kingdom,,FALSE,Named
Creative Industries,Ascension,3,Private Equity and Venture Capital,United Kingdom,,FALSE,Named
Creative Industries,FW Capital,3,Private Equity and Venture Capital,United Kingdom,,TRUE,Named
Creative Industries,Fuel Ventures,3,Private Equity and Venture Capital,United Kingdom,,FALSE,Named
Creative Industries,Gresham House,3,Asset Management,United Kingdom,,FALSE,Named
Creative Industries,Index Ventures,3,Private Equity and Venture Capital,United Kingdom,,FALSE,Named
Creative Industries,Key Capital Partners,3,Private Equity and Venture Capital,United Kingdom,,FALSE,Named
Creative Industries,LVMH,3,Corporate,France,,FALSE,Named
Creative Industries,Mercuri VC,3,Private Equity and Venture Capital,United Kingdom,,FALSE,Named
Creative Industries,Molten Ventures,3,Private Equity and Venture Capital,United Kingdom,,FALSE,Named
Creative Industries,Piper Private Equity,3,Private Equity and Venture Capital,United Kingdom,,FALSE,Named
Creative Industries,Playfair Capital,3,Private Equity and Venture Capital,United Kingdom,,FALSE,Named
Creative Industries,SoftBank Group,3,Corporate,Japan,,FALSE,Bank/Loan
Creative Industries,Tata Steel,3,Corporate,India,,FALSE,Named
Creative Industries,UK Export Finance,3,Central Government,United Kingdom,,FALSE,Named
Creative Industries,Wealth Club,3,Angel Network,United Kingdom,,FALSE,Named
Creative Industries,500 Global,2,Private Equity and Venture Capital,United States,,FALSE,Named
Creative Industries,Accel Partners,2,Private Equity and Venture Capital,United States,,FALSE,Named
Creative Industries,Accel-KKR,2,Private Equity and Venture Capital,United States,,FALSE,Named
Creative Industries,Ballpark Ventures,2,Private Investment Vehicle,United Kingdom,,FALSE,Named
Creative Industries,Bertelsmann,2,Corporate,United States,,FALSE,Named
Creative Industries,C4 Ventures,2,Private Equity and Venture Capital,France,,FALSE,Named
Creative Industries,Canaccord Genuity Group,2,Merchant Bank,Canada,,FALSE,Named
Creative Industries,Carmen Busquets,2,Private Investment Vehicle,United Kingdom,,FALSE,Named
Creative Industries,CrowdBnk,2,Crowd funding,United Kingdom,,FALSE,Named
Creative Industries,Culture Recovery Fund,2,Charity/Not-for-profit company,United Kingdom,,FALSE,Named
Creative Industries,DN Capital,2,Private Equity and Venture Capital,United Kingdom,,FALSE,Named
Creative Industries,Deutsche Bank,2,Private Equity and Venture Capital,China,,FALSE,Named
Creative Industries,Development Bank of Wales,2,Devolved Government,United Kingdom,,FALSE,Named
Creative Industries,Eight Roads Ventures,2,Private Equity and Venture Capital,Bermuda,,FALSE,Named
Creative Industries,Entrepreneurs First,2,Accelerator,United Kingdom,,FALSE,Named
Creative Industries,FJ Labs,2,Private Equity and Venture Capital,United States,,FALSE,Named
Creative Industries,Firstminute Capital,2,Private Equity and Venture Capital,United Kingdom,,FALSE,Named
Creative Industries,Frontline Ventures,2,Private Equity and Venture Capital,Ireland,,FALSE,Named
Creative Industries,Greycroft Partners,2,Private Equity and Venture Capital,United States,,FALSE,Named
Creative Industries,Growth Lending Group,2,Specialist Lender,United Kingdom,,FALSE,Bank/Loan
Creative Industries,Horizons Ventures,2,Private Equity and Venture Capital,Hong Kong,,FALSE,Named
Creative Industries,IQ Capital Partners,2,Private Equity and Venture Capital,United Kingdom,,FALSE,Named
Creative Industries,IQT,2,Private Equity and Venture Capital,United States,,FALSE,Named
Creative Industries,ITV,2,Corporate,United Kingdom,,FALSE,Named
Creative Industries,Kin Group,2,Private Investment Vehicle,United Kingdom,,FALSE,Named
Creative Industries,Mangrove Capital Partners,2,Private Equity and Venture Capital,Luxembourg,,FALSE,Named
Creative Industries,Midmar Capital,2,Private Equity and Venture Capital,United Kingdom,,FALSE,Named
Creative Industries,Midven,2,Private Equity and Venture Capital,United Kingdom,,FALSE,Named
Creative Industries,NatWest Group,2,Bank,United Kingdom,,TRUE,Named
Creative Industries,Nesta,2,Charity/Not-for-profit company,United Kingdom,,FALSE,Named
Creative Industries,NetEase (NTES) Capital,2,Corporate,China,,FALSE,Named
Creative Industries,Novator Partners,2,Private Investment Vehicle,Switzerland,,FALSE,Named
Creative Industries,Oxford Capital Partners,2,Private Equity and Venture Capital,United Kingdom,,FALSE,Named
Creative Industries,Partech Partners,2,Private Equity and Venture Capital,France,,FALSE,Named
Creative Industries,Pembroke Investment Managers LLP,2,Private Equity and Venture Capital,United Kingdom,,FALSE,Named
Creative Industries,Puma Investment Management,2,Asset Management,United Kingdom,,FALSE,Named
Creative Industries,ScaleUp Capital,2,Private Equity and Venture Capital,United Kingdom,,FALSE,Named
Creative Industries,Scottish Enterprise,2,Devolved Government,United Kingdom,,FALSE,Named
Creative Industries,Scottish Government,2,Devolved Government,United Kingdom,,FALSE,Bank/Loan
Creative Industries,Seedcamp,2,Private Equity and Venture Capital,United Kingdom,,TRUE,Named
Creative Industries,Smedvig Capital,2,Family Office,United Kingdom,,FALSE,Named
Creative Industries,Susquehanna International Group (SIG),2,Private Equity and Venture Capital,United States,,FALSE,Named
Creative Industries,Techstars,2,Accelerator,United States,,FALSE,Named
Creative Industries,The Riverside Company,2,Private Equity and Venture Capital,United States,,FALSE,Named
Creative Industries,ThinCats,2,Specialist Lender,United Kingdom,,TRUE,Named
Creative Industries,Tiny VC,2,Private Equity and Venture Capital,United Kingdom,,FALSE,Named
Creative Industries,University of Warwick Science Park,2,University,United Kingdom,,FALSE,Named
Creative Industries,Ventech,2,Private Equity and Venture Capital,France,,FALSE,Named
Creative Industries,Vitruvian Partners,2,Private Equity and Venture Capital,United Kingdom,,FALSE,Named
Creative Industries,127 Wall Productions,1,Corporate,Hong Kong,,FALSE,Named
Creative Industries,13books Capital,1,Private Equity and Venture Capital,United Kingdom,,TRUE,Named
Creative Industries,14W,1,Private Equity and Venture Capital,United States,,FALSE,Named
Creative Industries,2050 Capital,1,Private Equity and Venture Capital,United Kingdom,,TRUE,Named
Creative Industries,2be.lu,1,Private Equity and Venture Capital,Luxembourg,,FALSE,Named
Creative Industries,3i,1,Private Equity and Venture Capital,United Kingdom,,FALSE,Named
Creative Industries,7Percent Ventures,1,Private Equity and Venture Capital,United Kingdom,,TRUE,Named
Creative Industries,8 Miles,1,Private Equity and Venture Capital,United Kingdom,,FALSE,Named
Creative Industries,A.P. Moller Holding,1,Corporate,Denmark,,FALSE,Named
Creative Industries,ACG,1,Private Equity and Venture Capital,India,,FALSE,Named
Creative Industries,AIB,1,Bank,Ireland,,FALSE,Named
Creative Industries,AUB Group,1,Corporate,Australia,,FALSE,Named
Creative Industries,AXM Venture Capital Ltd,1,Private Equity and Venture Capital,United Kingdom,,FALSE,Named
Creative Industries,Acton Capital Partners,1,Private Equity and Venture Capital,Germany,,FALSE,Named
Creative Industries,Advancit Capital,1,Private Equity and Venture Capital,United States,,FALSE,Named
Creative Industries,Aeternum Holdings,1,Family Office,Germany,,FALSE,Named
Creative Industries,Ahdritz Holding,1,Private Investment Vehicle,United States,,FALSE,Named
Creative Industries,Aldermore Bank,1,Bank,United Kingdom,,FALSE,Named
Creative Industries,Alignment Growth,1,Private Equity and Venture Capital,United States,,FALSE,Named
Creative Industries,Allied Irish Bank / AIB Group,1,Family Office,United Kingdom,,FALSE,Named
Creative Industries,Alpine Electronics,1,Corporate,United Kingdom,,FALSE,Named
Creative Industries,Alumni Ventures,1,Angel Network,United States,,FALSE,Named
Creative Industries,Amadeus Capital Partners,1,Private Equity and Venture Capital,United Kingdom,,FALSE,Named
Creative Industries,Amcor,1,Corporate,Switzerland,,FALSE,Named
Creative Industries,Andreessen Horowitz,1,Private Equity and Venture Capital,United States,,FALSE,Named
Creative Industries,Angel Capital Group,1,Angel Network,United Kingdom,,FALSE,Named
Creative Industries,Aonic AB,1,Corporate,Sweden,,FALSE,Named
Creative Industries,Aramex,1,Corporate,United Arab Emirates,,FALSE,Named
Creative Industries,Archimedia,1,Private Investment Vehicle,United Kingdom,,FALSE,Named
Creative Industries,Arm,1,Corporate,United Kingdom,,FALSE,Named
Creative Industries,Asia West,1,Private Equity and Venture Capital,United States,,FALSE,Named
Creative Industries,Asset and Equipment Finance,1,Bank,United Kingdom,,FALSE,Named
Creative Industries,Associated Press,1,Corporate,United States,,FALSE,Named
Creative Industries,Aster Capital,1,Corporate,France,,FALSE,Named
Creative Industries,Atlantic Bridge,1,Private Equity and Venture Capital,Ireland,,TRUE,Named
Creative Industries,Avery Dennison,1,Corporate,United States,,FALSE,Named
Creative Industries,Avonmore Developments Ltd,1,Private Equity and Venture Capital,United Kingdom,,FALSE,Named
Creative Industries,BECO Capital,1,Private Equity and Venture Capital,United Arab Emirates,,FALSE,Named
Creative Industries,Backed VC,1,Private Equity and Venture Capital,United Kingdom,,FALSE,Named
Creative Industries,Balderton Capital,1,Private Equity and Venture Capital,United Kingdom,,TRUE,Named
Creative Industries,Beechbrook Capital,1,Specialist Lender,United Kingdom,,TRUE,Named
Creative Industries,Best Nights VC,1,Private Equity and Venture Capital,Germany,,FALSE,Named
Creative Industries,BlackRock,1,Asset Management,United States,,FALSE,Named
Creative Industries,Blisce,1,Private Equity and Venture Capital,France,,FALSE,Named
Creative Industries,Blossom Street Ventures,1,Private Equity and Venture Capital,United States,,FALSE,Named
Creative Industries,Bonnier Ventures,1,Corporate,Sweden,,FALSE,Named
Creative Industries,Brand Capital,1,Corporate,India,,FALSE,Named
Creative Industries,CAA Ventures,1,Private Equity and Venture Capital,United States,,FALSE,Named
Creative Industries,CASSIUS,1,Private Equity and Venture Capital,United States,,FALSE,Named
Creative Industries,CIBC (Canadian Imperial Bank of Commerce),1,Bank,Canada,,FALSE,Bank/Loan
Creative Industries,CMT Group,1,Corporate,United Kingdom,,FALSE,Named
Creative Industries,CTC Venture Capital,1,Private Equity and Venture Capital,United States,,FALSE,Named
Creative Industries,Cabus Ventures,1,Private Equity and Venture Capital,"Virgin Islands, British",,FALSE,Named
Creative Industries,Cambridge Innovation Capital,1,Private Equity and Venture Capital,United Kingdom,,TRUE,Named
Creative Industries,Capital D,1,Private Equity and Venture Capital,United Kingdom,,FALSE,Named
Creative Industries,Celsius Industries,1,Private Equity and Venture Capital,United Kingdom,,FALSE,Named
Creative Industries,Chalfen Ventures,1,Private Equity and Venture Capital,United Kingdom,,FALSE,Named
Creative Industries,Citigroup,1,Bank,United States,,FALSE,Named
Creative Industries,Clark Group,1,Private Investment Vehicle,United Kingdom,,FALSE,Named
Creative Industries,Clean Growth Investment Management,1,Private Equity and Venture Capital,United Kingdom,,FALSE,Named
Creative Industries,Clocktower Ventures,1,Private Equity and Venture Capital,United States,,FALSE,Named
Creative Industries,CoVent Partners,1,Private Equity and Venture Capital,France,,FALSE,Named
Creative Industries,Coatue Management,1,Private Equity and Venture Capital,United States,,FALSE,Named
Creative Industries,Cody Gate Ventures,1,Private Equity and Venture Capital,United Kingdom,,FALSE,Named
Creative Industries,Collinio Capital,1,Private Equity and Venture Capital,Jersey,,FALSE,Named
Creative Industries,Comhar Capital,1,Private Equity and Venture Capital,United Kingdom,,FALSE,Named
Creative Industries,CommerzVentures,1,Private Equity and Venture Capital,Germany,,FALSE,Named
Creative Industries,Committed Capital,1,Private Equity and Venture Capital,United Kingdom,,FALSE,Named
Creative Industries,Companyon Ventures,1,Private Equity and Venture Capital,United States,,FALSE,Named
Creative Industries,Concentric Partners,1,Private Equity and Venture Capital,United Kingdom,,FALSE,Named
Creative Industries,Connect Ventures,1,Private Equity and Venture Capital,United Kingdom,,FALSE,Named
Creative Industries,Connectd,1,Angel Network,United Kingdom,,FALSE,Named
Creative Industries,Corporate & Institutional Banking,1,Bank,United Kingdom,,FALSE,Bank/Loan
Creative Industries,Creative Artists Agency,1,Corporate,United States,,FALSE,Named
Creative Industries,DIG Investments,1,Family Office,United Kingdom,,FALSE,Named
Creative Industries,DMGT,1,Corporate,United Kingdom,,FALSE,Named
Creative Industries,DNB,1,Bank,Norway,,FALSE,Named
Creative Industries,Da Vinci Capital,1,Private Equity and Venture Capital,Russian Federation,,FALSE,Named
Creative Industries,Deepbridge Capital,1,Private Equity and Venture Capital,United Kingdom,,FALSE,Named
Creative Industries,Delin Capital,1,Asset Management / Private Equity,United Kingdom,,FALSE,Named
Creative Industries,Designer Fund,1,Private Equity and Venture Capital,United States,,FALSE,Named
Creative Industries,Digital Currency Group,1,Private Equity and Venture Capital,United States,,FALSE,Named
Creative Industries,Downing,1,Private Equity and Venture Capital,United Kingdom,,FALSE,Named
Creative Industries,Dr. Martens,1,Corporate,United Kingdom,,FALSE,Named
Creative Industries,DuKlaw Ventures,1,Private Equity and Venture Capital,Switzerland,,FALSE,Named
Creative Industries,EDP Ventures,1,Corporate,Portugal,,FALSE,Named
Creative Industries,EKA Ventures,1,Private Equity and Venture Capital,United Kingdom,,TRUE,Named
Creative Industries,ETF Partners,1,Private Equity and Venture Capital,United Kingdom,,TRUE,Named
Creative Industries,Earth Capital,1,Private Equity and Venture Capital,United Kingdom,,FALSE,Named
Creative Industries,Elcot Capital Management,1,Private Equity and Venture Capital,United Kingdom,,FALSE,Named
Creative Industries,ElectriFI initiative,1,European,Belgium,,FALSE,Named
Creative Industries,Elkstone,1,Family Office,Ireland,,FALSE,Named
Creative Industries,Elysian Capital,1,Private Equity and Venture Capital,United Kingdom,,FALSE,Named
Creative Industries,Endeavor Global,1,Private Equity and Venture Capital,United States,,FALSE,Named
Creative Industries,Enterprise Investment Partners,1,Private Equity and Venture Capital,United Kingdom,,FALSE,Named
Creative Industries,Envestors,1,Angel Network,United Kingdom,,FALSE,Named
Creative Industries,Environmental Innovation Fund,1,Private Equity and Venture Capital,United Kingdom,,FALSE,Named
Creative Industries,Epic Games,1,Corporate,United States,,FALSE,Named
Creative Industries,Ericsson,1,Corporate,Sweden,,FALSE,Named
Creative Industries,Erna Low Consultants,1,Corporate,United Kingdom,,FALSE,Named
Creative Industries,Ethereal Ventures,1,Private Equity and Venture Capital,"Virgin Islands, British",,FALSE,Named
Creative Industries,Eurazeo,1,Private Equity and Venture Capital,France,,TRUE,Named
Creative Industries,Evolution Equity Partners,1,Private Equity and Venture Capital,United States,,TRUE,Named
Creative Industries,Exor,1,Family Office,Netherlands,,FALSE,Named
Creative Industries,Experian,1,Corporate,Ireland,,FALSE,Named
Creative Industries,FMZ Ventures,1,Private Investment Vehicle,United States,,FALSE,Named
Creative Industries,FPE Capital,1,Private Equity and Venture Capital,United Kingdom,,TRUE,Named
Creative Industries,FactSet,1,Corporate,United States,,FALSE,Named
Creative Industries,Federated Hermes,1,Asset Management,United States,,TRUE,Named
Creative Industries,Fidelity International,1,Asset Management,United Kingdom,,FALSE,Named
Creative Industries,Finch Capital,1,Private Equity and Venture Capital,Netherlands,,FALSE,Named
Creative Industries,First Enterprise,1,Specialist Lender,United Kingdom,,TRUE,Bank/Loan
Creative Industries,Fortress Investment Group,1,Asset Management / Private Equity,United States,,FALSE,Named
Creative Industries,Forum Foundry,1,Corporate,United States,,FALSE,Named
Creative Industries,Forward Partners,1,Private Equity and Venture Capital,United Kingdom,,FALSE,Named
Creative Industries,Four Seasons Ventures,1,Private Equity and Venture Capital,United Kingdom,,FALSE,Named
Creative Industries,Frog Capital,1,Private Equity and Venture Capital,United Kingdom,,TRUE,Named
Creative Industries,Funding London,1,Local and Regional Government,United Kingdom,,FALSE,Named
Creative Industries,Future Energy Ventures Management,1,Private Equity and Venture Capital,Germany,,FALSE,Named
Creative Industries,Future Shape,1,Private Investment Vehicle,France,,FALSE,Named
Creative Industries,GIA Surveyors,1,Corporate,United Kingdom,,FALSE,Named
Creative Industries,GP Bullhound,1,Merchant Bank,United Kingdom,,FALSE,Named
Creative Industries,GTAM Partners,1,Private Investment Vehicle,United States,,FALSE,Named
Creative Industries,Galaxy Interactive,1,Corporate,United States,,FALSE,Named
Creative Industries,Galvanise,1,Angel Network,United Kingdom,,FALSE,Named
Creative Industries,Gaw Capital,1,Asset Management,Hong Kong,,FALSE,Named
Creative Industries,General Atlantic,1,Private Equity and Venture Capital,United States,,FALSE,Named
Creative Industries,German Media Pool,1,Private Equity and Venture Capital,Germany,,FALSE,Named
Creative Industries,Giano Capital,1,Private Equity and Venture Capital,Italy,,FALSE,Named
Creative Industries,Gorkana Group,1,Corporate,United Kingdom,,FALSE,Named
Creative Industries,Grafton Capital,1,Private Equity and Venture Capital,United Kingdom,,FALSE,Named
Creative Industries,Green Angel Ventures,1,Angel Network,United Kingdom,,TRUE,Named
Creative Industries,Grosvenor Hill Ventures,1,Private Equity and Venture Capital,United Kingdom,,FALSE,Named
Creative Industries,Grosvenor's Tenant Investment Fund,1,Corporate,United Kingdom,,FALSE,Named
Creative Industries,Groupe Arnault,1,Merchant Bank,France,,FALSE,Named
Creative Industries,Growthdeck,1,Crowd funding,United Kingdom,,FALSE,Named
Creative Industries,Gryphion Capital Investments,1,Family Office,Netherlands,,FALSE,Named
Creative Industries,Guan Quan Investments,1,Private Investment Vehicle,China,,FALSE,Named
Creative Industries,GuoGuang Electric Co,1,Corporate,China,,FALSE,Named
Creative Industries,HAVAÍC,1,,,,,Named
Creative Industries,HB Investments,1,Private Investment Vehicle,United Arab Emirates,,FALSE,Named
Creative Industries,HM Treasury,1,Central Government,United Kingdom,,FALSE,Named
Creative Industries,HV Capital,1,Private Equity and Venture Capital,Germany,,FALSE,Named
Creative Industries,Hanaco Ventures,1,Private Equity and Venture Capital,Israel,,FALSE,Named
Creative Industries,Harbert Management Capital,1,Asset Management / Private Equity,United States,,FALSE,Named
Creative Industries,Headline,1,Private Equity and Venture Capital,United States,,FALSE,Named
Creative Industries,Hearst,1,Corporate,United States,,FALSE,Named
Creative Industries,Henley,1,Asset Management,United Kingdom,,FALSE,Named
Creative Industries,Holzbrinck Publishing Group,1,Corporate,Germany,,FALSE,Named
Creative Industries,Horizons Labs,1,Private Equity and Venture Capital,Hong Kong,,FALSE,Named
Creative Industries,IP Group,1,Commercialisation Company,United Kingdom,,FALSE,Named
Creative Industries,Impulse VC,1,Private Equity and Venture Capital,Russian Federation,,FALSE,Named
Creative Industries,InMotion Ventures,1,Corporate,United Kingdom,,FALSE,Named
Creative Industries,Independent Growth Finance (IGF),1,Specialist Lender,United Kingdom,,FALSE,Named
Creative Industries,Infinity Asset Management LLP,1,Asset Management,United Kingdom,,FALSE,Named
Creative Industries,Ingenious Ventures,1,Private Equity and Venture Capital,United Kingdom,,FALSE,Named
Creative Industries,Ingka Group,1,Corporate,Netherlands,,FALSE,Named
Creative Industries,Initial Capital,1,Private Equity and Venture Capital,United Kingdom,,FALSE,Named
Creative Industries,Insight Partners,1,Private Equity and Venture Capital,United States,,FALSE,Named
Creative Industries,Intel,1,Corporate,United States,,FALSE,Named
Creative Industries,Invest NI,1,Devolved Government,United Kingdom,,FALSE,Named
Creative Industries,Investissement Quebec,1,Private Equity and Venture Capital,Canada,,FALSE,Named
Creative Industries,JPMorgan Chase & Co,1,Asset Management,United States,,FALSE,Named
Creative Industries,JamJar Investments,1,Private Investment Vehicle,United Kingdom,,TRUE,Named
Creative Industries,Japan Energy Fund,1,Private Equity and Venture Capital,Japan,,FALSE,Named
Creative Industries,Kartesia,1,Asset Management,United Kingdom,,FALSE,Named
Creative Industries,Kima Ventures,1,Private Investment Vehicle,France,,FALSE,Named
Creative Industries,Kuvari Partners,1,Asset Management,United Kingdom,,FALSE,Named
Creative Industries,LAUNCHub Ventures,1,Accelerator,Bulgaria,,FALSE,Named
Creative Industries,LBA EIS Roundtable Syndicate Fund 2016,1,Angel Network,United Kingdom,,FALSE,Named
Creative Industries,Lancashire County Council,1,Local and Regional Government,United Kingdom,,FALSE,Named
Creative Industries,Lansdowne Partners,1,Asset Management,United Kingdom,,FALSE,Named
Creative Industries,Lendahand Ethex,1,Crowd funding,United Kingdom,,FALSE,Named
Creative Industries,Lerer Hippeau Ventures,1,Private Equity and Venture Capital,United States,,FALSE,Named
Creative Industries,Levine Leichtman Capital Partners,1,Private Equity and Venture Capital,United States,,FALSE,Named
Creative Industries,Liberty Global Ventures,1,Corporate,United Kingdom,,FALSE,Named
Creative Industries,LionTree,1,Asset Management,United States,,FALSE,Named
Creative Industries,Livingbridge EP,1,Private Equity and Venture Capital,United Kingdom,,FALSE,Named
Creative Industries,London Venture Partners,1,Private Equity and Venture Capital,United Kingdom,,FALSE,Named
Creative Industries,Lugard Road Capital,1,Private Equity and Venture Capital,United States,,FALSE,Named
Creative Industries,Lumia Capital,1,Private Equity and Venture Capital,United States,,FALSE,Named
Creative Industries,M&G,1,Asset Management,United Kingdom,UK pension funds,FALSE,Named
Creative Industries,MAHR Projects,1,Private Investment Vehicle,United Kingdom,,FALSE,Named
Creative Industries,MI Investment Holding,1,Private Investment Vehicle,United Kingdom,,FALSE,Named
Creative Industries,MML Capital Partners,1,Private Equity and Venture Capital,United Kingdom,,TRUE,Named
Creative Industries,MNL Nominees,1,Private Investment Vehicle,United Kingdom,,FALSE,Named
Creative Industries,MUSIC,1,Private Equity and Venture Capital,United States,,FALSE,Named
Creative Industries,MVolution Partners,1,Private Equity and Venture Capital,United States,,FALSE,Named
Creative Industries,Marubeni Ventures,1,Corporate,Japan,,FALSE,Named
Creative Industries,Mast-Jägermeister SE,1,,,,,Named
Creative Industries,Material Impact,1,Private Equity and Venture Capital,United States,,FALSE,Named
Creative Industries,Material Ventures,1,Private Equity and Venture Capital,United States,,FALSE,Named
Creative Industries,Maven Ventures,1,Private Equity and Venture Capital,United Kingdom,,FALSE,Named
Creative Industries,Mayhoola for Investments,1,Family Office,Qatar,,FALSE,Named
Creative Industries,Mayoral Investment Fund,1,Local and Regional Government,United Kingdom,,FALSE,Named
Creative Industries,Mercedes-Benz Group,1,Corporate,Germany,,FALSE,Named
Creative Industries,Merseyside Special Investment Fund (MSIF),1,Private Equity and Venture Capital,United Kingdom,,FALSE,Named
Creative Industries,Metrea Discovery,1,Private Equity and Venture Capital,United Kingdom,,FALSE,Named
Creative Industries,Meyer Bergman,1,Private Equity and Venture Capital,United Kingdom,,FALSE,Named
Creative Industries,Middle East Venture Partners (MEVP),1,Private Equity and Venture Capital,United Arab Emirates,,FALSE,Named
Creative Industries,Mirabaud Private Equity,1,Private Equity and Venture Capital,Switzerland,,FALSE,Named
Creative Industries,Mirana Ventures,1,Private Equity and Venture Capital,Singapore,,FALSE,Named
Creative Industries,Mithril,1,Private Equity and Venture Capital,United States,,FALSE,Named
Creative Industries,Mitsui & Co. Global Investment Ltd (MGI),1,Corporate,Japan,,FALSE,Named
Creative Industries,Mott Macdonald,1,Corporate,United Kingdom,,FALSE,Named
Creative Industries,Move Energy,1,Private Equity and Venture Capital,Netherlands,,FALSE,Named
Creative Industries,MultiversX,1,Private Equity and Venture Capital,Malta,,FALSE,Named
Creative Industries,Mustard Seed + Partners,1,Private Equity and Venture Capital,United Kingdom,,FALSE,Named
Creative Industries,NFU Mutual,1,Corporate,United Kingdom,,FALSE,Named
Creative Industries,Nasdaq,1,Corporate,United States,,FALSE,Named
Creative Industries,Natixis,1,Merchant Bank,France,,FALSE,Named
Creative Industries,Nauta Capital,1,Private Equity and Venture Capital,United Kingdom,,TRUE,Named
Creative Industries,Newcastle City Council,1,Local and Regional Government,United Kingdom,,FALSE,Named
Creative Industries,Nexo,1,Corporate,Switzerland,,FALSE,Named
Creative Industries,Next,1,Corporate,United Kingdom,,FALSE,Named
Creative Industries,Next Fifteen,1,Corporate,United Kingdom,,FALSE,Named
Creative Industries,Nordisk Games,1,Corporate,Denmark,,FALSE,Named
Creative Industries,North East Local Enterprise Partnership,1,Local and Regional Government,United Kingdom,,FALSE,Named
Creative Industries,NorthEdge Capital,1,Private Equity and Venture Capital,United Kingdom,,FALSE,Named
Creative Industries,Northern Gritstone,1,Private Equity and Venture Capital,United Kingdom,,TRUE,Named
Creative Industries,Northstar Equity Investors,1,Private Equity and Venture Capital,United Kingdom,,FALSE,Named
Creative Industries,Northstar Ventures,1,Private Equity and Venture Capital,United Kingdom,,FALSE,Named
Creative Industries,Nottinghamshire Council,1,Local and Regional Government,United Kingdom,,FALSE,Named
Creative Industries,Novel TMT Ventures,1,Private Equity and Venture Capital,United States,,FALSE,Named
Creative Industries,OMERS Ventures,1,Private Equity and Venture Capital,Canada,,FALSE,Named
Creative Industries,Oceanwood Capital Management,1,Asset Management,United Kingdom,,FALSE,Named
Creative Industries,Open Ocean Capital,1,Private Equity and Venture Capital,Finland,,FALSE,Named
Creative Industries,Optiver,1,Asset Management,Netherlands,,FALSE,Named
Creative Industries,Origin Capital Ltd,1,Private Equity and Venture Capital,United Kingdom,,FALSE,Named
Creative Industries,Outsized Ventures,1,Private Equity and Venture Capital,United Kingdom,,FALSE,Named
Creative Industries,Oxford Innovation Finance,1,Angel Network,United Kingdom,,FALSE,Named
Creative Industries,Oxx,1,Private Equity and Venture Capital,United Kingdom,,TRUE,Named
Creative Industries,Oyster Capital,1,Private Equity and Venture Capital,Ireland,,FALSE,Named
Creative Industries,PATRIZIA,1,Asset Management,Germany,,FALSE,Named
Creative Industries,PNC Financial Services,1,Specialist Lender,United Kingdom,,FALSE,Named
Creative Industries,Palatine Private Equity,1,Private Equity and Venture Capital,United Kingdom,,FALSE,Named
Creative Industries,Parkway Venture Capital,1,Private Equity and Venture Capital,United States,,FALSE,Named
Creative Industries,Passion Capital,1,Private Equity and Venture Capital,United Kingdom,,TRUE,Named
Creative Industries,Pemberton Asset Management,1,Private Equity and Venture Capital,United Kingdom,,FALSE,Named
Creative Industries,Pentech Ventures,1,Private Equity and Venture Capital,United Kingdom,,FALSE,Named
Creative Industries,Perivoli Trust,1,Charity/Not-for-profit company,United Kingdom,,FALSE,Named
Creative Industries,Permira,1,Private Equity and Venture Capital,United Kingdom,,FALSE,Named
Creative Industries,Perscitus Advisers,1,Private Equity and Venture Capital,United Kingdom,,FALSE,Named
Creative Industries,Phoenix Equity Partners,1,Private Equity and Venture Capital,United Kingdom,,FALSE,Named
Creative Industries,Point72,1,Asset Management,United States,,FALSE,Named
Creative Industries,Port Growth Partners,1,Private Investment Vehicle,United Kingdom,,FALSE,Named
Creative Industries,Porton Capital,1,Private Equity and Venture Capital,United Kingdom,,FALSE,Named
Creative Industries,Praetura Group,1,Private Equity and Venture Capital,United Kingdom,,FALSE,Named
Creative Industries,Prelude Trust plc,1,Private Equity and Venture Capital,United Kingdom,,FALSE,Named
Creative Industries,Prime Ventures,1,Private Equity and Venture Capital,Netherlands,,TRUE,Named
Creative Industries,Prosperity7 Ventures,1,Private Equity and Venture Capital,United States,,FALSE,Named
Creative Industries,QinetiQ plc,1,Corporate,United Kingdom,,FALSE,Named
Creative Industries,Rainfall Ventures,1,Private Equity and Venture Capital,United States,,FALSE,Named
Creative Industries,Ramboll,1,Corporate,Denmark,,FALSE,Named
Creative Industries,RedBird Capital Partners,1,Private Equity and Venture Capital,United States,,FALSE,Named
Creative Industries,Redline Capital Management,1,Private Equity and Venture Capital,United Kingdom,,FALSE,Named
Creative Industries,Redrice Ventures,1,Private Equity and Venture Capital,United Kingdom,,FALSE,Named
Creative Industries,Reed Elsevier Ventures,1,Corporate,United Kingdom,,FALSE,Named
Creative Industries,Revolt Ventures,1,Private Equity and Venture Capital,United Kingdom,,FALSE,Named
Creative Industries,Road King,1,Corporate,Hong Kong,,FALSE,Named
Creative Industries,Rockpool Investments,1,Private Equity and Venture Capital,United Kingdom,,FALSE,Named
Creative Industries,Rockridge Investment Partners,1,Private Equity and Venture Capital,United Kingdom,,FALSE,Named
Creative Industries,Round13,1,Private Equity and Venture Capital,Canada,,FALSE,Named
Creative Industries,Runa Capital,1,Private Equity and Venture Capital,United States,,FALSE,Named
Creative Industries,Ryan Sports Ventures,1,Family Office,United States,,FALSE,Named
Creative Industries,SAIC Capital,1,Private Equity and Venture Capital,United States,,FALSE,Named
Creative Industries,SAP,1,Corporate,United States,,FALSE,Named
Creative Industries,Salica Investments,1,Asset Management / Private Equity,United Kingdom,,TRUE,Named
Creative Industries,Samos Investments,1,Private Equity and Venture Capital,United Kingdom,,FALSE,Named
Creative Industries,Sanctor Capital,1,Private Equity and Venture Capital,Puerto Rico,,FALSE,Named
Creative Industries,Santon Capital,1,Family Office,United Kingdom,,FALSE,Named
Creative Industries,Sapphire Capital Partners,1,Private Equity and Venture Capital,United Kingdom,,FALSE,Named
Creative Industries,Saranac Partners,1,Private Investment Vehicle,United Kingdom,,FALSE,Named
Creative Industries,Scopely,1,Corporate,United States,,FALSE,Named
Creative Industries,Scottish EDGE,1,Charity/Not-for-profit company,United Kingdom,,FALSE,Named
Creative Industries,Scottish Equity Partners,1,Private Equity and Venture Capital,United Kingdom,,TRUE,Named
Creative Industries,Secure Trust Commercial Finance,1,Bank,United Kingdom,,FALSE,Named
Creative Industries,Shackleton Ventures,1,Private Equity and Venture Capital,United Kingdom,,FALSE,Named
Creative Industries,Shawbrook Bank,1,Bank,United Kingdom,,TRUE,Named
Creative Industries,Sky,1,Corporate,United Kingdom,,FALSE,Named
Creative Industries,Snowflake,1,Corporate,United States,,FALSE,Named
Creative Industries,Soho Square Capital,1,Private Equity and Venture Capital,United Kingdom,,FALSE,Named
Creative Industries,Sony Corporation,1,Corporate,Japan,,FALSE,Named
Creative Industries,Souter Investments LLP,1,Family Office,United Kingdom,,FALSE,Named
Creative Industries,South Yorkshire Investment Fund,1,Private Equity and Venture Capital,United Kingdom,,FALSE,Bank/Loan
Creative Industries,Spark Capital Partners,1,Private Equity and Venture Capital,United States,,FALSE,Named
Creative Industries,Sports Investment Partners,1,Private Equity and Venture Capital,United Kingdom,,FALSE,Named
Creative Industries,Standard Chartered,1,Bank,United Kingdom,,FALSE,Named
Creative Industries,Starwood Capital Group,1,Asset Management / Private Equity,United States,,FALSE,Named
Creative Industries,Stride.VC,1,Private Equity and Venture Capital,United Kingdom,,FALSE,Named
Creative Industries,Stripe,1,Private Equity and Venture Capital,United States,,FALSE,Named
Creative Industries,Structural Capital,1,Private Equity and Venture Capital,United States,,FALSE,Named
Creative Industries,Sussex Place Ventures,1,Private Equity and Venture Capital,United Kingdom,,TRUE,Named
Creative Industries,SyndicateRoom,1,Crowd funding,United Kingdom,,TRUE,Named
Creative Industries,Systemiq,1,Corporate,United Kingdom,,FALSE,Named
Creative Industries,TIRTA,1,Private Equity and Venture Capital,United States,,FALSE,Named
Creative Industries,TRINE,1,Crowd funding,Sweden,,FALSE,Named
Creative Industries,TTP Ventures,1,Private Equity and Venture Capital,United Kingdom,,FALSE,Named
Creative Industries,Talis Capital,1,Private Equity and Venture Capital,United Kingdom,,FALSE,Named
Creative Industries,Tapestry,1,Corporate,United States,,FALSE,Named
Creative Industries,Target Global,1,Private Equity and Venture Capital,Germany,,FALSE,Named
Creative Industries,TechNexus,1,Private Equity and Venture Capital,United States,,FALSE,Named
Creative Industries,Temasek Holdings,1,Sovereign Wealth Fund,Singapore,SW Fund,FALSE,Named
Creative Industries,Tenzing,1,Private Equity and Venture Capital,United Kingdom,,FALSE,Named
Creative Industries,The Accelerator Group,1,Accelerator,United Kingdom,,FALSE,Named
Creative Industries,The Brandtech Group,1,Corporate,United States,,FALSE,Named
Creative Industries,The Dow Chemical Company,1,Corporate,United States,,FALSE,Named
Creative Industries,The Financial Times,1,Corporate,United Kingdom,,FALSE,Named
Creative Industries,The New York Times Company,1,Corporate,United States,,FALSE,Named
Creative Industries,The Raine Group,1,Merchant Bank,United States,,FALSE,Named
Creative Industries,The Sandpit,1,Private Equity and Venture Capital,United Kingdom,,FALSE,Named
Creative Industries,Third Stream Partners,1,Private Equity and Venture Capital,United States,,FALSE,Named
Creative Industries,Torch Capital,1,Private Equity and Venture Capital,United States,,FALSE,Named
Creative Industries,Toshiba,1,Commercialisation Company,Japan,,FALSE,Named
Creative Industries,Trillium International,1,Private Equity and Venture Capital,United Arab Emirates,,FALSE,Named
Creative Industries,Turn Sports Investments,1,Family Office,Singapore,,FALSE,Named
Creative Industries,Turner International,1,Corporate,United States,,FALSE,Named
Creative Industries,Unilever,1,Corporate,United Kingdom,,FALSE,Named
Creative Industries,Updata Partners,1,Private Equity and Venture Capital,United States,,FALSE,Named
Creative Industries,VU Venture Partners,1,Private Equity and Venture Capital,United States,,FALSE,Named
Creative Industries,Valcor Ventures LLC,1,Private Equity and Venture Capital,United States,,FALSE,Named
Creative Industries,Vesta Ventures,1,Private Equity and Venture Capital,United States,,FALSE,Named
Creative Industries,View Different,1,Private Equity and Venture Capital,United States,,FALSE,Named
Creative Industries,Vipshop,1,Corporate,China,,FALSE,Named
Creative Industries,Volution,1,Private Equity and Venture Capital,United Kingdom,,FALSE,Named
Creative Industries,Warner Bros. Discovery,1,Corporate,United States,,FALSE,Named
Creative Industries,West Hill Capital,1,Private Equity and Venture Capital,United Kingdom,,FALSE,Named
Creative Industries,WestBridge Capital,1,Private Equity and Venture Capital,United Kingdom,,FALSE,Named
Creative Industries,White Cloud,1,Private Equity and Venture Capital,Luxembourg,,FALSE,Named
Creative Industries,White Star Capital,1,Private Equity and Venture Capital,United Kingdom,,FALSE,Named
Creative Industries,Wild Blue Cohort,1,Angel Network,United Kingdom,,FALSE,Named
Creative Industries,Winona Capital,1,Private Equity and Venture Capital,United States,,FALSE,Named
Creative Industries,Woodline Partners,1,Private Equity and Venture Capital,United States,,FALSE,Named
Creative Industries,XV Capital,1,Private Equity and Venture Capital,Australia,,FALSE,Named
Creative Industries,Yuga Labs,1,Corporate,United States,,FALSE,Named
Creative Industries,Zebra Technologies,1,Corporate,United States,,FALSE,Named
Creative Industries,Zinal Growth,1,Private Equity and Venture Capital,United Kingdom,,FALSE,Named
Creative Industries,aberdeen,1,Asset Management,United Kingdom,,FALSE,Named
Creative Industries,b2venture,1,Private Equity and Venture Capital,Germany,,FALSE,Named
Creative Industries,eWTP Innovation Fund,1,Private Equity and Venture Capital,China,,FALSE,Named
Creative Industries,iDreamSky,1,Corporate,China,,FALSE,Named
Defence,Business Angel(s),11,Business Angel(s),,,FALSE,Named
Defence,British Business Bank,7,Central Government,United Kingdom,,FALSE,Government
Defence,HSBC,6,Bank,United Kingdom,,TRUE,Bank/Loan
Defence,Albion Capital Group,4,Private Equity and Venture Capital,United Kingdom,,FALSE,Named
Defence,BGF (formerly Business Growth Fund),4,Private Equity and Venture Capital,United Kingdom,,FALSE,Named
Defence,IP Group,4,Commercialisation Company,United Kingdom,,FALSE,Named
Defence,Insight Partners,4,Private Equity and Venture Capital,United States,,FALSE,Named
Defence,Lloyds Banking Group,4,Private Equity and Venture Capital,United Kingdom,,FALSE,Bank/Loan
Defence,Cambridge Angels,3,Angel Network,United Kingdom,,FALSE,Named
Defence,Dawn Capital,3,Private Equity and Venture Capital,United Kingdom,,TRUE,Named
Defence,Evolution Equity Partners,3,Private Equity and Venture Capital,United States,,TRUE,Named
Defence,Goldman Sachs,3,Merchant Bank,United States,,FALSE,Named
Defence,NatWest Group,3,Bank,United Kingdom,,TRUE,Named
Defence,SoftBank Group,3,Corporate,Japan,,FALSE,Bank/Loan
Defence,Amadeus Capital Partners,2,Private Equity and Venture Capital,United Kingdom,,FALSE,Named
Defence,Augmentum Capital,2,Private Equity and Venture Capital,United Kingdom,,FALSE,Named
Defence,Barclays,2,Bank,United Kingdom,,TRUE,Named
Defence,Crane Ventures,2,Private Equity and Venture Capital,United Kingdom,,FALSE,Named
Defence,Digital Currency Group,2,Private Equity and Venture Capital,United States,,FALSE,Named
Defence,FW Capital,2,Private Equity and Venture Capital,United Kingdom,,TRUE,Named
Defence,Gresham House,2,Asset Management,United Kingdom,,FALSE,Named
Defence,Highland Europe,2,Private Equity and Venture Capital,United Kingdom,,FALSE,Named
Defence,IQ Capital Partners,2,Private Equity and Venture Capital,United Kingdom,,FALSE,Named
Defence,Index Ventures,2,Private Equity and Venture Capital,United Kingdom,,FALSE,Named
Defence,Invoke Capital Partners,2,Private Equity and Venture Capital,United Kingdom,,FALSE,Named
Defence,Microsoft,2,Corporate,United States,,FALSE,Named
Defence,Nesta,2,Charity/Not-for-profit company,United Kingdom,,FALSE,Named
Defence,Octopus Group,2,Asset Management / Private Equity,United Kingdom,,FALSE,Named
Defence,Ontario Teachers’ Pension Plan,2,Asset Management,Canada,International pension funds,FALSE,Named
Defence,Paladin Capital Group,2,Private Equity and Venture Capital,United States,,FALSE,Named
Defence,Republic,2,Crowd funding,United States,,FALSE,Named
Defence,Seedcamp,2,Private Equity and Venture Capital,United Kingdom,,TRUE,Named
Defence,Summit Partners,2,Private Equity and Venture Capital,United States,,FALSE,Named
Defence,Talis Capital,2,Private Equity and Venture Capital,United Kingdom,,FALSE,Named
Defence,Ten Eleven Ventures,2,Private Equity and Venture Capital,United States,,FALSE,Named
Defence,Tencent,2,Corporate,China,,FALSE,Named
Defence,UK Export Finance,2,Central Government,United Kingdom,,FALSE,Named
Defence,Winton Capital Management,2,Asset Management,United Kingdom,,FALSE,Named
Defence,2050 Capital,1,Private Equity and Venture Capital,United Kingdom,,TRUE,Named
Defence,7Percent Ventures,1,Private Equity and Venture Capital,United Kingdom,,TRUE,Named
Defence,ABN AMRO,1,Bank,Netherlands,,FALSE,Named
Defence,AIB,1,Bank,Ireland,,FALSE,Bank/Loan
Defence,Accenture,1,Private Equity and Venture Capital,Ireland,,FALSE,Named
Defence,Adara Ventures,1,Private Equity and Venture Capital,Luxembourg,,FALSE,Named
Defence,Allectus Capital,1,Private Equity and Venture Capital,Bermuda,,FALSE,Named
Defence,Allegis Capital,1,Private Equity and Venture Capital,United States,,FALSE,Named
Defence,Allied Irish Bank / AIB Group,1,Family Office,United Kingdom,,FALSE,Named
Defence,Alumni Ventures,1,Angel Network,United States,,FALSE,Named
Defence,American Airlines,1,Corporate,United States,,FALSE,Named
Defence,Andreessen Horowitz,1,Private Equity and Venture Capital,United States,,FALSE,Named
Defence,Apax Partners,1,Private Equity and Venture Capital,United States,,FALSE,Named
Defence,Aster Capital,1,Corporate,France,,FALSE,Named
Defence,Avolon,1,Private Equity and Venture Capital,United States,,FALSE,Named
Defence,BNY Mellon,1,Private Equity and Venture Capital,United States,,FALSE,Named
Defence,BOKA Group,1,Private Equity and Venture Capital,United States,,FALSE,Named
Defence,Bailie Group,1,Corporate,United Kingdom,,FALSE,Named
Defence,Balderton Capital,1,Private Equity and Venture Capital,United Kingdom,,TRUE,Named
Defence,Bowmark Capital,1,Private Equity and Venture Capital,United Kingdom,,FALSE,Named
Defence,Braavos Investment Advisers,1,Private Equity and Venture Capital,United Kingdom,,FALSE,Named
Defence,Brightbridge Ventures,1,Private Equity and Venture Capital,United Kingdom,,FALSE,Named
Defence,Brighton Park Capital,1,Private Equity and Venture Capital,United States,,FALSE,Named
Defence,C5 Capital,1,Private Equity and Venture Capital,United Kingdom,,FALSE,Named
Defence,CMT Group,1,Corporate,United Kingdom,,FALSE,Named
Defence,Cambridge Capital Group,1,Angel Network,United Kingdom,,FALSE,Named
Defence,Cisco,1,Corporate,United States,,FALSE,Named
Defence,Citigroup,1,Bank,United States,,FALSE,Named
Defence,Close Brothers,1,Merchant Bank,United Kingdom,,FALSE,Named
Defence,Collinio Capital,1,Private Equity and Venture Capital,Jersey,,FALSE,Named
Defence,Connectd,1,Angel Network,United Kingdom,,FALSE,Named
Defence,Credit Agricole,1,Bank,France,,FALSE,Named
Defence,Crestline Investors,1,Asset Management,United States,,FALSE,Named
Defence,Crossfin Holdings,1,Private Equity and Venture Capital,South Africa,,FALSE,Named
Defence,Cyber London (CyLon),1,Accelerator,United Kingdom,,FALSE,Named
Defence,Downing,1,Private Equity and Venture Capital,United Kingdom,,FALSE,Named
Defence,DuKlaw Ventures,1,Private Equity and Venture Capital,Switzerland,,FALSE,Named
Defence,Eight Roads Ventures,1,Private Equity and Venture Capital,Bermuda,,FALSE,Named
Defence,Elixirr,1,Corporate,United Kingdom,,FALSE,Named
Defence,EnBW,1,Private Equity and Venture Capital,Germany,,FALSE,Named
Defence,Energy Impact Partners LP,1,Private Equity and Venture Capital,United States,,FALSE,Named
Defence,Entrepreneurs First,1,Accelerator,United Kingdom,,FALSE,Named
Defence,Eos Venture,1,Private Equity and Venture Capital,United Kingdom,,FALSE,Named
Defence,Epic Games,1,Corporate,United States,,FALSE,Named
Defence,Ericsson,1,Corporate,Sweden,,FALSE,Named
Defence,Ethereal Ventures,1,Private Equity and Venture Capital,"Virgin Islands, British",,FALSE,Named
Defence,Eurazeo,1,Private Equity and Venture Capital,France,,TRUE,Named
Defence,Fin Venture Capital,1,Private Equity and Venture Capital,United States,,FALSE,Named
Defence,Finance Yorkshire,1,Private Equity and Venture Capital,United Kingdom,,FALSE,Bank/Loan
Defence,Foresight Group,1,Asset Management / Private Equity,United Kingdom,,TRUE,Named
Defence,Funding London,1,Local and Regional Government,United Kingdom,,FALSE,Named
Defence,G10 Capital,1,Asset Management,United Kingdom,,FALSE,Named
Defence,Government of Singapore Investment Corporation (GIC Private Limited),1,Sovereign Wealth Fund,Singapore,SW Fund,FALSE,Government
Defence,Growth Capital Partners,1,Private Equity and Venture Capital,United Kingdom,,TRUE,Named
Defence,Growth Lending Group,1,Specialist Lender,United Kingdom,,FALSE,Bank/Loan
Defence,GrowthAccelerator,1,Devolved Government,United Kingdom,,FALSE,Named
Defence,HCOB,1,Bank,Germany,,FALSE,Named
Defence,Hg,1,Private Equity and Venture Capital,United Kingdom,,FALSE,Named
Defence,Honeywell,1,Corporate,United States,,FALSE,Named
Defence,Horizons Ventures,1,Private Equity and Venture Capital,Hong Kong,,FALSE,Named
Defence,Hostplus,1,Asset Management,Australia,,FALSE,Named
Defence,Hoxton Ventures,1,Private Equity and Venture Capital,United Kingdom,,TRUE,Named
Defence,ING Bank,1,Bank,Netherlands,,FALSE,Named
Defence,IQT,1,Private Equity and Venture Capital,United States,,FALSE,Named
Defence,Inflexion Private Equity,1,Private Equity and Venture Capital,United Kingdom,,FALSE,Named
Defence,Ingka Group,1,Corporate,Netherlands,,FALSE,Named
Defence,Invesco,1,Asset Management,United States,,FALSE,Named
Defence,Investec Bank,1,Bank,United Kingdom,,FALSE,Named
Defence,JPMorgan Chase & Co,1,Asset Management,United States,,FALSE,Named
Defence,KKR,1,Private Equity and Venture Capital,United States,,FALSE,Named
Defence,KRW Schindler Private Ventures,1,Private Equity and Venture Capital,Luxembourg,,FALSE,Named
Defence,KV Management,1,Private Investment Vehicle,United States,,FALSE,Named
Defence,Kommunal Credit,1,Bank,Austria,,FALSE,Named
Defence,Kouros,1,Family Office,France,,FALSE,Named
Defence,Legal & General,1,Corporate,United Kingdom,UK pension funds,FALSE,Named
Defence,London Venture Partners,1,Private Equity and Venture Capital,United Kingdom,,FALSE,Named
Defence,MMC Ventures,1,Private Equity and Venture Capital,United Kingdom,,TRUE,Named
Defence,MML Capital Partners,1,Private Equity and Venture Capital,United Kingdom,,TRUE,Named
Defence,Macquarie Group,1,Merchant Bank,Australia,,FALSE,Named
Defence,Magnetar,1,Corporate,United States,,FALSE,Named
Defence,Marlin Equity Partners,1,Private Equity and Venture Capital,United States,,FALSE,Named
Defence,Maven Capital Partners UK LLP,1,Private Equity and Venture Capital,United Kingdom,,FALSE,Named
Defence,Menlo Ventures,1,Private Equity and Venture Capital,United States,,FALSE,Named
Defence,Mercia Asset Management,1,Asset Management / Private Equity,United Kingdom,,TRUE,Named
Defence,Mercuri VC,1,Private Equity and Venture Capital,United Kingdom,,FALSE,Named
Defence,Metrea Discovery,1,Private Equity and Venture Capital,United Kingdom,,FALSE,Named
Defence,Mirana Ventures,1,Private Equity and Venture Capital,Singapore,,FALSE,Named
Defence,MissionOG,1,Private Equity and Venture Capital,United States,,FALSE,Named
Defence,Mobeus,1,Private Equity and Venture Capital,United Kingdom,,TRUE,Named
Defence,Molten Ventures,1,Private Equity and Venture Capital,United Kingdom,,FALSE,Named
Defence,Moore Capital Management,1,Asset Management,United States,,FALSE,Named
Defence,Mouro Capital,1,Private Equity and Venture Capital,United Kingdom,,FALSE,Named
Defence,Mudrick Capital Management,1,Private Equity and Venture Capital,United States,,FALSE,Named
Defence,MultiversX,1,Private Equity and Venture Capital,Malta,,FALSE,Named
Defence,NIBC Bank,1,Bank,Netherlands,,FALSE,Bank/Loan
Defence,NM Capital,1,Private Equity and Venture Capital,United Kingdom,,FALSE,Named
Defence,National Grid Partners,1,Private Equity and Venture Capital,United States,,FALSE,Named
Defence,NetEase (NTES) Capital,1,Corporate,China,,FALSE,Named
Defence,New Wave Ventures,1,Private Equity and Venture Capital,United Kingdom,,FALSE,Named
Defence,Nexo,1,Corporate,Switzerland,,FALSE,Named
Defence,NorthEdge Capital,1,Private Equity and Venture Capital,United Kingdom,,FALSE,Named
Defence,Notion Capital Partners LLP,1,Private Equity and Venture Capital,United Kingdom,,FALSE,Named
Defence,Outsized Ventures,1,Private Equity and Venture Capital,United Kingdom,,FALSE,Named
Defence,Oxford Innovation Finance,1,Angel Network,United Kingdom,,FALSE,Named
Defence,Oxford Science Enterprises,1,Commercialisation Company,United Kingdom,,FALSE,Named
Defence,Oxx,1,Private Equity and Venture Capital,United Kingdom,,TRUE,Named
Defence,Par Equity,1,Private Equity and Venture Capital,United Kingdom,,FALSE,Named
Defence,Parkway Venture Capital,1,Private Equity and Venture Capital,United States,,FALSE,Named
Defence,Phoenix Court Group,1,Private Equity and Venture Capital,United Kingdom,,FALSE,Named
Defence,Phoenix Equity Partners,1,Private Equity and Venture Capital,United Kingdom,,FALSE,Named
Defence,QBN Capital,1,Private Equity and Venture Capital,Hong Kong,,FALSE,Named
Defence,Quester Venture Partnership,1,Private Equity and Venture Capital,United Kingdom,,FALSE,Named
Defence,Rockpool Investments,1,Private Equity and Venture Capital,United Kingdom,,FALSE,Named
Defence,Rolls-Royce,1,Corporate,United Kingdom,,FALSE,Named
Defence,Round13,1,Private Equity and Venture Capital,Canada,,FALSE,Named
Defence,SB ISAT Fund,1,Private Equity and Venture Capital,Indonesia,,FALSE,Named
Defence,SBI Holdings,1,Corporate,Japan,,FALSE,Named
Defence,SFC Capital,1,Private Equity and Venture Capital,United Kingdom,,FALSE,Named
Defence,Sabadell Capital,1,Corporate,Spain,,FALSE,Named
Defence,Said Business School,1,University,United Kingdom,,FALSE,Named
Defence,Salesforce,1,Corporate,United States,,FALSE,Named
Defence,Sanctor Capital,1,Private Equity and Venture Capital,Puerto Rico,,FALSE,Named
Defence,Santander,1,Bank,Spain,,TRUE,Named
Defence,Saranac Partners,1,Private Investment Vehicle,United Kingdom,,FALSE,Named
Defence,Schroders,1,Asset Management,United Kingdom,,FALSE,Named
Defence,Scottish Enterprise,1,Devolved Government,United Kingdom,,FALSE,Named
Defence,Siemens,1,Corporate,Germany,,FALSE,Named
Defence,SignalFire,1,Private Equity and Venture Capital,United States,,FALSE,Named
Defence,SixThirty Ventures,1,Private Equity and Venture Capital,United States,,FALSE,Named
Defence,Solano Partners,1,Bank,United Kingdom,,FALSE,Named
Defence,Spectrum Equity Investors,1,Private Equity and Venture Capital,United States,,FALSE,Named
Defence,Sulis Seedcorn Fund,1,Private Equity and Venture Capital,United Kingdom,,FALSE,Named
Defence,Susquehanna International Group (SIG),1,Private Equity and Venture Capital,United States,,FALSE,Named
Defence,TIRTA,1,Private Equity and Venture Capital,United States,,FALSE,Named
Defence,TNI Fund LP,1,Private Equity and Venture Capital,United Kingdom,,FALSE,Named
Defence,TPG,1,Private Equity and Venture Capital,United States,,FALSE,Named
Defence,TTV Capital,1,Private Equity and Venture Capital,United States,,FALSE,Named
Defence,Tata Steel,1,Corporate,India,,FALSE,Named
Defence,Technology Venture Partners,1,Private Equity and Venture Capital,United States,,FALSE,Named
Defence,Temasek Holdings,1,Sovereign Wealth Fund,Singapore,SW Fund,FALSE,Named
Defence,TempoCap,1,Private Equity and Venture Capital,United Kingdom,,FALSE,Named
Defence,Tennants Ventures,1,Private Equity and Venture Capital,United Kingdom,,FALSE,Named
Defence,The London Fund,1,Local and Regional Government,United Kingdom,,FALSE,Named
Defence,Tracsis,1,Corporate,United Kingdom,,FALSE,Named
Defence,Tuesday Capital,1,Private Equity and Venture Capital,United States,,FALSE,Named
Defence,VU Venture Partners,1,Private Equity and Venture Capital,United States,,FALSE,Named
Defence,Vitruvian Partners,1,Private Equity and Venture Capital,United Kingdom,,FALSE,Named
Defence,Wallenius Wilhelmsen,1,Private Equity and Venture Capital,Norway,,FALSE,Named
Defence,Warburg Pincus,1,Private Equity and Venture Capital,United States,,FALSE,Named
Defence,Wealth Club,1,Angel Network,United Kingdom,,FALSE,Named
Defence,Wellington Partners,1,Private Equity and Venture Capital,Germany,,FALSE,Named
Defence,Wells Fargo,1,Private Equity and Venture Capital,United States,,FALSE,Named
Defence,Welsh Government,1,Central Government,United Kingdom,,FALSE,Named
Defence,West Hill Capital,1,Private Equity and Venture Capital,United Kingdom,,FALSE,Named
Defence,West Midlands Combined Authority (WMCA),1,Local and Regional Government,United Kingdom,,FALSE,Named
Defence,White Cloud,1,Private Equity and Venture Capital,Luxembourg,,FALSE,Named
Defence,Winton Ventures,1,Corporate,United Kingdom,,FALSE,Named
Defence,WndrCo,1,Private Equity and Venture Capital,United States,,FALSE,Named
Defence,World Gold Council,1,Corporate,United Kingdom,,FALSE,Named
Defence,Worldpay Group,1,Corporate,United Kingdom,,FALSE,Named
Defence,YFM Equity Partners,1,Private Equity and Venture Capital,United Kingdom,,FALSE,Named
Defence,Yuga Labs,1,Corporate,United States,,FALSE,Named
Defence,Zinal Growth,1,Private Equity and Venture Capital,United Kingdom,,FALSE,Named
Digital and Technologies,Business Angel(s),164,Business Angel(s),,,FALSE,Named
Digital and Technologies,British Business Bank,81,Central Government,United Kingdom,,FALSE,Government
Digital and Technologies,BGF (formerly Business Growth Fund),39,Private Equity and Venture Capital,United Kingdom,,FALSE,Named
Digital and Technologies,IP Group,32,Commercialisation Company,United Kingdom,,FALSE,Named
Digital and Technologies,Mercia Asset Management,23,Asset Management / Private Equity,United Kingdom,,TRUE,Named
Digital and Technologies,Phoenix Court Group,23,Private Equity and Venture Capital,United Kingdom,,FALSE,Named
Digital and Technologies,Octopus Group,22,Asset Management / Private Equity,United Kingdom,,FALSE,Named
Digital and Technologies,Crowdcube,20,Crowd funding,United Kingdom,,FALSE,Crowdfunding
Digital and Technologies,HSBC,19,Bank,United Kingdom,,TRUE,Bank/Loan
Digital and Technologies,Republic,18,Crowd funding,United States,,FALSE,Named
Digital and Technologies,Maven Capital Partners UK LLP,16,Private Equity and Venture Capital,United Kingdom,,FALSE,Named
Digital and Technologies,Albion Capital Group,15,Private Equity and Venture Capital,United Kingdom,,FALSE,Named
Digital and Technologies,Lloyds Banking Group,15,Private Equity and Venture Capital,United Kingdom,,FALSE,Named
Digital and Technologies,Molten Ventures,15,Private Equity and Venture Capital,United Kingdom,,FALSE,Named
Digital and Technologies,NatWest Group,15,Bank,United Kingdom,,TRUE,Named
Digital and Technologies,Scottish Enterprise,15,Devolved Government,United Kingdom,,FALSE,Named
Digital and Technologies,Index Ventures,14,Private Equity and Venture Capital,United Kingdom,,FALSE,Named
Digital and Technologies,Seedcamp,14,Private Equity and Venture Capital,United Kingdom,,TRUE,Named
Digital and Technologies,Amadeus Capital Partners,13,Private Equity and Venture Capital,United Kingdom,,FALSE,Named
Digital and Technologies,Silicon Valley Bank,13,Bank,United States,,FALSE,Bank/Loan
Digital and Technologies,Foresight Group,12,Asset Management / Private Equity,United Kingdom,,TRUE,Named
Digital and Technologies,Insight Partners,12,Private Equity and Venture Capital,United States,,FALSE,Named
Digital and Technologies,Barclays,11,Bank,United Kingdom,,TRUE,Named
Digital and Technologies,Gresham House,11,Asset Management,United Kingdom,,FALSE,Named
Digital and Technologies,MMC Ventures,11,Private Equity and Venture Capital,United Kingdom,,TRUE,Named
Digital and Technologies,Tencent,11,Corporate,China,,FALSE,Named
Digital and Technologies,Beringea,10,Private Equity and Venture Capital,United States,,FALSE,Named
Digital and Technologies,Cambridge Angels,10,Angel Network,United Kingdom,,FALSE,Named
Digital and Technologies,Future Planet Capital,10,Private Equity and Venture Capital,United Kingdom,,FALSE,Named
Digital and Technologies,Highland Europe,10,Private Equity and Venture Capital,United Kingdom,,FALSE,Named
Digital and Technologies,Oxford Science Enterprises,10,Commercialisation Company,United Kingdom,,FALSE,Named
Digital and Technologies,CIBC (Canadian Imperial Bank of Commerce),9,Bank,Canada,,FALSE,Bank/Loan
Digital and Technologies,Citigroup,9,Bank,United States,,FALSE,Named
Digital and Technologies,Google,9,Corporate,United States,,FALSE,Named
Digital and Technologies,IQ Capital Partners,9,Private Equity and Venture Capital,United Kingdom,,FALSE,Named
Digital and Technologies,SoftBank Group,9,Corporate,Japan,,FALSE,Bank/Loan
Digital and Technologies,Virgin Money UK,9,Bank,United Kingdom,,FALSE,Named
Digital and Technologies,YFM Equity Partners,9,Private Equity and Venture Capital,United Kingdom,,FALSE,Named
Digital and Technologies,Augmentum Capital,8,Private Equity and Venture Capital,United Kingdom,,FALSE,Named
Digital and Technologies,Balderton Capital,8,Private Equity and Venture Capital,United Kingdom,,TRUE,Named
Digital and Technologies,Deutsche Bank,8,Private Equity and Venture Capital,China,,FALSE,Bank/Loan
Digital and Technologies,Goldman Sachs,8,Merchant Bank,United States,,FALSE,Named
Digital and Technologies,Guinness Ventures,8,Private Equity and Venture Capital,United Kingdom,,FALSE,Named
Digital and Technologies,Legal & General,8,Corporate,United Kingdom,UK pension funds,FALSE,Named
Digital and Technologies,University of Oxford,8,University,United Kingdom,,FALSE,Named
Digital and Technologies,24Haymarket,7,Angel Network,United Kingdom,,TRUE,Named
Digital and Technologies,ACF Investors,7,Private Equity and Venture Capital,United Kingdom,,FALSE,Named
Digital and Technologies,Downing,7,Private Equity and Venture Capital,United Kingdom,,FALSE,Named
Digital and Technologies,FSE Group,7,Private Equity and Venture Capital,United Kingdom,,TRUE,Named
Digital and Technologies,FW Capital,7,Private Equity and Venture Capital,United Kingdom,,TRUE,Named
Digital and Technologies,Funding London,7,Local and Regional Government,United Kingdom,,FALSE,Named
Digital and Technologies,Nesta,7,Charity/Not-for-profit company,United Kingdom,,FALSE,Named
Digital and Technologies,Notion Capital Partners LLP,7,Private Equity and Venture Capital,United Kingdom,,FALSE,Named
Digital and Technologies,Passion Capital,7,Private Equity and Venture Capital,United Kingdom,,TRUE,Named
Digital and Technologies,Accel Partners,6,Private Equity and Venture Capital,United States,,FALSE,Named
Digital and Technologies,Cambridge Innovation Capital,6,Private Equity and Venture Capital,United Kingdom,,TRUE,Named
Digital and Technologies,EQT Group,6,Private Equity and Venture Capital,Sweden,,FALSE,Named
Digital and Technologies,Entrepreneurs First,6,Accelerator,United Kingdom,,FALSE,Named
Digital and Technologies,Force Over Mass Capital,6,Private Equity and Venture Capital,United Kingdom,,FALSE,Named
Digital and Technologies,JamJar Investments,6,Private Investment Vehicle,United Kingdom,,TRUE,Named
Digital and Technologies,Livingbridge EP,6,Private Equity and Venture Capital,United Kingdom,,FALSE,Named
Digital and Technologies,Mobeus,6,Private Equity and Venture Capital,United Kingdom,,TRUE,Named
Digital and Technologies,Praetura Group,6,Private Equity and Venture Capital,United Kingdom,,FALSE,Named
Digital and Technologies,Salica Investments,6,Asset Management / Private Equity,United Kingdom,,TRUE,Named
Digital and Technologies,Samos Investments,6,Private Equity and Venture Capital,United Kingdom,,FALSE,Named
Digital and Technologies,Santander,6,Bank,Spain,,TRUE,Named
Digital and Technologies,Talis Capital,6,Private Equity and Venture Capital,United Kingdom,,FALSE,Named
Digital and Technologies,Techstars,6,Accelerator,United States,,FALSE,Named
Digital and Technologies,Temasek Holdings,6,Sovereign Wealth Fund,Singapore,SW Fund,FALSE,Named
Digital and Technologies,Thompson Taraz,6,Asset Management,United Kingdom,,FALSE,Named
Digital and Technologies,Tiger Global Management,6,Asset Management,United States,,FALSE,Named
Digital and Technologies,Triple Point,6,Asset Management,United Kingdom,,FALSE,Named
Digital and Technologies,500 Global,5,Private Equity and Venture Capital,United States,,FALSE,Named
Digital and Technologies,Acton Capital Partners,5,Private Equity and Venture Capital,Germany,,FALSE,Named
Digital and Technologies,BlackRock,5,Asset Management,United States,,FALSE,Named
Digital and Technologies,CommerzVentures,5,Private Equity and Venture Capital,Germany,,FALSE,Named
Digital and Technologies,Connect Ventures,5,Private Equity and Venture Capital,United Kingdom,,FALSE,Named
Digital and Technologies,Creative UK,5,Accelerator,United Kingdom,,FALSE,Named
Digital and Technologies,EMV Capital PLC,5,Private Equity and Venture Capital,United Kingdom,,FALSE,Named
Digital and Technologies,Eight Roads Ventures,5,Private Equity and Venture Capital,Bermuda,,FALSE,Named
Digital and Technologies,FTV Capital,5,Private Equity and Venture Capital,United States,,FALSE,Named
Digital and Technologies,Fidelity International,5,Asset Management,United Kingdom,,FALSE,Named
Digital and Technologies,Frontline Ventures,5,Private Equity and Venture Capital,Ireland,,FALSE,Named
Digital and Technologies,Fuel Ventures,5,Private Equity and Venture Capital,United Kingdom,,FALSE,Named
Digital and Technologies,Growth Lending Group,5,Specialist Lender,United Kingdom,,FALSE,Bank/Loan
Digital and Technologies,Hostplus,5,Asset Management,Australia,,FALSE,Named
Digital and Technologies,JPMorgan Chase & Co,5,Asset Management,United States,,FALSE,Named
Digital and Technologies,Kin Group,5,Private Investment Vehicle,United Kingdom,,FALSE,Named
Digital and Technologies,Novator Partners,5,Private Investment Vehicle,Switzerland,,FALSE,Named
Digital and Technologies,Oxford Capital Partners,5,Private Equity and Venture Capital,United Kingdom,,FALSE,Named
Digital and Technologies,Oxford Innovation Finance,5,Angel Network,United Kingdom,,FALSE,Named
Digital and Technologies,Par Equity,5,Private Equity and Venture Capital,United Kingdom,,FALSE,Named
Digital and Technologies,Rockpool Investments,5,Private Equity and Venture Capital,United Kingdom,,FALSE,Named
Digital and Technologies,SAP,5,Corporate,United States,,FALSE,Named
Digital and Technologies,Scottish EDGE,5,Charity/Not-for-profit company,United Kingdom,,FALSE,Named
Digital and Technologies,Smedvig Capital,5,Family Office,United Kingdom,,FALSE,Named
Digital and Technologies,Target Global,5,Private Equity and Venture Capital,Germany,,FALSE,Named
Digital and Technologies,University of Warwick Science Park,5,University,United Kingdom,,FALSE,Named
Digital and Technologies,Venrex Investment Management,5,Private Equity and Venture Capital,United Kingdom,,FALSE,Named
Digital and Technologies,Wealth Club,5,Angel Network,United Kingdom,,FALSE,Named
Digital and Technologies,Ascension,4,Private Equity and Venture Capital,United Kingdom,,FALSE,Named
Digital and Technologies,Atomico,4,Private Equity and Venture Capital,United Kingdom,,TRUE,Named
Digital and Technologies,Calculus Capital,4,Private Equity and Venture Capital,United Kingdom,,FALSE,Named
Digital and Technologies,DST Global,4,Private Equity and Venture Capital,United States,,FALSE,Named
Digital and Technologies,Dawn Capital,4,Private Equity and Venture Capital,United Kingdom,,TRUE,Named
Digital and Technologies,Deepbridge Capital,4,Private Equity and Venture Capital,United Kingdom,,FALSE,Named
Digital and Technologies,Development Bank of Wales,4,Devolved Government,United Kingdom,,FALSE,Named
Digital and Technologies,Evolution Equity Partners,4,Private Equity and Venture Capital,United States,,TRUE,Named
Digital and Technologies,FJ Labs,4,Private Equity and Venture Capital,United States,,FALSE,Named
Digital and Technologies,Felix Capital,4,Private Equity and Venture Capital,United Kingdom,,FALSE,Named
Digital and Technologies,Firstminute Capital,4,Private Equity and Venture Capital,United Kingdom,,FALSE,Named
Digital and Technologies,Forward Partners,4,Private Equity and Venture Capital,United Kingdom,,FALSE,Named
Digital and Technologies,Gauss Ventures,4,Private Equity and Venture Capital,Cayman Islands,,FALSE,Named
Digital and Technologies,General Catalyst,4,Private Equity and Venture Capital,United States,,FALSE,Named
Digital and Technologies,IQT,4,Private Equity and Venture Capital,United States,,FALSE,Named
Digital and Technologies,Invesco,4,Asset Management,United States,,FALSE,Named
Digital and Technologies,Investec Bank,4,Bank,United Kingdom,,FALSE,Named
Digital and Technologies,Key Capital Partners,4,Private Equity and Venture Capital,United Kingdom,,FALSE,Named
Digital and Technologies,Kindred Capital VC,4,Private Equity and Venture Capital,United Kingdom,,FALSE,Named
Digital and Technologies,Lansdowne Partners,4,Asset Management,United Kingdom,,FALSE,Named
Digital and Technologies,M&G ­Investments,4,,,,,Named
Digital and Technologies,Midven,4,Private Equity and Venture Capital,United Kingdom,,FALSE,Named
Digital and Technologies,Mubadala Investment Company,4,Sovereign Wealth Fund,United Arab Emirates,SW Fund,FALSE,Named
Digital and Technologies,NVM Private Equity,4,Private Equity and Venture Capital,United Kingdom,,TRUE,Named
Digital and Technologies,Nationwide Building Society,4,Bank,United Kingdom,,FALSE,Named
Digital and Technologies,Northstar Ventures,4,Private Equity and Venture Capital,United Kingdom,,FALSE,Named
Digital and Technologies,Pi Labs,4,Accelerator,United Kingdom,,FALSE,Named
Digital and Technologies,Playfair Capital,4,Private Equity and Venture Capital,United Kingdom,,FALSE,Named
Digital and Technologies,Puhua Capital,4,Private Equity and Venture Capital,China,,FALSE,Named
Digital and Technologies,Ribbit Capital,4,Private Equity and Venture Capital,United States,,FALSE,Named
Digital and Technologies,Rocket Internet,4,Corporate,Germany,,FALSE,Named
Digital and Technologies,SBI Holdings,4,Corporate,Japan,,FALSE,Named
Digital and Technologies,Scottish Equity Partners,4,Private Equity and Venture Capital,United Kingdom,,TRUE,Named
Digital and Technologies,SyndicateRoom,4,Crowd funding,United Kingdom,,TRUE,Named
Digital and Technologies,Vitruvian Partners,4,Private Equity and Venture Capital,United Kingdom,,FALSE,Named
Digital and Technologies,Volution,4,Private Equity and Venture Capital,United Kingdom,,FALSE,Named
Digital and Technologies,7Percent Ventures,3,Private Equity and Venture Capital,United Kingdom,,TRUE,Named
Digital and Technologies,Accel-KKR,3,Private Equity and Venture Capital,United States,,FALSE,Named
Digital and Technologies,Angels Den,3,Angel Network,United Kingdom,,FALSE,Named
Digital and Technologies,Anthemis Group,3,Private Equity and Venture Capital,United Kingdom,,FALSE,Named
Digital and Technologies,Apax Partners,3,Private Equity and Venture Capital,United States,,FALSE,Named
Digital and Technologies,Aviva,3,Corporate,United Kingdom,UK pension funds,FALSE,Named
Digital and Technologies,Blenheim Chalcot,3,Private Equity and Venture Capital,United Kingdom,,FALSE,Named
Digital and Technologies,Breega Capital,3,Private Equity and Venture Capital,France,,FALSE,Named
Digital and Technologies,Channel 4,3,State-owned enterprise (SOE) / Corporate strategic investor,United Kingdom,,FALSE,Named
Digital and Technologies,Clarendon Fund Managers,3,Private Equity and Venture Capital,United Kingdom,,TRUE,Named
Digital and Technologies,ClearlySo,3,Merchant Bank,United Kingdom,,FALSE,Named
Digital and Technologies,Coatue Management,3,Private Equity and Venture Capital,United States,,FALSE,Named
Digital and Technologies,Edge Investments Limited,3,Private Equity and Venture Capital,United Kingdom,,FALSE,Named
Digital and Technologies,Endeavor Global,3,Private Equity and Venture Capital,United States,,FALSE,Named
Digital and Technologies,Envestors,3,Angel Network,United Kingdom,,FALSE,Named
Digital and Technologies,Equity Gap,3,Angel Network,United Kingdom,,FALSE,Named
Digital and Technologies,Eurazeo,3,Private Equity and Venture Capital,France,,TRUE,Named
Digital and Technologies,Experian,3,Corporate,Ireland,,FALSE,Named
Digital and Technologies,Finch Capital,3,Private Equity and Venture Capital,Netherlands,,FALSE,Named
Digital and Technologies,Foresite Capital,3,Private Equity and Venture Capital,United States,,FALSE,Named
Digital and Technologies,GP Bullhound,3,Merchant Bank,United Kingdom,,FALSE,Named
Digital and Technologies,General Atlantic,3,Private Equity and Venture Capital,United States,,FALSE,Named
Digital and Technologies,Government of Singapore Investment Corporation (GIC Private Limited),3,Sovereign Wealth Fund,Singapore,SW Fund,FALSE,Government
Digital and Technologies,Growth Capital Partners,3,Private Equity and Venture Capital,United Kingdom,,TRUE,Named
Digital and Technologies,HM Treasury,3,Central Government,United Kingdom,,FALSE,Named
Digital and Technologies,HV Capital,3,Private Equity and Venture Capital,Germany,,FALSE,Named
Digital and Technologies,Horizons Ventures,3,Private Equity and Venture Capital,Hong Kong,,FALSE,Named
Digital and Technologies,Hoxton Ventures,3,Private Equity and Venture Capital,United Kingdom,,TRUE,Named
Digital and Technologies,ING Bank,3,Bank,Netherlands,,FALSE,Named
Digital and Technologies,Illuminate Financial Management,3,Private Equity and Venture Capital,United Kingdom,,FALSE,Named
Digital and Technologies,Inflexion Private Equity,3,Private Equity and Venture Capital,United Kingdom,,FALSE,Named
Digital and Technologies,Ingka Group,3,Corporate,Netherlands,,FALSE,Named
Digital and Technologies,Innovate UK (IUK),3,Central Government,United Kingdom,,FALSE,Named
Digital and Technologies,Invest NI,3,Devolved Government,United Kingdom,,FALSE,Named
Digital and Technologies,Invus,3,Private Equity and Venture Capital,United States,,FALSE,Named
Digital and Technologies,KKR,3,Private Equity and Venture Capital,United States,,FALSE,Named
Digital and Technologies,Kima Ventures,3,Private Investment Vehicle,France,,FALSE,Named
Digital and Technologies,Lakestar,3,Private Equity and Venture Capital,Switzerland,,FALSE,Named
Digital and Technologies,Latitude Investment Management,3,Asset Management,United Kingdom,,FALSE,Named
Digital and Technologies,Lightspeed Management,3,Private Equity and Venture Capital,United States,,FALSE,Named
Digital and Technologies,Longwall Venture Partners,3,Private Equity and Venture Capital,United Kingdom,,FALSE,Named
Digital and Technologies,MasterCard,3,Corporate,United States,,FALSE,Named
Digital and Technologies,Maven Ventures,3,Private Equity and Venture Capital,United Kingdom,,FALSE,Named
Digital and Technologies,Merck Group,3,Private Equity and Venture Capital,Germany,,FALSE,Named
Digital and Technologies,Mercuri VC,3,Private Equity and Venture Capital,United Kingdom,,FALSE,Named
Digital and Technologies,Midmar Capital,3,Private Equity and Venture Capital,United Kingdom,,FALSE,Named
Digital and Technologies,Moore Capital Management,3,Asset Management,United States,,FALSE,Named
Digital and Technologies,Morningside Group,3,Family Office,Hong Kong,,FALSE,Named
Digital and Technologies,Mosaic Ventures,3,Private Equity and Venture Capital,United Kingdom,,FALSE,Named
Digital and Technologies,Mouro Capital,3,Private Equity and Venture Capital,United Kingdom,,FALSE,Named
Digital and Technologies,Mustard Seed + Partners,3,Private Equity and Venture Capital,United Kingdom,,FALSE,Named
Digital and Technologies,NIBC Bank,3,Bank,Netherlands,,FALSE,Bank/Loan
Digital and Technologies,OMERS Ventures,3,Private Equity and Venture Capital,Canada,,FALSE,Named
Digital and Technologies,Ontario Teachers’ Pension Plan,3,Asset Management,Canada,International pension funds,FALSE,Named
Digital and Technologies,Oxx,3,Private Equity and Venture Capital,United Kingdom,,TRUE,Named
Digital and Technologies,Palatine Private Equity,3,Private Equity and Venture Capital,United Kingdom,,FALSE,Named
Digital and Technologies,Partech Partners,3,Private Equity and Venture Capital,France,,FALSE,Named
Digital and Technologies,PayPal,3,Corporate,United States,,FALSE,Named
Digital and Technologies,Pembroke Investment Managers LLP,3,Private Equity and Venture Capital,United Kingdom,,FALSE,Named
Digital and Technologies,Perivoli Trust,3,Charity/Not-for-profit company,United Kingdom,,FALSE,Named
Digital and Technologies,Perwyn,3,Private Equity and Venture Capital,United Kingdom,,FALSE,Named
Digital and Technologies,Prime Ventures,3,Private Equity and Venture Capital,Netherlands,,TRUE,Named
Digital and Technologies,QED Investors,3,Private Equity and Venture Capital,United States,,FALSE,Named
Digital and Technologies,Salesforce,3,Corporate,United States,,FALSE,Named
Digital and Technologies,Schroders,3,Asset Management,United Kingdom,,FALSE,Named
Digital and Technologies,Scottish Government,3,Devolved Government,United Kingdom,,FALSE,Bank/Loan
Digital and Technologies,Shawbrook Bank,3,Bank,United Kingdom,,TRUE,Named
Digital and Technologies,Sofinnova Partners,3,Private Equity and Venture Capital,France,,FALSE,Named
Digital and Technologies,Sony Corporation,3,Corporate,Japan,,FALSE,Named
Digital and Technologies,Speedinvest,3,Private Equity and Venture Capital,Austria,,FALSE,Named
Digital and Technologies,Susquehanna International Group (SIG),3,Private Equity and Venture Capital,United States,,FALSE,Named
Digital and Technologies,Sussex Place Ventures,3,Private Equity and Venture Capital,United Kingdom,,TRUE,Named
Digital and Technologies,Technology Crossover Ventures,3,Private Equity and Venture Capital,United States,,FALSE,Named
Digital and Technologies,Tiny VC,3,Private Equity and Venture Capital,United Kingdom,,FALSE,Named
Digital and Technologies,Toscafund Asset Management,3,Specialist Lender,United Kingdom,,FALSE,Named
Digital and Technologies,University of Edinburgh,3,University,United Kingdom,,FALSE,Named
Digital and Technologies,VentureFounders,3,Private Equity and Venture Capital,United Kingdom,,FALSE,Named
Digital and Technologies,Winton Capital Management,3,Asset Management,United Kingdom,,FALSE,Named
Digital and Technologies,Woodford Investment Management,3,Private Equity and Venture Capital,United Kingdom,,FALSE,Named
Digital and Technologies,aberdeen,3,Asset Management,United Kingdom,,FALSE,Named
Digital and Technologies,83North,2,Private Equity and Venture Capital,United Kingdom,,FALSE,Named
Digital and Technologies,A.P. Moller Holding,2,Corporate,Denmark,,FALSE,Named
Digital and Technologies,ABB,2,Corporate,Switzerland,,FALSE,Named
Digital and Technologies,ABC Impact,2,Private Equity and Venture Capital,Singapore,,FALSE,Named
Digital and Technologies,AS Capital,2,Asset Management,United Kingdom,,FALSE,Named
Digital and Technologies,Accelerated Digital Ventures,2,Private Equity and Venture Capital,United Kingdom,,TRUE,Named
Digital and Technologies,Accenture,2,Private Equity and Venture Capital,Ireland,,FALSE,Named
Digital and Technologies,Adara Ventures,2,Private Equity and Venture Capital,Luxembourg,,FALSE,Named
Digital and Technologies,Adjuvo,2,Angel Network,United Kingdom,,FALSE,Named
Digital and Technologies,Aioi Nissay Dowa Insurance,2,Corporate,United Kingdom,,FALSE,Named
Digital and Technologies,Allegis Capital,2,Private Equity and Venture Capital,United States,,FALSE,Named
Digital and Technologies,Allied Irish Bank / AIB Group,2,Family Office,United Kingdom,,FALSE,Named
Digital and Technologies,Amber Infrastructure Group,2,Asset Management / Private Equity,United Kingdom,,FALSE,Named
Digital and Technologies,American Express,2,Corporate,United States,,FALSE,Named
Digital and Technologies,Ananda Impact Ventures,2,Private Equity and Venture Capital,Germany,,FALSE,Named
Digital and Technologies,Andera Partners,2,Private Equity and Venture Capital,France,,FALSE,Named
Digital and Technologies,Aquiline Capital Partners,2,Private Equity and Venture Capital,United States,,FALSE,Named
Digital and Technologies,Ares Management,2,Asset Management,United States,,FALSE,Named
Digital and Technologies,Astellas Pharma,2,Corporate,Japan,,FALSE,Named
Digital and Technologies,Aster Capital,2,Corporate,France,,FALSE,Named
Digital and Technologies,AstraZeneca,2,Corporate,United Kingdom,,FALSE,Named
Digital and Technologies,Atlantic Bridge,2,Private Equity and Venture Capital,Ireland,,TRUE,Named
Digital and Technologies,Atlantic Vantage Point,2,Private Equity and Venture Capital,France,,FALSE,Named
Digital and Technologies,BNY Mellon,2,Private Equity and Venture Capital,United States,,FALSE,Named
Digital and Technologies,BP,2,Corporate,United Kingdom,,FALSE,Named
Digital and Technologies,Backed VC,2,Private Equity and Venture Capital,United Kingdom,,FALSE,Named
Digital and Technologies,Bain Capital,2,Private Equity and Venture Capital,United States,,FALSE,Named
Digital and Technologies,Ballpark Ventures,2,Private Investment Vehicle,United Kingdom,,FALSE,Named
Digital and Technologies,Battery,2,Private Equity and Venture Capital,United States,,FALSE,Named
Digital and Technologies,BiG Start Ventures,2,Private Equity and Venture Capital,Portugal,,FALSE,Named
Digital and Technologies,Bits x Bites,2,Private Equity and Venture Capital,China,,FALSE,Named
Digital and Technologies,Black River Ventures,2,Private Equity and Venture Capital,Russian Federation,,FALSE,Named
Digital and Technologies,Blue Venture Fund,2,Private Equity and Venture Capital,United States,,FALSE,Named
Digital and Technologies,Bootstrap Europe Advisers,2,Specialist Lender,United Kingdom,,FALSE,Named
Digital and Technologies,Bowmark Capital,2,Private Equity and Venture Capital,United Kingdom,,FALSE,Named
Digital and Technologies,Braavos Investment Advisers,2,Private Equity and Venture Capital,United Kingdom,,FALSE,Named
Digital and Technologies,Brightbridge Ventures,2,Private Equity and Venture Capital,United Kingdom,,FALSE,Named
Digital and Technologies,Burda Principal Investments,2,Private Equity and Venture Capital,Germany,,FALSE,Named
Digital and Technologies,C4 Ventures,2,Private Equity and Venture Capital,France,,FALSE,Named
Digital and Technologies,CPP Investments,2,Asset Management,Canada,SW Fund,FALSE,Named
Digital and Technologies,CVC Capital Partners,2,Private Equity and Venture Capital,Luxembourg,,FALSE,Named
Digital and Technologies,Cambridge Enterprise,2,Commercialisation Company,United Kingdom,,FALSE,Named
Digital and Technologies,Canaccord Genuity Group,2,Merchant Bank,Canada,,FALSE,Named
Digital and Technologies,Capital for Colleagues,2,Private Equity and Venture Capital,United Kingdom,,FALSE,Named
Digital and Technologies,Carmen Busquets,2,Private Investment Vehicle,United Kingdom,,FALSE,Named
Digital and Technologies,Chalfen Ventures,2,Private Equity and Venture Capital,United Kingdom,,FALSE,Named
Digital and Technologies,Chimera Partners,2,Merchant Bank,United Kingdom,,FALSE,Named
Digital and Technologies,Clay Capital,2,Private Equity and Venture Capital,Singapore,,FALSE,Named
Digital and Technologies,Clean Growth Investment Management,2,Private Equity and Venture Capital,United Kingdom,,FALSE,Named
Digital and Technologies,Columbia Lake Partners,2,Specialist Lender,United Kingdom,,TRUE,Named
Digital and Technologies,Crane Ventures,2,Private Equity and Venture Capital,United Kingdom,,FALSE,Named
Digital and Technologies,Creandum,2,Private Equity and Venture Capital,Sweden,,FALSE,Named
Digital and Technologies,Credit Suisse,2,Merchant Bank,Switzerland,,FALSE,Named
Digital and Technologies,CreditEase,2,Asset Management,China,,FALSE,Named
Digital and Technologies,Crestline Investors,2,Asset Management,United States,,FALSE,Named
Digital and Technologies,CrowdBnk,2,Crowd funding,United Kingdom,,FALSE,Named
Digital and Technologies,DMGT,2,Corporate,United Kingdom,,FALSE,Named
Digital and Technologies,DN Capital,2,Private Equity and Venture Capital,United Kingdom,,FALSE,Named
Digital and Technologies,Da Vinci Capital,2,Private Equity and Venture Capital,Russian Federation,,FALSE,Named
Digital and Technologies,Dale Ventures,2,Private Equity and Venture Capital,United Arab Emirates,,FALSE,Named
Digital and Technologies,Delin Capital,2,Asset Management / Private Equity,United Kingdom,,FALSE,Named
Digital and Technologies,Digital Currency Group,2,Private Equity and Venture Capital,United States,,FALSE,Named
Digital and Technologies,ETFS Capital,2,Private Equity and Venture Capital,United Kingdom,,FALSE,Named
Digital and Technologies,Earth Capital,2,Private Equity and Venture Capital,United Kingdom,,FALSE,Named
Digital and Technologies,Eldridge Industries,2,Private Equity and Venture Capital,United States,,FALSE,Named
Digital and Technologies,Eli Lilly & Co,2,Corporate,United States,,FALSE,Named
Digital and Technologies,Eos Venture,2,Private Equity and Venture Capital,United Kingdom,,FALSE,Named
Digital and Technologies,Farview Equity Partners,2,Private Equity and Venture Capital,United Kingdom,,FALSE,Named
Digital and Technologies,Firestartr,2,Angel Network,United Kingdom,,FALSE,Named
Digital and Technologies,Fortress Investment Group,2,Asset Management / Private Equity,United States,,FALSE,Named
Digital and Technologies,Frog Capital,2,Private Equity and Venture Capital,United Kingdom,,TRUE,Named
Digital and Technologies,Frontier Development Capital,2,Private Equity and Venture Capital,United Kingdom,,TRUE,Named
Digital and Technologies,G10 Capital,2,Asset Management,United Kingdom,,FALSE,Named
Digital and Technologies,GK Goh Group,2,Corporate,Singapore,,FALSE,Named
Digital and Technologies,Greenwood Way Capital,2,Angel Network,United Kingdom,,FALSE,Named
Digital and Technologies,Greycroft Partners,2,Private Equity and Venture Capital,United States,,FALSE,Named
Digital and Technologies,Grosvenor Hill Ventures,2,Private Equity and Venture Capital,United Kingdom,,FALSE,Named
Digital and Technologies,Harbert Management Capital,2,Asset Management / Private Equity,United States,,FALSE,Named
Digital and Technologies,Headline,2,Private Equity and Venture Capital,United States,,FALSE,Named
Digital and Technologies,Hearst,2,Corporate,United States,,FALSE,Named
Digital and Technologies,Hedosophia,2,Private Equity and Venture Capital,United Kingdom,,FALSE,Named
Digital and Technologies,Hg,2,Private Equity and Venture Capital,United Kingdom,,FALSE,Named
Digital and Technologies,Hummingbird Ventures,2,Private Equity and Venture Capital,Belgium,,FALSE,Named
Digital and Technologies,ICONIQ Capital,2,Family Office,United States,,FALSE,Named
Digital and Technologies,Ingenious Ventures,2,Private Equity and Venture Capital,United Kingdom,,FALSE,Named
Digital and Technologies,Intel,2,Corporate,United States,,FALSE,Named
Digital and Technologies,International Finance Corporation (IFC),2,Private Equity and Venture Capital,United States,,FALSE,Named
Digital and Technologies,Invoke Capital Partners,2,Private Equity and Venture Capital,United Kingdom,,FALSE,Named
Digital and Technologies,JLL Technologies,2,Corporate,United States,,FALSE,Named
Digital and Technologies,Janus Henderson Investors,2,Private Equity and Venture Capital,United Kingdom,,FALSE,Named
Digital and Technologies,Kartesia,2,Asset Management,United Kingdom,,FALSE,Named
Digital and Technologies,Kernel Capital,2,Private Equity and Venture Capital,Ireland,,FALSE,Named
Digital and Technologies,Lightrock,2,Private Equity and Venture Capital,United Kingdom,,FALSE,Named
Digital and Technologies,Macquarie Group,2,Merchant Bank,Australia,,FALSE,Named
Digital and Technologies,Mangrove Capital Partners,2,Private Equity and Venture Capital,Luxembourg,,FALSE,Named
Digital and Technologies,MassMutual Ventures,2,Corporate,United States,,FALSE,Named
Digital and Technologies,Meltwind Advisory,2,Private Investment Vehicle,United Kingdom,,FALSE,Named
Digital and Technologies,Metaplanet,2,Corporate,Estonia,,FALSE,Named
Digital and Technologies,Metrea Discovery,2,Private Equity and Venture Capital,United Kingdom,,FALSE,Named
Digital and Technologies,Mithril,2,Private Equity and Venture Capital,United States,,FALSE,Named
Digital and Technologies,Morgan Stanley,2,Merchant Bank,United States,,FALSE,Named
Digital and Technologies,Natixis,2,Merchant Bank,France,,FALSE,Named
Digital and Technologies,NetEase (NTES) Capital,2,Corporate,China,,FALSE,Named
Digital and Technologies,New Wave Ventures,2,Private Equity and Venture Capital,United Kingdom,,FALSE,Named
Digital and Technologies,Northern Gritstone,2,Private Equity and Venture Capital,United Kingdom,,TRUE,Named
Digital and Technologies,Northpond Ventures,2,Private Equity and Venture Capital,United States,,FALSE,Named
Digital and Technologies,Northzone Ventures,2,Private Equity and Venture Capital,United Kingdom,,FALSE,Named
Digital and Technologies,Oaktree,2,Asset Management,United States,,FALSE,Named
Digital and Technologies,Origin Capital Ltd,2,Private Equity and Venture Capital,United Kingdom,,FALSE,Named
Digital and Technologies,Outrun Ventures,2,Private Equity and Venture Capital,United Kingdom,,FALSE,Named
Digital and Technologies,Outsized Ventures,2,Private Equity and Venture Capital,United Kingdom,,FALSE,Named
Digital and Technologies,Oxford Technology,2,Private Equity and Venture Capital,United Kingdom,,FALSE,Named
Digital and Technologies,Paladin Capital Group,2,Private Equity and Venture Capital,United States,,FALSE,Named
Digital and Technologies,Penta Capital,2,Private Equity and Venture Capital,United Kingdom,,FALSE,Named
Digital and Technologies,Pentech Ventures,2,Private Equity and Venture Capital,United Kingdom,,FALSE,Named
Digital and Technologies,Perscitus Advisers,2,Private Equity and Venture Capital,United Kingdom,,FALSE,Named
Digital and Technologies,Pfizer,2,Corporate,United States,,FALSE,Named
Digital and Technologies,Phoenix Group,2,Corporate,United Kingdom,UK pension funds,FALSE,Named
Digital and Technologies,Point72,2,Asset Management,United States,,FALSE,Named
Digital and Technologies,Pollen Street Capital,2,Private Equity and Venture Capital,United Kingdom,,FALSE,Named
Digital and Technologies,Puma Investment Management,2,Asset Management,United Kingdom,,FALSE,Named
Digital and Technologies,QBN Capital,2,Private Equity and Venture Capital,Hong Kong,,FALSE,Named
Digital and Technologies,Qatar Investment Authority,2,Sovereign Wealth Fund,Qatar,SW Fund,FALSE,Named
Digital and Technologies,Quester Venture Partnership,2,Private Equity and Venture Capital,United Kingdom,,FALSE,Named
Digital and Technologies,Quilam Capital,2,Private Equity and Venture Capital,United Kingdom,,FALSE,Named
Digital and Technologies,Rabobank,2,Bank,Netherlands,,FALSE,Named
Digital and Technologies,Railpen,2,Asset Management,United Kingdom,,FALSE,Named
Digital and Technologies,Redline Capital Management,2,Private Equity and Venture Capital,United Kingdom,,FALSE,Named
Digital and Technologies,SV Health Investors,2,Private Equity and Venture Capital,United Kingdom,,TRUE,Named
Digital and Technologies,Saudi Aramco,2,Corporate,Saudi Arabia,,FALSE,Named
Digital and Technologies,Seventure Partners,2,Private Equity and Venture Capital,France,,FALSE,Named
Digital and Technologies,Silversmith Capital Partners,2,Private Equity and Venture Capital,United States,,FALSE,Named
Digital and Technologies,Sofina,2,Private Equity and Venture Capital,Belgium,,FALSE,Named
Digital and Technologies,Souter Investments LLP,2,Family Office,United Kingdom,,FALSE,Named
Digital and Technologies,Starwood Capital Group,2,Asset Management / Private Equity,United States,,FALSE,Named
Digital and Technologies,Stride.VC,2,Private Equity and Venture Capital,United Kingdom,,FALSE,Named
Digital and Technologies,Stripe,2,Private Equity and Venture Capital,United States,,FALSE,Named
Digital and Technologies,Summit Partners,2,Private Equity and Venture Capital,United States,,FALSE,Named
Digital and Technologies,Syncona Partners,2,Private Equity and Venture Capital,United Kingdom,,FALSE,Named
Digital and Technologies,TELUS Corporation,2,Corporate,Canada,,FALSE,Named
Digital and Technologies,TPG,2,Private Equity and Venture Capital,United States,,FALSE,Named
Digital and Technologies,Tanarra,2,Asset Management / Private Equity,Australia,,FALSE,Named
Digital and Technologies,Ten Coves Capital,2,Private Equity and Venture Capital,United States,,FALSE,Named
Digital and Technologies,Ten Eleven Ventures,2,Private Equity and Venture Capital,United States,,FALSE,Named
Digital and Technologies,ThinCats,2,Specialist Lender,United Kingdom,,TRUE,Named
Digital and Technologies,Trinity Capital,2,Specialist Lender,United States,,FALSE,Named
Digital and Technologies,U-Start Club,2,Private Equity and Venture Capital,Italy,,FALSE,Named
Digital and Technologies,UK Export Finance,2,Central Government,United Kingdom,,FALSE,Named
Digital and Technologies,Unilever,2,Corporate,United Kingdom,,FALSE,Named
Digital and Technologies,Updata Partners,2,Private Equity and Venture Capital,United States,,FALSE,Named
Digital and Technologies,Vanderbilt University,2,University,United States,,FALSE,Named
Digital and Technologies,Ventech,2,Private Equity and Venture Capital,France,,FALSE,Named
Digital and Technologies,Village Global,2,Private Equity and Venture Capital,United States,,FALSE,Named
Digital and Technologies,Walking Ventures,2,Private Investment Vehicle,United Kingdom,,FALSE,Named
Digital and Technologies,Wayra,2,Accelerator,United Kingdom,,FALSE,Named
Digital and Technologies,West Hill Capital,2,Private Equity and Venture Capital,United Kingdom,,FALSE,Named
Digital and Technologies,WestBridge Capital,2,Private Equity and Venture Capital,United Kingdom,,FALSE,Named
Digital and Technologies,White Cloud,2,Private Equity and Venture Capital,Luxembourg,,FALSE,Named
Digital and Technologies,Wild Blue Cohort,2,Angel Network,United Kingdom,,FALSE,Named
Digital and Technologies,World Gold Council,2,Corporate,United Kingdom,,FALSE,Named
Digital and Technologies,b2venture,2,Private Equity and Venture Capital,Germany,,FALSE,Named
Digital and Technologies,noa,2,Private Equity and Venture Capital,United Kingdom,,FALSE,Named
Digital and Technologies,o2h Ventures,2,Private Equity and Venture Capital,United Kingdom,,FALSE,Named
Digital and Technologies,1/0 Capital,1,Private Equity and Venture Capital,United States,,FALSE,Named
Digital and Technologies,11.2 Capital,1,Private Equity and Venture Capital,United States,,FALSE,Named
Digital and Technologies,13books Capital,1,Private Equity and Venture Capital,United Kingdom,,TRUE,Named
Digital and Technologies,14W,1,Private Equity and Venture Capital,United States,,FALSE,Named
Digital and Technologies,1818 Venture Capital,1,Private Equity and Venture Capital,Guernsey,,FALSE,Named
Digital and Technologies,2050 Capital,1,Private Equity and Venture Capital,United Kingdom,,TRUE,Named
Digital and Technologies,2be.lu,1,Private Equity and Venture Capital,Luxembourg,,FALSE,Named
Digital and Technologies,4J Studios,1,Corporate,United Kingdom,,FALSE,Named
Digital and Technologies,5Y Capital,1,Family Office,China,,FALSE,Named
Digital and Technologies,76 West Holdings,1,Corporate,United States,,FALSE,Named
Digital and Technologies,8090 Partners,1,Private Equity and Venture Capital,United Kingdom,,FALSE,Named
Digital and Technologies,ABN AMRO,1,Bank,Netherlands,,FALSE,Named
Digital and Technologies,ACG,1,Private Equity and Venture Capital,India,,FALSE,Named
Digital and Technologies,ADQ,1,Central Government,United Arab Emirates,,FALSE,Named
Digital and Technologies,AFG Partners,1,Private Equity and Venture Capital,Hong Kong,,FALSE,Named
Digital and Technologies,AIB,1,Bank,Ireland,,FALSE,Bank/Loan
Digital and Technologies,APEX Ventures,1,Private Equity and Venture Capital,Austria,,FALSE,Named
Digital and Technologies,ARCH Venture Partners,1,Private Equity and Venture Capital,United States,,FALSE,Named
Digital and Technologies,AXA,1,Corporate,France,,FALSE,Named
Digital and Technologies,AXM Venture Capital Ltd,1,Private Equity and Venture Capital,United Kingdom,,FALSE,Named
Digital and Technologies,AbbVie Ventures,1,Corporate,United States,,FALSE,Named
Digital and Technologies,Abry Partners,1,Private Equity and Venture Capital,United States,,FALSE,Named
Digital and Technologies,Abu Dhabi Growth Fund,1,Government,United Arab Emirates,,FALSE,Named
Digital and Technologies,Access Industries,1,Private Investment Vehicle,United States,,FALSE,Named
Digital and Technologies,Accion Frontier Investments Group,1,Charity/Not-for-profit company,United States,,FALSE,Named
Digital and Technologies,Acequia Capital,1,Private Equity and Venture Capital,United States,,FALSE,Named
Digital and Technologies,Activum SG Capital Management,1,Private Equity and Venture Capital,Jersey,,FALSE,Named
Digital and Technologies,Adcock Private Equity,1,Private Equity and Venture Capital,Australia,,FALSE,Named
Digital and Technologies,Adelie,1,Private Equity and Venture Capital,France,,FALSE,Named
Digital and Technologies,AdvenCap,1,Asset Management,Mauritius,,FALSE,Named
Digital and Technologies,Advent International,1,Private Equity and Venture Capital,United States,,FALSE,Named
Digital and Technologies,Advent Venture Partners,1,Private Equity and Venture Capital,United Kingdom,,FALSE,Named
Digital and Technologies,Agronomics,1,Private Equity and Venture Capital,Isle Of Man,,FALSE,Named
Digital and Technologies,Ahdritz Holding,1,Private Investment Vehicle,United States,,FALSE,Named
Digital and Technologies,Air Street Capital,1,Private Equity and Venture Capital,United Kingdom,,FALSE,Named
Digital and Technologies,Aitua Limited,1,Corporate,United Kingdom,,FALSE,Named
Digital and Technologies,Aldea Ventures,1,Private Equity and Venture Capital,Spain,,FALSE,Named
Digital and Technologies,Alignment Growth,1,Private Equity and Venture Capital,United States,,FALSE,Named
Digital and Technologies,Allectus Capital,1,Private Equity and Venture Capital,Bermuda,,FALSE,Named
Digital and Technologies,Alliance Bernstein (AB),1,Private Equity and Venture Capital,United States,,FALSE,Named
Digital and Technologies,Alliance Ventures,1,Corporate,Netherlands,,FALSE,Named
Digital and Technologies,Allianz,1,Asset Management,Germany,,FALSE,Named
Digital and Technologies,Ally Bridge Group,1,Private Equity and Venture Capital,United States,,FALSE,Named
Digital and Technologies,Alpha Wave Ventures,1,Private Equity and Venture Capital,United States,,FALSE,Named
Digital and Technologies,AlphaCode,1,Accelerator,South Africa,,FALSE,Named
Digital and Technologies,Alpine Electronics,1,Corporate,United Kingdom,,FALSE,Named
Digital and Technologies,Altimeter Capital,1,Private Equity and Venture Capital,United States,,FALSE,Named
Digital and Technologies,Alumni Ventures,1,Angel Network,United States,,FALSE,Named
Digital and Technologies,Amati Global Investors,1,Private Equity and Venture Capital,United Kingdom,,FALSE,Named
Digital and Technologies,Amcor,1,Corporate,Switzerland,,FALSE,Named
Digital and Technologies,Amundi,1,Asset Management,France,,FALSE,Named
Digital and Technologies,Ananke Ventures,1,Private Equity and Venture Capital,United Kingdom,,FALSE,Named
Digital and Technologies,Andreessen Horowitz,1,Private Equity and Venture Capital,United States,,FALSE,Named
Digital and Technologies,Angel Academe,1,Angel Network,United Kingdom,,TRUE,Named
Digital and Technologies,Angels Nominees,1,Private Investment Vehicle,United Kingdom,,FALSE,Named
Digital and Technologies,Angels in the City,1,Angel Network,United Kingdom,,FALSE,Named
Digital and Technologies,Anticus Partners,1,Private Equity and Venture Capital,United Kingdom,,FALSE,Named
Digital and Technologies,Antin Infrastructure Partners,1,Private Equity and Venture Capital,United Kingdom,,FALSE,Named
Digital and Technologies,Anvil Partners LLP,1,Merchant Bank,United Kingdom,,FALSE,Named
Digital and Technologies,Aonic AB,1,Corporate,Sweden,,FALSE,Named
Digital and Technologies,Apis Partners,1,Private Equity and Venture Capital,United Kingdom,,FALSE,Named
Digital and Technologies,Apollo Global Management,1,Asset Management,United States,,FALSE,Named
Digital and Technologies,Applied Ventures,1,Private Equity and Venture Capital,United States,,FALSE,Named
Digital and Technologies,Aqua-Spark,1,Private Equity and Venture Capital,Netherlands,,FALSE,Named
Digital and Technologies,Ara Partners,1,Private Equity and Venture Capital,United States,,FALSE,Named
Digital and Technologies,Aramex,1,Corporate,United Arab Emirates,,FALSE,Named
Digital and Technologies,ArcTern Ventures,1,Private Equity and Venture Capital,Canada,,FALSE,Named
Digital and Technologies,ArchOver,1,Crowd funding,United Kingdom,,FALSE,Named
Digital and Technologies,Archangels,1,Angel Network,United Kingdom,,TRUE,Named
Digital and Technologies,Archean Chemical Industries,1,Corporate,India,,FALSE,Named
Digital and Technologies,Arini,1,Asset Management,United Kingdom,,FALSE,Named
Digital and Technologies,Arix Bioscience,1,Private Equity and Venture Capital,United Kingdom,,FALSE,Named
Digital and Technologies,Arm,1,Corporate,United Kingdom,,FALSE,Named
Digital and Technologies,Arthurian Life Sciences,1,Private Equity and Venture Capital,United Kingdom,,FALSE,Named
Digital and Technologies,Ashridge Capital,1,Private Equity and Venture Capital,United Kingdom,,FALSE,Named
Digital and Technologies,Assembly Capital Partners,1,Private Equity and Venture Capital,United Kingdom,,FALSE,Named
Digital and Technologies,Associated Press,1,Corporate,United States,,FALSE,Named
Digital and Technologies,Aston University,1,University,United Kingdom,,FALSE,Named
Digital and Technologies,Atalaya Capital Management,1,Asset Management,United States,,FALSE,Named
Digital and Technologies,Atempo Growth,1,Specialist Lender,United Kingdom,,TRUE,Named
Digital and Technologies,Audacious Ventures,1,Private Equity and Venture Capital,United States,,FALSE,Named
Digital and Technologies,Auriens,1,Corporate,United Kingdom,,FALSE,Named
Digital and Technologies,Avenue Capital Group,1,Private Equity and Venture Capital,United States,,FALSE,Named
Digital and Technologies,Avery Dennison,1,Corporate,United States,,FALSE,Named
Digital and Technologies,Avidity Partners,1,Private Equity and Venture Capital,United States,,FALSE,Named
Digital and Technologies,Avlar Bioventures,1,Private Equity and Venture Capital,United Kingdom,,FALSE,Named
Digital and Technologies,Avonmore Developments Ltd,1,Private Equity and Venture Capital,United Kingdom,,FALSE,Named
Digital and Technologies,Axel Johnson (D: Ax),1,Corporate,Sweden,,FALSE,Named
Digital and Technologies,Axel Johnson Group,1,Corporate,Sweden,,FALSE,Named
Digital and Technologies,BBVA,1,Bank,Spain,,FALSE,Named
Digital and Technologies,BDT & MSD Partners,1,Merchant Bank,United States,,FALSE,Named
Digital and Technologies,BECO Capital,1,Private Equity and Venture Capital,United Arab Emirates,,FALSE,Named
Digital and Technologies,BGI Genomics,1,Corporate,China,,FALSE,Named
Digital and Technologies,BMJ,1,Corporate,United Kingdom,,FALSE,Named
Digital and Technologies,BMS Finance,1,Specialist Lender,United Kingdom,,FALSE,Named
Digital and Technologies,BMW,1,Corporate,United States,,FALSE,Named
Digital and Technologies,BNF Capital,1,Private Equity and Venture Capital,United Kingdom,,FALSE,Named
Digital and Technologies,BNP Paribas,1,Bank,France,,FALSE,Named
Digital and Technologies,BNW Investment Co,1,Private Equity and Venture Capital,"Korea, Republic Of (South Korea)",,FALSE,Named
Digital and Technologies,BOKA Group,1,Private Equity and Venture Capital,United States,,FALSE,Named
Digital and Technologies,BOND,1,Private Equity and Venture Capital,United States,,FALSE,Named
Digital and Technologies,BTS Group,1,Corporate,Thailand,,FALSE,Named
Digital and Technologies,Bailie Group,1,Corporate,United Kingdom,,FALSE,Named
Digital and Technologies,Baillie Gifford,1,Asset Management,United Kingdom,,FALSE,Named
Digital and Technologies,Baird Capital,1,Private Equity and Venture Capital,United States,,FALSE,Named
Digital and Technologies,Bank of America,1,Bank,United States,,FALSE,Bank/Loan
Digital and Technologies,Bank of Scotland,1,Bank,United Kingdom,,TRUE,Bank/Loan
Digital and Technologies,Base Partners,1,Private Equity and Venture Capital,Brazil,,FALSE,Named
Digital and Technologies,Bayer,1,Corporate,Germany,,FALSE,Named
Digital and Technologies,Bayland Capital,1,Private Equity and Venture Capital,China,,FALSE,Named
Digital and Technologies,Beacon Capital,1,Angel Network,United Kingdom,,FALSE,Named
Digital and Technologies,Beacon Equity Partners,1,Private Equity and Venture Capital,United States,,FALSE,Named
Digital and Technologies,Beast Ventures,1,Private Equity and Venture Capital,United Kingdom,,FALSE,Named
Digital and Technologies,Beauport Partners,1,Private Equity and Venture Capital,Jersey,,FALSE,Named
Digital and Technologies,Beech Tree Private Equity,1,Private Equity and Venture Capital,United Kingdom,,FALSE,Named
Digital and Technologies,Beechbrook Capital,1,Specialist Lender,United Kingdom,,TRUE,Named
Digital and Technologies,Beer and Partners,1,Angel Network,United Kingdom,,FALSE,Named
Digital and Technologies,Berggruen Holdings,1,Family Office,United States,,FALSE,Named
Digital and Technologies,Bertelsmann,1,Corporate,United States,,FALSE,Named
Digital and Technologies,Berti Investments,1,Charity/Not-for-profit company,United Kingdom,,FALSE,Named
Digital and Technologies,Best Nights VC,1,Private Equity and Venture Capital,Germany,,FALSE,Named
Digital and Technologies,Big Pi Ventures,1,Private Equity and Venture Capital,Greece,,FALSE,Named
Digital and Technologies,Bio-Rad Laboratories,1,Corporate,United States,,FALSE,Named
Digital and Technologies,Bioeconomy Capital,1,Private Equity and Venture Capital,United States,,FALSE,Named
Digital and Technologies,Birchal,1,Crowd funding,Australia,,FALSE,Named
Digital and Technologies,Blackfinch Group,1,Asset Management,United Kingdom,,FALSE,Named
Digital and Technologies,Blisce,1,Private Equity and Venture Capital,France,,FALSE,Named
Digital and Technologies,Bloc Ventures,1,Private Equity and Venture Capital,United Kingdom,,FALSE,Named
Digital and Technologies,Bloom 8 (formerly Rage Capital),1,Private Equity and Venture Capital,United Kingdom,,FALSE,Named
Digital and Technologies,Bloomsbury Bioseed Fund,1,Private Equity and Venture Capital,United Kingdom,,FALSE,Named
Digital and Technologies,Blossom Capital,1,Private Equity and Venture Capital,United Kingdom,,FALSE,Named
Digital and Technologies,Blossom Street Ventures,1,Private Equity and Venture Capital,United States,,FALSE,Named
Digital and Technologies,Blue Horizon Group,1,Private Equity and Venture Capital,Switzerland,,FALSE,Named
Digital and Technologies,Blue Water Energy,1,Private Equity and Venture Capital,United Kingdom,,FALSE,Named
Digital and Technologies,BlueYard Capital,1,Private Equity and Venture Capital,Germany,,FALSE,Named
Digital and Technologies,BnkToTheFuture,1,Crowd funding,Cayman Islands,,FALSE,Named
Digital and Technologies,Boehringer Ingelheim,1,Corporate,Germany,,FALSE,Named
Digital and Technologies,Bonnier Ventures,1,Corporate,Sweden,,FALSE,Named
Digital and Technologies,Borealis Ventures,1,Private Equity and Venture Capital,Germany,,FALSE,Named
Digital and Technologies,Bosch,1,Corporate,Germany,,FALSE,Named
Digital and Technologies,Boundary Capital,1,Private Equity and Venture Capital,United Kingdom,,FALSE,Named
Digital and Technologies,Brand Capital,1,Corporate,India,,FALSE,Named
Digital and Technologies,Bridford Group,1,Private Equity and Venture Capital,United Kingdom,,FALSE,Named
Digital and Technologies,Bridge Nine Capital Partners,1,Private Equity and Venture Capital,United Arab Emirates,,FALSE,Named
Digital and Technologies,Bridgepoint,1,Private Equity and Venture Capital,United Kingdom,,FALSE,Named
Digital and Technologies,Brighteye,1,Private Equity and Venture Capital,France,,FALSE,Named
Digital and Technologies,Brighton Park Capital,1,Private Equity and Venture Capital,United States,,FALSE,Named
Digital and Technologies,Bristol Private Equity Club,1,Angel Network,United Kingdom,,FALSE,Named
Digital and Technologies,Britannia,1,Corporate,India,,FALSE,Named
Digital and Technologies,British International Investment (formerly CDC Group),1,Central Government,United Kingdom,,FALSE,Named
Digital and Technologies,Brookfield,1,Asset Management / Private Equity,Canada,,FALSE,Named
Digital and Technologies,Business Finance Partnership Programme,1,Central Government,United Kingdom,,FALSE,Named
Digital and Technologies,C5 Capital,1,Private Equity and Venture Capital,United Kingdom,,FALSE,Named
Digital and Technologies,CAA Ventures,1,Private Equity and Venture Capital,United States,,FALSE,Named
Digital and Technologies,CASSIUS,1,Private Equity and Venture Capital,United States,,FALSE,Named
Digital and Technologies,CBPE Capital,1,Private Equity and Venture Capital,United Kingdom,,FALSE,Named
Digital and Technologies,CFFI UK Ventures,1,Private Investment Vehicle,Barbados,,FALSE,Named
Digital and Technologies,CITIC Securities,1,Merchant Bank,China,,FALSE,Named
Digital and Technologies,CMT Group,1,Corporate,United Kingdom,,FALSE,Named
Digital and Technologies,CN Innovations Holdings,1,Corporate,Hong Kong,,FALSE,Named
Digital and Technologies,CNP Assurances,1,Corporate,France,,FALSE,Named
Digital and Technologies,CTC Venture Capital,1,Private Equity and Venture Capital,United States,,FALSE,Named
Digital and Technologies,CVentures,1,Corporate,Egypt,,FALSE,Named
Digital and Technologies,CaaS Capital Management,1,Asset Management,United States,,FALSE,Named
Digital and Technologies,Cabot Square Capital,1,Private Equity and Venture Capital,United Kingdom,,FALSE,Named
Digital and Technologies,Caisse de dépôt et placement du Québec (CDPQ),1,,,,,Named
Digital and Technologies,Cambridge Capital Group,1,Angel Network,United Kingdom,,FALSE,Named
Digital and Technologies,Cambridge Consultants,1,Commercialisation Company,United Kingdom,,FALSE,Named
Digital and Technologies,Canapi Ventures,1,Private Equity and Venture Capital,United Kingdom,,FALSE,Named
Digital and Technologies,Candy Ventures,1,Family Office,United Kingdom,,FALSE,Named
Digital and Technologies,CapHorn Invest,1,Private Equity and Venture Capital,France,,FALSE,Named
Digital and Technologies,Capita PLC,1,Corporate,United Kingdom,,FALSE,Named
Digital and Technologies,Capital D,1,Private Equity and Venture Capital,United Kingdom,,FALSE,Named
Digital and Technologies,CapitalG (formerly Google Capital),1,Corporate,United States,,FALSE,Named
Digital and Technologies,Caple,1,Specialist Lender,United Kingdom,,FALSE,Named
Digital and Technologies,Capricorn Investment Group,1,Private Equity and Venture Capital,United States,,FALSE,Named
Digital and Technologies,Cardiff Council,1,Local and Regional Government,United Kingdom,,FALSE,Named
Digital and Technologies,Catamaran Ventures,1,Family Office,India,,FALSE,Named
Digital and Technologies,Catapult Venture Managers,1,Private Equity and Venture Capital,United Kingdom,,FALSE,Named
Digital and Technologies,Cazenove Private Equity,1,Private Equity and Venture Capital,United Kingdom,,FALSE,Named
Digital and Technologies,Cedars-Sinai Hospital,1,Charity/Not-for-profit company,United States,,FALSE,Named
Digital and Technologies,Celsius Industries,1,Private Equity and Venture Capital,United Kingdom,,FALSE,Named
Digital and Technologies,Centerbridge Partners,1,Private Equity and Venture Capital,United States,,FALSE,Named
Digital and Technologies,Centrica Energy,1,Corporate,United Kingdom,,FALSE,Named
Digital and Technologies,Cercano Management,1,Family Office,United States,,FALSE,Named
Digital and Technologies,Charles River Labs,1,Commercialisation Company,United States,,FALSE,Named
Digital and Technologies,Charlotte Street Capital,1,Private Equity and Venture Capital,United Kingdom,,FALSE,Named
Digital and Technologies,Chaucer Consulting,1,Corporate,United Kingdom,,FALSE,Named
Digital and Technologies,Chevron Technology Ventures,1,Corporate,United States,,FALSE,Named
Digital and Technologies,Chicago Booth Angels,1,Angel Network,United States,,FALSE,Named
Digital and Technologies,Chief Financial Capital,1,Private Investment Vehicle,United States,,FALSE,Named
Digital and Technologies,Circle,1,Corporate,United States,,FALSE,Named
Digital and Technologies,Circularity Capital,1,Private Equity and Venture Capital,United Kingdom,,FALSE,Named
Digital and Technologies,Cisco,1,Corporate,United States,,FALSE,Named
Digital and Technologies,City & Guilds Group,1,Corporate,United Kingdom,,FALSE,Named
Digital and Technologies,City Securities,1,Private Equity and Venture Capital,United Kingdom,,FALSE,Named
Digital and Technologies,Civilization Ventures,1,Private Equity and Venture Capital,United States,,FALSE,Named
Digital and Technologies,Clocktower Ventures,1,Private Equity and Venture Capital,United States,,FALSE,Named
Digital and Technologies,Club Changer,1,Family Office,Monaco / UAE,,FALSE,Named
Digital and Technologies,CoVent Partners,1,Private Equity and Venture Capital,France,,FALSE,Named
Digital and Technologies,Cody Gate Ventures,1,Private Equity and Venture Capital,United Kingdom,,FALSE,Named
Digital and Technologies,Cohen Circle,1,Private Equity and Venture Capital,United States,,FALSE,Named
Digital and Technologies,Coinbase Ventures,1,Corporate,United States,,FALSE,Named
Digital and Technologies,Colle Capital,1,Private Equity and Venture Capital,United States,,FALSE,Named
Digital and Technologies,Collector Bank,1,Bank,Sweden,,FALSE,Bank/Loan
Digital and Technologies,Coller Capital,1,Private Equity and Venture Capital,United Kingdom,,FALSE,Named
Digital and Technologies,Collinio Capital,1,Private Equity and Venture Capital,Jersey,,FALSE,Named
Digital and Technologies,Combined London Colleges University Challenge Seed Fund (CLCUC),1,Private Equity and Venture Capital,United Kingdom,,FALSE,Named
Digital and Technologies,Comhar Capital,1,Private Equity and Venture Capital,United Kingdom,,FALSE,Named
Digital and Technologies,Committed Capital,1,Private Equity and Venture Capital,United Kingdom,,FALSE,Named
Digital and Technologies,Communitas Capital Partners,1,Private Equity and Venture Capital,United States,,FALSE,Named
Digital and Technologies,Company K Partners,1,Private Equity and Venture Capital,South Korea,,FALSE,Named
Digital and Technologies,Concentric Partners,1,Private Equity and Venture Capital,United Kingdom,,FALSE,Named
Digital and Technologies,Connectd,1,Angel Network,United Kingdom,,FALSE,Named
Digital and Technologies,Connected Capital,1,Private Equity and Venture Capital,Netherlands,,FALSE,Named
Digital and Technologies,Contour Venture Partners,1,Private Equity and Venture Capital,United States,,FALSE,Named
Digital and Technologies,Conviction Investment Partners (CIP),1,Private Equity and Venture Capital,United Kingdom,,FALSE,Named
Digital and Technologies,Convoy Global Holdings,1,Asset Management,Hong Kong,,FALSE,Named
Digital and Technologies,Correlation One Holdings,1,Private Investment Vehicle,United States,,FALSE,Named
Digital and Technologies,Cow Corner,1,Private Equity and Venture Capital,United Kingdom,,FALSE,Named
Digital and Technologies,Cowen Healthcare Investments,1,Bank,United States,,FALSE,Named
Digital and Technologies,Crayon,1,Corporate,Norway,,FALSE,Named
Digital and Technologies,Creative Artists Agency,1,Corporate,United States,,FALSE,Named
Digital and Technologies,Credit Agricole,1,Bank,France,,FALSE,Named
Digital and Technologies,Credo Ventures,1,Private Equity and Venture Capital,Czech Republic,,FALSE,Named
Digital and Technologies,Crossfin Holdings,1,Private Equity and Venture Capital,South Africa,,FALSE,Named
Digital and Technologies,Curious Capital,1,Private Equity and Venture Capital,United States,,FALSE,Named
Digital and Technologies,Cyber London (CyLon),1,Accelerator,United Kingdom,,FALSE,Named
Digital and Technologies,D1 Capital Partners,1,Private Equity and Venture Capital,United States,,FALSE,Named
Digital and Technologies,D4 Ventures,1,Private Equity and Venture Capital,United Kingdom,,FALSE,Named
Digital and Technologies,DAG Ventures,1,Private Equity and Venture Capital,United States,,FALSE,Named
Digital and Technologies,DB1 Ventures,1,,,,,Named
Digital and Technologies,DCVC,1,Corporate,United States,,FALSE,Named
Digital and Technologies,DEG Invest,1,Government,Germany,,FALSE,Named
Digital and Technologies,DFJ,1,Private Equity and Venture Capital,United States,,FALSE,Named
Digital and Technologies,DIG Investments,1,Family Office,United Kingdom,,FALSE,Named
Digital and Technologies,DKLM,1,Corporate,United Kingdom,,FALSE,Named
Digital and Technologies,DNB,1,Bank,Norway,,FALSE,Named
Digital and Technologies,DSW Ventures,1,Angel Network,United Kingdom,,TRUE,Named
Digital and Technologies,Dai-ichi Life Insurance,1,Corporate,Japan,,FALSE,Named
Digital and Technologies,Daishin Private Equity,1,Private Equity and Venture Capital,"Korea, Republic Of (South Korea)",,FALSE,Named
Digital and Technologies,Danish Green Futures Fund,1,Government,Denmark,,FALSE,Named
Digital and Technologies,Databricks,1,Corporate,United States,,FALSE,Named
Digital and Technologies,Deep Track Capital,1,Private Equity and Venture Capital,United States,,FALSE,Named
Digital and Technologies,Dentons,1,Corporate,United Kingdom,,FALSE,Named
Digital and Technologies,"Department for Science, Innovation and Technology (DSIT)",1,Central Government,United Kingdom,,FALSE,Named
Digital and Technologies,Department of Education,1,Government,Dependent,,FALSE,Named
Digital and Technologies,Designer Fund,1,Private Equity and Venture Capital,United States,,FALSE,Named
Digital and Technologies,Digital Alpha Capital,1,Private Equity and Venture Capital,United States,,FALSE,Named
Digital and Technologies,Digital China Health Technologies Corporation (DCHealth),1,Corporate,China,,FALSE,Named
Digital and Technologies,DigitalBridge,1,Asset Management,United States,,FALSE,Named
Digital and Technologies,Dimension,1,Private Equity and Venture Capital,United States,,FALSE,Named
Digital and Technologies,Dorilton Ventures,1,Private Investment Vehicle,United States,,FALSE,Named
Digital and Technologies,Doxa Partners,1,Private Equity and Venture Capital,United Kingdom,,FALSE,Named
Digital and Technologies,Dragoneer Investment Group,1,Private Equity and Venture Capital,United States,,FALSE,Named
Digital and Technologies,Drake Capital Advisors LLC,1,Private Equity and Venture Capital,United States,,FALSE,Named
Digital and Technologies,DuKlaw Ventures,1,Private Equity and Venture Capital,Switzerland,,FALSE,Named
Digital and Technologies,Dubai Investments,1,Private Equity and Venture Capital,United Arab Emirates,,FALSE,Named
Digital and Technologies,E& Investment,1,Private Equity and Venture Capital,"Korea, Republic Of (South Korea)",,FALSE,Named
Digital and Technologies,ECI Partners,1,Private Equity and Venture Capital,United Kingdom,,FALSE,Named
Digital and Technologies,EDP Ventures,1,Corporate,Portugal,,FALSE,Named
Digital and Technologies,EKA Ventures,1,Private Equity and Venture Capital,United Kingdom,,TRUE,Named
Digital and Technologies,EMBL Ventures,1,Private Equity and Venture Capital,Germany,,FALSE,Named
Digital and Technologies,ENEOS Innovation Partners,1,Corporate,Japan,,FALSE,Named
Digital and Technologies,EPIC Investment Partners,1,Asset Management,United Kingdom,,FALSE,Named
Digital and Technologies,ESM Investments,1,Angel Network,United Kingdom,,FALSE,Named
Digital and Technologies,Eagle Investment,1,Private Equity and Venture Capital,United States,,FALSE,Named
Digital and Technologies,East Lodge Capital,1,Private Equity and Venture Capital,United Kingdom,,FALSE,Named
Digital and Technologies,Eckuity Capital,1,Private Equity and Venture Capital,United States,,FALSE,Named
Digital and Technologies,EcoMachines Ventures,1,Private Equity and Venture Capital,United Kingdom,,FALSE,Named
Digital and Technologies,Eden Ventures,1,Private Equity and Venture Capital,United Kingdom,,FALSE,Named
Digital and Technologies,Edinv,1,Family Office,United Kingdom,,FALSE,Named
Digital and Technologies,Edmond de Rothschild Investment Partners,1,Private Equity and Venture Capital,France,,FALSE,Bank/Loan
Digital and Technologies,EduCapital,1,Private Equity and Venture Capital,France,,FALSE,Named
Digital and Technologies,Eight Peaks Group,1,Asset Management,United Kingdom,,FALSE,Named
Digital and Technologies,Elbrus Capital,1,Private Equity and Venture Capital,Russian Federation,,FALSE,Named
Digital and Technologies,Elecnor Deimos Space,1,Corporate,Spain,,FALSE,Named
Digital and Technologies,Elixirr,1,Corporate,United Kingdom,,FALSE,Named
Digital and Technologies,Elkstone,1,Family Office,Ireland,,FALSE,Named
Digital and Technologies,Elliott Management Corporation,1,Asset Management,United States,,FALSE,Named
Digital and Technologies,Elmwood,1,Corporate,United Kingdom,,FALSE,Named
Digital and Technologies,Elysian Capital,1,Private Equity and Venture Capital,United Kingdom,,FALSE,Named
Digital and Technologies,Emerald Technology Ventures,1,Private Equity and Venture Capital,Switzerland,,FALSE,Named
Digital and Technologies,Emerge Education,1,Private Equity and Venture Capital,United Kingdom,,FALSE,Named
Digital and Technologies,Emery Capital,1,Private Equity and Venture Capital,Russian Federation,,FALSE,Named
Digital and Technologies,EnBW,1,Private Equity and Venture Capital,Germany,,FALSE,Named
Digital and Technologies,Encore Capital,1,Private Equity and Venture Capital,United Kingdom,,FALSE,Named
Digital and Technologies,Energy Impact Partners LP,1,Private Equity and Venture Capital,United States,,FALSE,Named
Digital and Technologies,Enterprise Investment Partners,1,Private Equity and Venture Capital,United Kingdom,,FALSE,Named
Digital and Technologies,Entree Capital,1,Private Equity and Venture Capital,United Kingdom,,FALSE,Named
Digital and Technologies,Epic Games,1,Corporate,United States,,FALSE,Named
Digital and Technologies,Episode 1,1,Private Equity and Venture Capital,United Kingdom,,FALSE,Named
Digital and Technologies,Equinor,1,State-owned enterprise (SOE) / Corporate strategic investor,Norway,,FALSE,Named
Digital and Technologies,Ericsson,1,Corporate,Sweden,,FALSE,Named
Digital and Technologies,Erna Low Consultants,1,Corporate,United Kingdom,,FALSE,Named
Digital and Technologies,Escala Capital,1,Private Equity and Venture Capital,Spain,,FALSE,Named
Digital and Technologies,Essex Innovation,1,Local and Regional Government,United Kingdom,,FALSE,Named
Digital and Technologies,Estancia Capital Partners,1,Private Equity and Venture Capital,United States,,FALSE,Named
Digital and Technologies,Ethereal Ventures,1,Private Equity and Venture Capital,"Virgin Islands, British",,FALSE,Named
Digital and Technologies,European Investment Bank (EIB),1,Bank,Luxembourg,,FALSE,Bank/Loan
Digital and Technologies,Eurovestech,1,Private Equity and Venture Capital,United Kingdom,,FALSE,Named
Digital and Technologies,Evolve Healthcare Partners,1,Private Equity and Venture Capital,Spain / United Kingdom,,FALSE,Named
Digital and Technologies,Exor,1,Family Office,Netherlands,,FALSE,Named
Digital and Technologies,Exponential Ventures,1,Private Equity and Venture Capital,United Kingdom,,FALSE,Named
Digital and Technologies,Export & Investment Fund of Denmark,1,Central Government,Denmark,,FALSE,Named
Digital and Technologies,F-Prime Capital Partners,1,Private Equity and Venture Capital,United States,,FALSE,Named
Digital and Technologies,FINTOP Capital,1,Private Equity and Venture Capital,United States,,FALSE,Named
Digital and Technologies,FIS,1,Corporate,United States,,FALSE,Named
Digital and Technologies,FLUXUNIT,1,Corporate,Germany,,FALSE,Named
Digital and Technologies,FMZ Ventures,1,Private Investment Vehicle,United States,,FALSE,Named
Digital and Technologies,FNZ Group,1,Corporate,United Kingdom,,FALSE,Named
Digital and Technologies,FPE Capital,1,Private Equity and Venture Capital,United Kingdom,,TRUE,Named
Digital and Technologies,FactSet,1,Corporate,United States,,FALSE,Named
Digital and Technologies,Farallon Capital Management,1,Asset Management,United States,,FALSE,Named
Digital and Technologies,Felicis Ventures,1,Private Equity and Venture Capital,United States,,FALSE,Named
Digital and Technologies,Fidelity Investments,1,Asset Management,United States,,FALSE,Named
Digital and Technologies,Fieldfisher,1,Corporate,United Kingdom,,FALSE,Named
Digital and Technologies,Fifth Era,1,Private Equity and Venture Capital,United States,,FALSE,Named
Digital and Technologies,Fin Capital,1,Private Equity and Venture Capital,United States,,FALSE,Named
Digital and Technologies,Fin Venture Capital,1,Private Equity and Venture Capital,United States,,FALSE,Named
Digital and Technologies,FinTech Collective,1,Private Equity and Venture Capital,United States,,FALSE,Named
Digital and Technologies,Finance Yorkshire,1,Private Equity and Venture Capital,United Kingdom,,FALSE,Named
Digital and Technologies,First Capital Ventures,1,Private Equity and Venture Capital,United States,,FALSE,Named
Digital and Technologies,FirstCape,1,Private Equity and Venture Capital,New Zealand,,FALSE,Named
Digital and Technologies,Five Seasons Ventures,1,Private Equity and Venture Capital,France,,FALSE,Named
Digital and Technologies,Flashpoint Venture Capital,1,Private Equity and Venture Capital,United Kingdom,,FALSE,Named
Digital and Technologies,Flerie Invest,1,Private Equity and Venture Capital,Sweden,,FALSE,Named
Digital and Technologies,Flow Capital,1,Private Equity and Venture Capital,Canada,,FALSE,Named
Digital and Technologies,Folklore Ventures,1,Private Equity and Venture Capital,Australia,,FALSE,Named
Digital and Technologies,Fondazione di Sardegna,1,Corporate,Italy,,FALSE,Named
Digital and Technologies,Fontinalis Partners,1,Private Equity and Venture Capital,United Kingdom,,FALSE,Named
Digital and Technologies,Fordhouse Equity,1,Private Equity and Venture Capital,United Kingdom,,FALSE,Named
Digital and Technologies,Fortescue Zero,1,Corporate,United Kingdom,,FALSE,Named
Digital and Technologies,Forum Foundry,1,Corporate,United States,,FALSE,Named
Digital and Technologies,Foundamental,1,Private Equity and Venture Capital,Germany,,FALSE,Named
Digital and Technologies,Foundation Capital,1,Private Equity and Venture Capital,United States,,FALSE,Named
Digital and Technologies,Founder Collective,1,Private Equity and Venture Capital,United States,,FALSE,Named
Digital and Technologies,Founders Circle Capital,1,Private Equity and Venture Capital,United States,,FALSE,Named
Digital and Technologies,Framework Venture Partners,1,Private Equity and Venture Capital,Canada,,FALSE,Named
Digital and Technologies,Franklin Templeton,1,Private Equity and Venture Capital,United States,,FALSE,Named
Digital and Technologies,Fuel Venture Capital,1,Private Equity and Venture Capital,United States,,FALSE,Named
Digital and Technologies,Fushia,1,Private Equity and Venture Capital,United Kingdom,,FALSE,Named
Digital and Technologies,Future Energy Ventures Management,1,Private Equity and Venture Capital,Germany,,FALSE,Named
Digital and Technologies,Future Shape,1,Private Investment Vehicle,France,,FALSE,Named
Digital and Technologies,G Squared,1,Private Equity and Venture Capital,United Kingdom,,FALSE,Named
Digital and Technologies,GC Angels,1,Angel Network,United Kingdom,,FALSE,Named
Digital and Technologies,GE Healthcare,1,Corporate,United States,,FALSE,Named
Digital and Technologies,GIA Surveyors,1,Corporate,United Kingdom,,FALSE,Named
Digital and Technologies,GLy Capital Management,1,Private Equity and Venture Capital,Hong Kong,,FALSE,Named
Digital and Technologies,GT Healthcare,1,Private Equity and Venture Capital,United Kingdom,,FALSE,Named
Digital and Technologies,GTAM Partners,1,Private Investment Vehicle,United States,,FALSE,Named
Digital and Technologies,Galaxy Interactive,1,Corporate,United States,,FALSE,Named
Digital and Technologies,Galvanise,1,Angel Network,United Kingdom,,FALSE,Named
Digital and Technologies,GameTech Ventures,1,Private Equity and Venture Capital,United Kingdom,,FALSE,Named
Digital and Technologies,Generation Investment Management,1,Asset Management,United Kingdom,,FALSE,Named
Digital and Technologies,Generation Ventures,1,Private Equity and Venture Capital,Canada,,FALSE,Named
Digital and Technologies,Genoa Ventures,1,Private Equity and Venture Capital,United States,,FALSE,Named
Digital and Technologies,German Media Pool,1,Private Equity and Venture Capital,Germany,,FALSE,Named
Digital and Technologies,Giano Capital,1,Private Equity and Venture Capital,Italy,,FALSE,Named
Digital and Technologies,Global Brain Corporation,1,Private Equity and Venture Capital,Japan,,FALSE,Named
Digital and Technologies,Goldacre,1,,,,,Named
Digital and Technologies,Goldwind,1,Corporate,China,,FALSE,Named
Digital and Technologies,Goodwater Capital LLC,1,Private Equity and Venture Capital,United States,,FALSE,Named
Digital and Technologies,Gorkana Group,1,Corporate,United Kingdom,,FALSE,Named
Digital and Technologies,Grafton Capital,1,Private Equity and Venture Capital,United Kingdom,,FALSE,Named
Digital and Technologies,Gravis Capital Partners (GCP) Infrastructure Fund,1,Private Equity and Venture Capital,United Kingdom,,FALSE,Named
Digital and Technologies,Greater Manchester Combined Authority,1,Local and Regional Government,United Kingdom,,FALSE,Named
Digital and Technologies,Green Angel Ventures,1,Angel Network,United Kingdom,,TRUE,Named
Digital and Technologies,Greenoaks Capital Management,1,Private Equity and Venture Capital,United States,,FALSE,Named
Digital and Technologies,Groupe Arnault,1,Merchant Bank,France,,FALSE,Named
Digital and Technologies,Groupon,1,Corporate,United States,,FALSE,Named
Digital and Technologies,Growth Capital Ventures,1,Private Equity and Venture Capital,United Kingdom,,FALSE,Named
Digital and Technologies,Growth Partner,1,Family Office,United Kingdom,,FALSE,Named
Digital and Technologies,GrowthAccelerator,1,Devolved Government,United Kingdom,,FALSE,Named
Digital and Technologies,Growthdeck,1,Crowd funding,United Kingdom,,FALSE,Named
Digital and Technologies,Guan Quan Investments,1,Private Investment Vehicle,China,,FALSE,Named
Digital and Technologies,Guanqun Chi Cheng,1,Specialist Lender,China,,FALSE,Named
Digital and Technologies,GuoGuang Electric Co,1,Corporate,China,,FALSE,Named
Digital and Technologies,HAT Technology & Innovation Fund,1,Private Equity and Venture Capital,Italy,,FALSE,Named
Digital and Technologies,HB Investments,1,Private Investment Vehicle,United Arab Emirates,,FALSE,Named
Digital and Technologies,HBS Alumni Angels Association,1,Angel Network,United States,,FALSE,Named
Digital and Technologies,HCOB,1,Bank,Germany,,FALSE,Named
Digital and Technologies,HDI,1,Corporate,Germany,,FALSE,Named
Digital and Technologies,HICO Investment Group,1,Private Equity and Venture Capital,Singapore / United Kingdom,,FALSE,Named
Digital and Technologies,Halma,1,Corporate,United Kingdom,,FALSE,Named
Digital and Technologies,Hanaco Ventures,1,Private Equity and Venture Capital,Israel,,FALSE,Named
Digital and Technologies,Hannover Digital Investments,1,Private Equity and Venture Capital,Germany,,FALSE,Named
Digital and Technologies,Hard Yaka,1,Private Equity and Venture Capital,United States,,FALSE,Named
Digital and Technologies,Hardware Club,1,Private Equity and Venture Capital,United States,,FALSE,Named
Digital and Technologies,Harrock Investments,1,Private Equity and Venture Capital,United Kingdom,,FALSE,Named
Digital and Technologies,HealthQuest Capital,1,Private Equity and Venture Capital,United States,,FALSE,Named
Digital and Technologies,Healthbox,1,Accelerator,United States,,FALSE,Named
Digital and Technologies,Healthlink Capital,1,Private Equity and Venture Capital,China,,FALSE,Named
Digital and Technologies,Heartcore Capital,1,Private Equity and Venture Capital,Denmark,,FALSE,Named
Digital and Technologies,Henley,1,Asset Management,United Kingdom,,FALSE,Named
Digital and Technologies,High-Tech Gründerfonds (HTGF),1,,,,,Named
Digital and Technologies,Highlands and Islands Enterprise,1,Local and Regional Government,United Kingdom,,FALSE,Named
Digital and Technologies,Hillhouse Capital Group,1,Private Equity and Venture Capital,China,,FALSE,Named
Digital and Technologies,Hill’s Pet Nutrition,1,,,,,Named
Digital and Technologies,Hitachi Group,1,Corporate,Japan,,FALSE,Named
Digital and Technologies,Holzbrinck Publishing Group,1,Corporate,Germany,,FALSE,Named
Digital and Technologies,Honeycomb Investment Trust,1,Asset Management,United Kingdom,,FALSE,Named
Digital and Technologies,HongShan,1,Private Equity and Venture Capital,China,,FALSE,Named
Digital and Technologies,Hoplon Investment Partners,1,Private Equity and Venture Capital,United Kingdom,,FALSE,Named
Digital and Technologies,Horizons Labs,1,Private Equity and Venture Capital,Hong Kong,,FALSE,Named
Digital and Technologies,Hotspur Capital Partners,1,Angel Network,United Kingdom,,FALSE,Named
Digital and Technologies,House of Fraser,1,Corporate,United Kingdom,,FALSE,Named
Digital and Technologies,Huawei Technologies,1,Corporate,China,,FALSE,Named
Digital and Technologies,I Squared Capital,1,Asset Management,United States,,FALSE,Named
Digital and Technologies,IDC Ventures,1,Private Equity and Venture Capital,Spain,,FALSE,Named
Digital and Technologies,IDO Investments,1,Private Equity and Venture Capital,Oman,,FALSE,Named
Digital and Technologies,IHS Markit,1,Corporate,United Kingdom,,FALSE,Named
Digital and Technologies,IMM Investment,1,Private Equity and Venture Capital,"Korea, Republic Of (South Korea)",,FALSE,Named
Digital and Technologies,IPF Partners,1,Private Equity and Venture Capital,Switzerland,,FALSE,Named
Digital and Technologies,IRIS,1,Corporate,United Kingdom,,FALSE,Named
Digital and Technologies,ITV,1,Corporate,United Kingdom,,FALSE,Named
Digital and Technologies,IW Capital,1,Private Equity and Venture Capital,United Kingdom,,FALSE,Named
Digital and Technologies,Impulse VC,1,Private Equity and Venture Capital,Russian Federation,,FALSE,Named
Digital and Technologies,InHealth Group,1,Corporate,United Kingdom,,FALSE,Named
Digital and Technologies,InMotion Ventures,1,Corporate,United Kingdom,,FALSE,Named
Digital and Technologies,InReach Ventures,1,Private Equity and Venture Capital,United Kingdom,,FALSE,Named
Digital and Technologies,Indigo IP Holdings,1,Private Investment Vehicle,Antigua & Barbuda,,FALSE,Named
Digital and Technologies,Infineon,1,Corporate,Germany,,FALSE,Named
Digital and Technologies,Infinity Asset Management LLP,1,Asset Management,United Kingdom,,FALSE,Named
Digital and Technologies,Infinity Investment Partners,1,Asset Management,United Kingdom,,FALSE,Named
Digital and Technologies,Infocomm Investments,1,Accelerator,Singapore,,FALSE,Named
Digital and Technologies,InfraVia Capital Partners,1,Private Equity and Venture Capital,France,,FALSE,Named
Digital and Technologies,Infracapital,1,Corporate,United Kingdom,,FALSE,Named
Digital and Technologies,Ingevity,1,Corporate,United States,,FALSE,Named
Digital and Technologies,Initial Capital,1,Private Equity and Venture Capital,United Kingdom,,FALSE,Named
Digital and Technologies,Inovia Capital,1,Private Equity and Venture Capital,Canada,,FALSE,Named
Digital and Technologies,Insurtech Gateway,1,Private Equity and Venture Capital,United Kingdom,,FALSE,Named
Digital and Technologies,Intelsat,1,Corporate,United States,,FALSE,Named
Digital and Technologies,Intermediate Capital Group,1,Asset Management / Private Equity,United Kingdom,,FALSE,Named
Digital and Technologies,International Airlines Group,1,Corporate,United Kingdom,,FALSE,Named
Digital and Technologies,International Biotechnology Trust,1,Asset Management,United Kingdom,,FALSE,Named
Digital and Technologies,Interogo,1,Private Investment Vehicle,Switzerland,,FALSE,Named
Digital and Technologies,Intesa Sanpaolo,1,Bank,Italy,,FALSE,Named
Digital and Technologies,Inventure,1,Private Equity and Venture Capital,Finland,,FALSE,Named
Digital and Technologies,Isomer Capital,1,Private Equity and Venture Capital,United Kingdom,,TRUE,Named
Digital and Technologies,J Coffey Construction,1,Corporate,United Kingdom,,FALSE,Named
Digital and Technologies,JRJ Group,1,Private Equity and Venture Capital,United Kingdom,,FALSE,Named
Digital and Technologies,Jacobs,1,Corporate,United States,,FALSE,Named
Digital and Technologies,Jafco Ventures,1,Private Equity and Venture Capital,United States,,FALSE,Named
Digital and Technologies,Jane Street,1,Asset Management,United States,,FALSE,Named
Digital and Technologies,Japan Energy Fund,1,Private Equity and Venture Capital,Japan,,FALSE,Named
Digital and Technologies,Jefferies,1,Merchant Bank,United States,,FALSE,Named
Digital and Technologies,Jeito Capital,1,Private Equity and Venture Capital,France,,FALSE,Named
Digital and Technologies,Jigsaw VC,1,Private Equity and Venture Capital,Jersey,,FALSE,Named
Digital and Technologies,Joseph Rowntree Charitable Trust,1,Charity/Not-for-profit company,United Kingdom,,FALSE,Named
Digital and Technologies,Juno Capital,1,Angel Network,United Kingdom,,FALSE,Named
Digital and Technologies,KKCG,1,Asset Management,Switzerland,,FALSE,Named
Digital and Technologies,KRW Schindler Private Ventures,1,Private Equity and Venture Capital,Luxembourg,,FALSE,Named
Digital and Technologies,KV Management,1,Private Investment Vehicle,United States,,FALSE,Named
Digital and Technologies,Kairos HQ,1,Private Equity and Venture Capital,United States,,FALSE,Named
Digital and Technologies,Kaiser Permanente Ventures,1,Corporate,United States,,FALSE,Named
Digital and Technologies,Kamet Ventures,1,Private Equity and Venture Capital,France,,FALSE,Named
Digital and Technologies,Keen Venture Partners,1,Private Equity and Venture Capital,Netherlands,,FALSE,Named
Digital and Technologies,Kennet Partners,1,Private Equity and Venture Capital,United Kingdom,,FALSE,Named
Digital and Technologies,Keolis,1,Corporate,France,,FALSE,Named
Digital and Technologies,KfW IPEX,1,European,Germany,,FALSE,Named
Digital and Technologies,Kingsway Capital Partners Limited,1,Private Equity and Venture Capital,United Kingdom,,FALSE,Named
Digital and Technologies,Kinnevik,1,Private Equity and Venture Capital,Sweden,,FALSE,Named
Digital and Technologies,Kiwoom,1,Merchant Bank,"Korea, Republic Of (South Korea)",,FALSE,Named
Digital and Technologies,Kommunal Credit,1,Bank,Austria,,FALSE,Named
Digital and Technologies,Korea Investment Partners (KIP),1,Private Equity and Venture Capital,"Korea, Republic Of (South Korea)",,FALSE,Named
Digital and Technologies,Kuvari Partners,1,Asset Management,United Kingdom,,FALSE,Named
Digital and Technologies,L Catterton,1,Private Equity and Venture Capital,United States,,FALSE,Named
Digital and Technologies,LBO France,1,Private Equity and Venture Capital,France,,FALSE,Named
Digital and Technologies,LG Technology Ventures,1,Corporate,United States,,FALSE,Named
Digital and Technologies,LGT Capital Partners,1,Asset Management,Switzerland,,TRUE,Named
Digital and Technologies,LSL Property Services,1,Corporate,United Kingdom,,FALSE,Named
Digital and Technologies,LSP Health Economics Fund,1,Private Equity and Venture Capital,Netherlands,,FALSE,Named
Digital and Technologies,LVMH,1,Corporate,France,,FALSE,Named
Digital and Technologies,La Famiglia,1,Private Equity and Venture Capital,Germany,,FALSE,Named
Digital and Technologies,Latitude fund,1,Private Equity and Venture Capital,United Kingdom,,FALSE,Named
Digital and Technologies,Launchbay Capital,1,Private Equity and Venture Capital,United Kingdom,,FALSE,Named
Digital and Technologies,LeapFrog Investments,1,Private Equity and Venture Capital,United Kingdom,,FALSE,Named
Digital and Technologies,LeapFrog Ventures,1,Private Equity and Venture Capital,Mauritius,,FALSE,Named
Digital and Technologies,Left Lane Capital,1,Private Equity and Venture Capital,United States,,FALSE,Named
Digital and Technologies,Lepe Partners,1,Merchant Bank,United Kingdom,,FALSE,Named
Digital and Technologies,Lerer Hippeau Ventures,1,Private Equity and Venture Capital,United States,,FALSE,Named
Digital and Technologies,Leucadia National Corporation,1,Merchant Bank,United States,,FALSE,Named
Digital and Technologies,Leumi Partners,1,Merchant Bank,Israel,,FALSE,Named
Digital and Technologies,Levy-Weiss,1,Business Angel(s),Israel,,FALSE,Named
Digital and Technologies,Life.SREDA,1,Private Equity and Venture Capital,Singapore,,FALSE,Named
Digital and Technologies,LifeSci Capital,1,Merchant Bank,United States,,FALSE,Named
Digital and Technologies,Lightbank,1,Private Equity and Venture Capital,United States,,FALSE,Bank/Loan
Digital and Technologies,Link Group,1,Corporate,Australia,,FALSE,Named
Digital and Technologies,LionTree,1,Asset Management,United States,,FALSE,Named
Digital and Technologies,Liquidity Group,1,Specialist Lender,United States,,FALSE,Named
Digital and Technologies,Literacy Capital,1,Private Investment Vehicle,United Kingdom,,FALSE,Named
Digital and Technologies,Lombard Odier,1,Asset Management,Switzerland,,FALSE,Named
Digital and Technologies,London & Scottish Investment Partners,1,Private Equity and Venture Capital,United Kingdom,,FALSE,Named
Digital and Technologies,London Stock Exchange Group (LSEG),1,Private Investment Vehicle,United Kingdom,,FALSE,Named
Digital and Technologies,London Venture Partners,1,Private Equity and Venture Capital,United Kingdom,,FALSE,Named
Digital and Technologies,Long Ridge Equity Partners,1,Private Equity and Venture Capital,United States,,FALSE,Named
Digital and Technologies,Loric Ventures,1,Private Equity and Venture Capital,Germany,,FALSE,Named
Digital and Technologies,Love Ventures,1,Private Equity and Venture Capital,United Kingdom,,FALSE,Named
Digital and Technologies,Lugard Road Capital,1,Private Equity and Venture Capital,United States,,FALSE,Named
Digital and Technologies,Lumia Capital,1,Private Equity and Venture Capital,United States,,FALSE,Named
Digital and Technologies,Lunate Holding,1,Asset Management,United Arab Emirates,,FALSE,Named
Digital and Technologies,Lupton Fawcett LLP,1,Corporate,United Kingdom,,FALSE,Named
Digital and Technologies,Lux Capital,1,Private Equity and Venture Capital,United States,,FALSE,Named
Digital and Technologies,Lux Nordic,1,Asset Management,Norway,,FALSE,Named
Digital and Technologies,M&F Fund,1,Private Equity and Venture Capital,Regional / EU,,FALSE,Named
Digital and Technologies,M&G,1,Asset Management,United Kingdom,UK pension funds,FALSE,Named
Digital and Technologies,MAHR Projects,1,Private Investment Vehicle,United Kingdom,,FALSE,Named
Digital and Technologies,MCI.TechVentures,1,Private Equity and Venture Capital,Poland,,FALSE,Named
Digital and Technologies,MI Investment Holding,1,Private Investment Vehicle,United Kingdom,,FALSE,Named
Digital and Technologies,MMI,1,Corporate,South Africa,,FALSE,Named
Digital and Technologies,MML Capital Partners,1,Private Equity and Venture Capital,United Kingdom,,TRUE,Named
Digital and Technologies,MS&AD,1,Corporate,Japan,,FALSE,Named
Digital and Technologies,MTI Capital Partners,1,University,United Kingdom,,FALSE,Named
Digital and Technologies,MUFG Innovation Partners,1,Corporate,Japan,,FALSE,Named
Digital and Technologies,MUSIC,1,Private Equity and Venture Capital,United States,,FALSE,Named
Digital and Technologies,MVolution Partners,1,Private Equity and Venture Capital,United States,,FALSE,Named
Digital and Technologies,Macdoch Ventures,1,Corporate,Australia,,FALSE,Named
Digital and Technologies,Magenta Partners,1,Private Equity and Venture Capital,United Kingdom,,FALSE,Named
Digital and Technologies,Mandatum Life,1,Asset Management,Finland,,FALSE,Named
Digital and Technologies,Marchmont Ventures,1,Private Investment Vehicle,United Kingdom,,FALSE,Named
Digital and Technologies,Marketech International,1,Private Equity and Venture Capital,Taiwan,,FALSE,Named
Digital and Technologies,Marlin Equity Partners,1,Private Equity and Venture Capital,United States,,FALSE,Named
Digital and Technologies,Marqeta,1,Corporate,United States,,FALSE,Named
Digital and Technologies,Marubeni Ventures,1,Corporate,Japan,,FALSE,Named
Digital and Technologies,Mast-Jägermeister SE,1,,,,,Named
Digital and Technologies,Material Ventures,1,Private Equity and Venture Capital,United States,,FALSE,Named
Digital and Technologies,Matrix,1,Private Equity and Venture Capital,United States,,FALSE,Named
Digital and Technologies,Mauritius Commercial Bank,1,Bank,Mauritius,,FALSE,Bank/Loan
Digital and Technologies,Maxfield Capital,1,Private Equity and Venture Capital,Russian Federation,,FALSE,Named
Digital and Technologies,Mayo Clinic,1,Private Equity and Venture Capital,United States,,FALSE,Named
Digital and Technologies,Mazda,1,Corporate,Japan,,FALSE,Named
Digital and Technologies,Megger Group,1,Corporate,United Kingdom,,FALSE,Named
Digital and Technologies,Menlo Ventures,1,Private Equity and Venture Capital,United States,,FALSE,Named
Digital and Technologies,Mercedes-Benz Group,1,Corporate,Germany,,FALSE,Named
Digital and Technologies,Meridian Health Ventures,1,Private Equity and Venture Capital,United Kingdom,,FALSE,Named
Digital and Technologies,Merseyside Special Investment Fund (MSIF),1,Private Equity and Venture Capital,United Kingdom,,FALSE,Named
Digital and Technologies,Metier,1,Private Equity and Venture Capital,South Africa,,FALSE,Named
Digital and Technologies,Meyer Bergman,1,Private Equity and Venture Capital,United Kingdom,,FALSE,Named
Digital and Technologies,Meyer Burger,1,Corporate,Switzerland,,FALSE,Named
Digital and Technologies,Microsoft,1,Corporate,United States,,FALSE,Named
Digital and Technologies,Middle East Venture Partners (MEVP),1,Private Equity and Venture Capital,United Arab Emirates,,FALSE,Named
Digital and Technologies,Middleton Enterprises,1,Family Office,United Kingdom,,FALSE,Named
Digital and Technologies,Milano Investment Partners,1,Private Equity and Venture Capital,Italy,,FALSE,Named
Digital and Technologies,Milky Way Investments,1,Family Office,United States,,FALSE,Named
Digital and Technologies,Mirabaud Private Equity,1,Private Equity and Venture Capital,Switzerland,,FALSE,Named
Digital and Technologies,Mirana Ventures,1,Private Equity and Venture Capital,Singapore,,FALSE,Named
Digital and Technologies,MissionOG,1,Private Equity and Venture Capital,United States,,FALSE,Named
Digital and Technologies,Mitsubishi HC Capital UK PLC,1,Corporate,Japan,,FALSE,Named
Digital and Technologies,Miyako Capital,1,Private Equity and Venture Capital,Japan,,FALSE,Named
Digital and Technologies,Mojo Capital,1,Private Equity and Venture Capital,Luxembourg,,FALSE,Named
Digital and Technologies,Monashee Investment Management,1,Asset Management,United States,,FALSE,Named
Digital and Technologies,Monashees,1,Private Equity and Venture Capital,Brazil,,FALSE,Named
Digital and Technologies,Moneysupermarket.com,1,Corporate,United Kingdom,,FALSE,Named
Digital and Technologies,Montagu Private Equity,1,Private Equity and Venture Capital,United Kingdom,,FALSE,Named
Digital and Technologies,Montreux Capital Management,1,Private Equity and Venture Capital,United Kingdom,,FALSE,Named
Digital and Technologies,Moreira Salles,1,Family Office,Brazil,,FALSE,Named
Digital and Technologies,Mosaik Partners,1,Private Equity and Venture Capital,United States,,FALSE,Named
Digital and Technologies,Motive Partners,1,Private Equity and Venture Capital,United States,,FALSE,Named
Digital and Technologies,Mott Macdonald,1,Corporate,United Kingdom,,FALSE,Named
Digital and Technologies,Move Energy,1,Private Equity and Venture Capital,Netherlands,,FALSE,Named
Digital and Technologies,MultiversX,1,Private Equity and Venture Capital,Malta,,FALSE,Named
Digital and Technologies,Mundi Ventures,1,Private Equity and Venture Capital,Spain,,FALSE,Named
Digital and Technologies,Murray Capital,1,Family Office,United Kingdom,,FALSE,Named
Digital and Technologies,NEL Fund Managers,1,Private Equity and Venture Capital,United Kingdom,,TRUE,Named
Digital and Technologies,NFT Ventures,1,Private Equity and Venture Capital,Sweden,,FALSE,Named
Digital and Technologies,NFU Mutual,1,Corporate,United Kingdom,,FALSE,Named
Digital and Technologies,NM Capital,1,Private Equity and Venture Capital,United Kingdom,,FALSE,Named
Digital and Technologies,NOVIT Ventures,1,Private Equity and Venture Capital,United States,,FALSE,Named
Digital and Technologies,NWS Holdings,1,Corporate,Hong Kong,,FALSE,Named
Digital and Technologies,Nasdaq,1,Corporate,United States,,FALSE,Named
Digital and Technologies,National Grid Partners,1,Private Equity and Venture Capital,United States,,FALSE,Named
Digital and Technologies,National Resilience,1,Corporate,United States,,FALSE,Named
Digital and Technologies,National Tooling Loan Fund,1,Private Equity and Venture Capital,United Kingdom,,FALSE,Named
Digital and Technologies,Nauta Capital,1,Private Equity and Venture Capital,United Kingdom,,TRUE,Named
Digital and Technologies,Neptune,1,Private Equity and Venture Capital,United Kingdom,,FALSE,Named
Digital and Technologies,New Science Ventures,1,Private Equity and Venture Capital,United States,,FALSE,Named
Digital and Technologies,Nexo,1,Corporate,Switzerland,,FALSE,Named
Digital and Technologies,Next Fifteen,1,Corporate,United Kingdom,,FALSE,Named
Digital and Technologies,NextLaw Labs,1,Corporate,United States,,FALSE,Named
Digital and Technologies,Nina Capital,1,Private Equity and Venture Capital,Spain,,FALSE,Named
Digital and Technologies,Ninety One,1,Private Equity and Venture Capital,United Kingdom,,FALSE,Named
Digital and Technologies,No. 9,1,Private Equity and Venture Capital,United Kingdom,,FALSE,Named
Digital and Technologies,Nomura,1,Bank,Japan,,FALSE,Named
Digital and Technologies,NordicNinja,1,Private Equity and Venture Capital,Finland,,FALSE,Named
Digital and Technologies,Nordisk Games,1,Corporate,Denmark,,FALSE,Named
Digital and Technologies,Norrsken Foundation,1,Charity/Not-for-profit company,Sweden,,FALSE,Named
Digital and Technologies,NorthEdge Capital,1,Private Equity and Venture Capital,United Kingdom,,FALSE,Named
Digital and Technologies,NorthInvest,1,Angel Network,United Kingdom,,FALSE,Named
Digital and Technologies,Northern & Shell Ventures,1,Corporate,United Kingdom,,FALSE,Named
Digital and Technologies,Northstar Equity Investors,1,Private Equity and Venture Capital,United Kingdom,,FALSE,Named
Digital and Technologies,Nottinghamshire Council,1,Local and Regional Government,United Kingdom,,FALSE,Named
Digital and Technologies,Novalis LifeSciences,1,Private Equity and Venture Capital,United States,,FALSE,Named
Digital and Technologies,Novartis,1,Corporate,Switzerland,,FALSE,Named
Digital and Technologies,Novax,1,Corporate,Sweden,,FALSE,Named
Digital and Technologies,Novel TMT Ventures,1,Private Equity and Venture Capital,United States,,FALSE,Named
Digital and Technologies,Novum Capital,1,Private Equity and Venture Capital,Germany,,FALSE,Named
Digital and Technologies,Novuna,1,Corporate,United Kingdom,,FALSE,Named
Digital and Technologies,Nucleus Financial Platforms,1,Private Equity and Venture Capital,United Kingdom,,FALSE,Named
Digital and Technologies,Numis,1,Asset Management,United Kingdom,,FALSE,Named
Digital and Technologies,ORA Capital Partners,1,Private Equity and Venture Capital,Guernsey,,FALSE,Named
Digital and Technologies,Oak HC/FT,1,Private Equity and Venture Capital,United States,,FALSE,Named
Digital and Technologies,OakNorth,1,Bank,United Kingdom,,FALSE,Bank/Loan
Digital and Technologies,Oberon Investments,1,Asset Management,United Kingdom,,FALSE,Named
Digital and Technologies,Obvious Ventures,1,Private Equity and Venture Capital,United States,,FALSE,Named
Digital and Technologies,Ocado,1,Corporate,United States,,FALSE,Named
Digital and Technologies,Oceanwood Capital Management,1,Asset Management,United Kingdom,,FALSE,Named
Digital and Technologies,Octahedron Capital,1,Private Equity and Venture Capital,United States,,FALSE,Named
Digital and Technologies,Oliver Wyman,1,Private Equity and Venture Capital,United States,,FALSE,Named
Digital and Technologies,Oltre Impact,1,Private Equity and Venture Capital,Italy,,FALSE,Named
Digital and Technologies,Ombu Group,1,Private Equity and Venture Capital,United Kingdom,,FALSE,Named
Digital and Technologies,Omega Funds,1,Private Equity and Venture Capital,United States,,FALSE,Named
Digital and Technologies,Omidyar Network,1,Charity/Not-for-profit company,United States,,FALSE,Named
Digital and Technologies,Omni Partners,1,Private Equity and Venture Capital,United Kingdom,,FALSE,Named
Digital and Technologies,One Peak Partners,1,Private Equity and Venture Capital,United Kingdom,,FALSE,Named
Digital and Technologies,OneMain Financial,1,Specialist Lender,United States,,FALSE,Named
Digital and Technologies,Open Ocean Capital,1,Private Equity and Venture Capital,Finland,,FALSE,Named
Digital and Technologies,Optimas Capital Partners,1,Asset Management,Hong Kong,,FALSE,Named
Digital and Technologies,Optiver,1,Asset Management,Netherlands,,FALSE,Named
Digital and Technologies,Optum Ventures,1,Private Equity and Venture Capital,United States,,FALSE,Named
Digital and Technologies,Orange,1,Corporate,France,,FALSE,Named
Digital and Technologies,OrbiMed,1,Asset Management,United States,,FALSE,Named
Digital and Technologies,OurCrowd,1,Crowd funding,Israel,,FALSE,Crowdfunding
Digital and Technologies,Oxford Endowment Fund,1,Asset Management,United Kingdom,,FALSE,Named
Digital and Technologies,Oxford Finance,1,Private Equity and Venture Capital,United States,,FALSE,Named
Digital and Technologies,Oxford University Hospitals NHS Trust,1,Charity/Not-for-profit company,United Kingdom,,FALSE,Named
Digital and Technologies,Oyster Capital,1,Private Equity and Venture Capital,Ireland,,FALSE,Named
Digital and Technologies,PATRIZIA,1,Asset Management,Germany,,FALSE,Named
Digital and Technologies,PFM Health Sciences,1,Asset Management,United States,,FALSE,Named
Digital and Technologies,PPF Group,1,Private Investment Vehicle,Czech Republic,,FALSE,Named
Digital and Technologies,Palistar Capital,1,Asset Management,United States,,FALSE,Named
Digital and Technologies,Panacea Venture Healthcare Fund,1,Private Equity and Venture Capital,China,,FALSE,Named
Digital and Technologies,Parkway Venture Capital,1,Private Equity and Venture Capital,United States,,FALSE,Named
Digital and Technologies,Partners Investment Company,1,Private Equity and Venture Capital,United Kingdom,,FALSE,Named
Digital and Technologies,Partnership Fund for New York City,1,Charity/Not-for-profit company,United States,,FALSE,Named
Digital and Technologies,Partnerships UK,1,Government,United Kingdom,,FALSE,Named
Digital and Technologies,Pavilion Capital,1,Private Equity and Venture Capital,United States,,FALSE,Named
Digital and Technologies,Pearson,1,Corporate,United Kingdom,,FALSE,Named
Digital and Technologies,Pecten Capital,1,Private Equity and Venture Capital,United Kingdom,,FALSE,Named
Digital and Technologies,Pentland Group,1,Corporate,United Kingdom,,FALSE,Named
Digital and Technologies,Permira,1,Private Equity and Venture Capital,United Kingdom,,FALSE,Named
Digital and Technologies,Phenomen Ventures,1,Private Equity and Venture Capital,United Kingdom,,FALSE,Named
Digital and Technologies,Ping An Ventures,1,Private Equity and Venture Capital,China,,FALSE,Named
Digital and Technologies,Pinorena Capital,1,Private Equity and Venture Capital,Estonia,,FALSE,Named
Digital and Technologies,Piper Heartland Healthcare Capital,1,Private Equity and Venture Capital,United States,,FALSE,Named
Digital and Technologies,Piper Private Equity,1,Private Equity and Venture Capital,United Kingdom,,FALSE,Named
Digital and Technologies,Piton Capital,1,Private Equity and Venture Capital,United Kingdom,,FALSE,Named
Digital and Technologies,Pivot Investment Partners,1,Private Equity and Venture Capital,United States,,FALSE,Named
Digital and Technologies,Plaid,1,Corporate,United States,,FALSE,Named
Digital and Technologies,Point Nine Management,1,Private Equity and Venture Capital,Germany,,FALSE,Named
Digital and Technologies,Polar Capital,1,Private Equity and Venture Capital,United Kingdom,,FALSE,Named
Digital and Technologies,Pontifax,1,Private Equity and Venture Capital,Israel,,FALSE,Named
Digital and Technologies,Port Growth Partners,1,Private Investment Vehicle,United Kingdom,,FALSE,Named
Digital and Technologies,Porton Capital,1,Private Equity and Venture Capital,United Kingdom,,FALSE,Named
Digital and Technologies,Possible Ventures,1,Private Equity and Venture Capital,Germany,,FALSE,Named
Digital and Technologies,Poste Italiane,1,State-owned enterprise (SOE) / Corporate strategic investor,Italy,,FALSE,Named
Digital and Technologies,Potential,1,Private Equity and Venture Capital,United Kingdom,,FALSE,Named
Digital and Technologies,Practica Capital,1,Private Equity and Venture Capital,Lithuania,,FALSE,Named
Digital and Technologies,Prelude Trust plc,1,Private Equity and Venture Capital,United Kingdom,,FALSE,Named
Digital and Technologies,Project A,1,Private Equity and Venture Capital,Germany,,FALSE,Named
Digital and Technologies,Promethean Investments LLP,1,Private Equity and Venture Capital,United Kingdom,,FALSE,Named
Digital and Technologies,Proparco,1,Government,France,,FALSE,Named
Digital and Technologies,Proserv,1,Corporate,United Kingdom,,FALSE,Named
Digital and Technologies,Prosperity7 Ventures,1,Private Equity and Venture Capital,United States,,FALSE,Named
Digital and Technologies,Providence Investment Company,1,Private Equity and Venture Capital,United States,,FALSE,Named
Digital and Technologies,Prudence Holdings,1,Private Equity and Venture Capital,United States,,FALSE,Named
Digital and Technologies,QinetiQ plc,1,Corporate,United Kingdom,,FALSE,Named
Digital and Technologies,Quan Capital,1,Private Equity and Venture Capital,China,,FALSE,Named
Digital and Technologies,R204 Partners,1,Private Equity and Venture Capital,Italy,,FALSE,Named
Digital and Technologies,R42 Group,1,Private Equity and Venture Capital,United States,,FALSE,Named
Digital and Technologies,RA Capital Management,1,Asset Management / Private Equity,United States,,FALSE,Named
Digital and Technologies,RB Capital,1,Property Lender,Singapore,,FALSE,Named
Digital and Technologies,RGAX,1,Corporate,United States,,FALSE,Named
Digital and Technologies,RTW Investments,1,Asset Management / Private Equity,United States,,FALSE,Named
Digital and Technologies,RXR Digital Ventures,1,Corporate,United States,,FALSE,Named
Digital and Technologies,Rainfall Ventures,1,Private Equity and Venture Capital,United States,,FALSE,Named
Digital and Technologies,Rakuten,1,Corporate,Japan,,FALSE,Named
Digital and Technologies,Ramboll,1,Corporate,Denmark,,FALSE,Named
Digital and Technologies,Rand Merchant Bank,1,Bank,South Africa,,FALSE,Bank/Loan
Digital and Technologies,Raven Ventures,1,Private Equity and Venture Capital,Australia,,FALSE,Named
Digital and Technologies,Recurring Capital Partners,1,Private Equity and Venture Capital,United States,,FALSE,Named
Digital and Technologies,RedBird Capital Partners,1,Private Equity and Venture Capital,United States,,FALSE,Named
Digital and Technologies,Redmile Group,1,Private Equity and Venture Capital,United States,,FALSE,Named
Digital and Technologies,Reed Elsevier Ventures,1,Corporate,United Kingdom,,FALSE,Named
Digital and Technologies,ReefKNoT Investments,1,Private Equity and Venture Capital,Singapore,,FALSE,Named
Digital and Technologies,Reference Capital,1,Private Equity and Venture Capital,United States,,FALSE,Named
Digital and Technologies,Renaissance Capital Partners,1,Private Equity and Venture Capital,United Kingdom,,FALSE,Named
Digital and Technologies,Revo Capital,1,Private Equity and Venture Capital,Netherlands,,FALSE,Named
Digital and Technologies,Revolt Ventures,1,Private Equity and Venture Capital,United Kingdom,,FALSE,Named
Digital and Technologies,Revolutionary (Ad)ventures,1,Private Equity and Venture Capital,United Kingdom,,FALSE,Named
Digital and Technologies,Ridgeback Capital Management,1,Private Equity and Venture Capital,United States,,FALSE,Named
Digital and Technologies,Rising Tide Fund,1,Private Equity and Venture Capital,United States,,FALSE,Named
Digital and Technologies,Road King,1,Corporate,Hong Kong,,FALSE,Named
Digital and Technologies,Rockridge Investment Partners,1,Private Equity and Venture Capital,United Kingdom,,FALSE,Named
Digital and Technologies,Rockspring,1,Family Office,United Kingdom,,FALSE,Named
Digital and Technologies,Rothschild & Co,1,Merchant Bank,France,,FALSE,Named
Digital and Technologies,Round Hill Ventures,1,Private Equity and Venture Capital,United Kingdom,,FALSE,Named
Digital and Technologies,Round13,1,Private Equity and Venture Capital,Canada,,FALSE,Named
Digital and Technologies,Route 66 Ventures,1,Private Equity and Venture Capital,United States,,FALSE,Named
Digital and Technologies,Rovida Advisors,1,Asset Management,United States,,FALSE,Named
Digital and Technologies,Royal Bank of Canada,1,Bank,Canada,,FALSE,Bank/Loan
Digital and Technologies,Rubicon Venture Capital,1,Private Equity and Venture Capital,United States,,FALSE,Named
Digital and Technologies,Runa Capital,1,Private Equity and Venture Capital,United States,,FALSE,Named
Digital and Technologies,Ruttenberg Gordon,1,Private Equity and Venture Capital,United States,,FALSE,Named
Digital and Technologies,SAIC Capital,1,Private Equity and Venture Capital,United States,,FALSE,Named
Digital and Technologies,SB ISAT Fund,1,Private Equity and Venture Capital,Indonesia,,FALSE,Named
Digital and Technologies,SFC Capital,1,Private Equity and Venture Capital,United Kingdom,,FALSE,Named
Digital and Technologies,SGInnovate,1,Private Equity and Venture Capital,Singapore,,FALSE,Named
Digital and Technologies,SJL Partners,1,Private Equity and Venture Capital,"Korea, Republic Of (South Korea)",,FALSE,Named
Digital and Technologies,SKC Co,1,Corporate,"Korea, Republic Of (South Korea)",,FALSE,Named
Digital and Technologies,SOSV,1,Accelerator,United States,,FALSE,Named
Digital and Technologies,SPWOne,1,Private Investment Vehicle,United Kingdom,,FALSE,Named
Digital and Technologies,STE Capital,1,Family Office,United States,,FALSE,Named
Digital and Technologies,SV7 Impact Medicine Fund,1,Private Equity and Venture Capital,United Kingdom,,FALSE,Named
Digital and Technologies,SWEN Blue Ocean,1,Private Equity and Venture Capital,France,,FALSE,Named
Digital and Technologies,Saatchi & Saatchi,1,Corporate,United Kingdom,,FALSE,Named
Digital and Technologies,Sabadell Capital,1,Corporate,Spain,,FALSE,Named
Digital and Technologies,Sabre Insurance,1,Corporate,United Kingdom,,FALSE,Named
Digital and Technologies,Sage,1,Corporate,United Kingdom,,FALSE,Named
Digital and Technologies,Said Business School,1,University,United Kingdom,,FALSE,Named
Digital and Technologies,Samsung,1,Private Equity and Venture Capital,United States,,FALSE,Named
Digital and Technologies,Sana Kliniken AG,1,Corporate,Germany,,FALSE,Named
Digital and Technologies,Sanctor Capital,1,Private Equity and Venture Capital,Puerto Rico,,FALSE,Named
Digital and Technologies,Sandton Capital Partners,1,Specialist Lender,United States,,FALSE,Named
Digital and Technologies,Sanofi,1,Private Equity and Venture Capital,United States,,FALSE,Named
Digital and Technologies,Sapphire Capital Partners,1,Private Equity and Venture Capital,United Kingdom,,FALSE,Named
Digital and Technologies,Saranac Partners,1,Private Investment Vehicle,United Kingdom,,FALSE,Named
Digital and Technologies,Sarum Partners,1,Private Equity and Venture Capital,United Kingdom,,FALSE,Named
Digital and Technologies,Scalar North Capital,1,Family Office,United Kingdom,,FALSE,Named
Digital and Technologies,Scale Venture Partners,1,Private Equity and Venture Capital,United States,,FALSE,Named
Digital and Technologies,ScaleUp Capital,1,Private Equity and Venture Capital,United Kingdom,,FALSE,Named
Digital and Technologies,Scopely,1,Corporate,United States,,FALSE,Named
Digital and Technologies,Searchlight Capital Partners,1,Private Equity and Venture Capital,United States,,FALSE,Named
Digital and Technologies,Secure Trust Commercial Finance,1,Bank,United Kingdom,,FALSE,Named
Digital and Technologies,Seedrocket 4Founders Capital,1,Private Equity and Venture Capital,Spain,,FALSE,Named
Digital and Technologies,SemperVirens,1,Private Equity and Venture Capital,United States,,FALSE,Named
Digital and Technologies,Seneca Partners,1,Private Equity and Venture Capital,United Kingdom,,FALSE,Named
Digital and Technologies,Sentinel Dome Partners,1,Asset Management,United States,,FALSE,Named
Digital and Technologies,Shackleton Ventures,1,Private Equity and Venture Capital,United Kingdom,,FALSE,Named
Digital and Technologies,Shard Capital,1,Asset Management,United Kingdom,,FALSE,Named
Digital and Technologies,Shearwater Healthcare Solutions,1,Corporate,United Kingdom,,FALSE,Named
Digital and Technologies,Shell,1,Corporate,United Kingdom,,FALSE,Named
Digital and Technologies,Shinhan Investment Private Equity,1,Private Equity and Venture Capital,"Korea, Republic Of (South Korea)",,FALSE,Named
Digital and Technologies,Shopify,1,Corporate,Canada,,FALSE,Named
Digital and Technologies,Shortcut Ventures,1,Private Equity and Venture Capital,Germany,,FALSE,Named
Digital and Technologies,Siemens,1,Corporate,Germany,,FALSE,Named
Digital and Technologies,SignalFire,1,Private Equity and Venture Capital,United States,,FALSE,Named
Digital and Technologies,SilverRock Financial Services,1,Bank,United Kingdom,,FALSE,Named
Digital and Technologies,SilverTree Equity,1,Private Equity and Venture Capital,United Kingdom,,FALSE,Named
Digital and Technologies,Simcah Management,1,Asset Management,United States,,FALSE,Named
Digital and Technologies,SixThirty Ventures,1,Private Equity and Venture Capital,United States,,FALSE,Named
Digital and Technologies,Sixth Element Capital,1,Private Equity and Venture Capital,United Kingdom,,FALSE,Named
Digital and Technologies,Sixth Street Growth,1,Private Equity and Venture Capital,United States,,FALSE,Named
Digital and Technologies,Sky,1,Corporate,United Kingdom,,FALSE,Named
Digital and Technologies,Skyviews Life Science,1,Private Equity and Venture Capital,Switzerland,,FALSE,Named
Digital and Technologies,SmartCap,1,Private Equity and Venture Capital,Estonia,,FALSE,Named
Digital and Technologies,SmartHub,1,Corporate,Brazil,,FALSE,Named
Digital and Technologies,Smash Capital,1,Private Equity and Venture Capital,United States,,FALSE,Named
Digital and Technologies,Snowflake,1,Corporate,United States,,FALSE,Named
Digital and Technologies,Social Investment Scotland (SIS),1,Charity/Not-for-profit company,United Kingdom,,FALSE,Named
Digital and Technologies,Soho Square Capital,1,Private Equity and Venture Capital,United Kingdom,,FALSE,Named
Digital and Technologies,Solano Partners,1,Bank,United Kingdom,,FALSE,Named
Digital and Technologies,Soleus Capital,1,Private Equity and Venture Capital,United States,,FALSE,Named
Digital and Technologies,Solon Ventures,1,Private Equity and Venture Capital,United Kingdom,,FALSE,Named
Digital and Technologies,Solve Innovation Future,1,University,United States,,FALSE,Named
Digital and Technologies,Sonae IM,1,Corporate,Portugal,,FALSE,Named
Digital and Technologies,Sosei,1,Corporate,Japan,,FALSE,Named
Digital and Technologies,Space Angels,1,Angel Network,United States,,FALSE,Named
Digital and Technologies,Spark Capital Partners,1,Private Equity and Venture Capital,United States,,FALSE,Named
Digital and Technologies,Spearhead Capital,1,Asset Management,United States,,FALSE,Named
Digital and Technologies,Spectrum Equity Investors,1,Private Equity and Venture Capital,United States,,FALSE,Named
Digital and Technologies,Spice Capital,1,Family Office,United Kingdom,,FALSE,Named
Digital and Technologies,Spire Ventures,1,Private Equity and Venture Capital,United Kingdom,,FALSE,Named
Digital and Technologies,Spring Partners,1,Private Equity and Venture Capital,Japan,,FALSE,Named
Digital and Technologies,Sprints Capital,1,Private Equity and Venture Capital,United Kingdom,,FALSE,Named
Digital and Technologies,Squarepoint Capital,1,Private Equity and Venture Capital,United Kingdom,,FALSE,Named
Digital and Technologies,Standard Chartered,1,Bank,United Kingdom,,FALSE,Named
Digital and Technologies,StepStone Group,1,Asset Management,United Kingdom,,FALSE,Named
Digital and Technologies,Stolt-Nielsen,1,Corporate,United Kingdom,,FALSE,Named
Digital and Technologies,Strategic Innovation Fund,1,Central Government,United Kingdom,,FALSE,Named
Digital and Technologies,Structural Capital,1,Private Equity and Venture Capital,United States,,FALSE,Named
Digital and Technologies,Sucden Ventures,1,Corporate,France,,FALSE,Named
Digital and Technologies,Suffolk Ventures,1,Private Equity and Venture Capital,United States,,FALSE,Named
Digital and Technologies,Sulis Seedcorn Fund,1,Private Equity and Venture Capital,United Kingdom,,FALSE,Named
Digital and Technologies,Sumitomo Corporation,1,Corporate,Japan,,FALSE,Named
Digital and Technologies,Summit Action Fund,1,Private Equity and Venture Capital,United States,,FALSE,Named
Digital and Technologies,Sunley House Capital Management,1,Asset Management,United States,,FALSE,Named
Digital and Technologies,Surplus,1,Private Equity and Venture Capital,Germany,,FALSE,Named
Digital and Technologies,Sustainable Development Capital LLP (SDCL),1,Asset Management,United Kingdom,,FALSE,Named
Digital and Technologies,Swiss Post,1,State-owned enterprise (SOE) / Corporate strategic investor,Switzerland,,FALSE,Named
Digital and Technologies,Swisscom,1,State-owned enterprise (SOE) / Corporate strategic investor,Switzerland,,FALSE,Named
Digital and Technologies,Symphony Technology Group,1,Private Equity and Venture Capital,United States,,FALSE,Named
Digital and Technologies,Synova,1,Private Equity and Venture Capital,United Kingdom,,FALSE,Named
Digital and Technologies,System.One,1,Private Equity and Venture Capital,Germany,,FALSE,Named
Digital and Technologies,Systemiq,1,Corporate,United Kingdom,,FALSE,Named
Digital and Technologies,T J Morris (Investments) Ltd,1,Private Equity and Venture Capital,United Kingdom,,FALSE,Named
Digital and Technologies,TA Associates,1,Private Equity and Venture Capital,United States,,FALSE,Named
Digital and Technologies,TED Global,1,Charity/Not-for-profit company,United States,,FALSE,Named
Digital and Technologies,TIRTA,1,Private Equity and Venture Capital,United States,,FALSE,Named
Digital and Technologies,TNI Fund LP,1,Private Equity and Venture Capital,United Kingdom,,FALSE,Named
Digital and Technologies,TOMS Capital,1,Asset Management,United States,,FALSE,Named
Digital and Technologies,TRICAPITAL Angels Limited,1,Angel Network,United Kingdom,,FALSE,Named
Digital and Technologies,TSG Consumer Partners,1,Private Equity and Venture Capital,United States,,FALSE,Named
Digital and Technologies,TTP Ventures,1,Private Equity and Venture Capital,United Kingdom,,FALSE,Named
Digital and Technologies,TTV Capital,1,Private Equity and Venture Capital,United States,,FALSE,Named
Digital and Technologies,Taiwania Capital,1,Private Equity and Venture Capital,Taiwan,,FALSE,Named
Digital and Technologies,Takeda Pharmaceutical Company,1,Corporate,Japan,,FALSE,Named
Digital and Technologies,TechNexus,1,Private Equity and Venture Capital,United States,,FALSE,Named
Digital and Technologies,Technology Venture Partners,1,Private Equity and Venture Capital,United States,,FALSE,Named
Digital and Technologies,Techstart Ventures,1,Private Equity and Venture Capital,United Kingdom,,FALSE,Named
Digital and Technologies,Tekfen Ventures,1,Corporate,United States,,FALSE,Named
Digital and Technologies,Tekla Capital Management,1,Private Equity and Venture Capital,United States,,FALSE,Named
Digital and Technologies,TempoCap,1,Private Equity and Venture Capital,United Kingdom,,FALSE,Named
Digital and Technologies,Tengelmann Ventures,1,Private Equity and Venture Capital,Germany,,FALSE,Named
Digital and Technologies,Tennants Ventures,1,Private Equity and Venture Capital,United Kingdom,,FALSE,Named
Digital and Technologies,Tenzing,1,Private Equity and Venture Capital,United Kingdom,,FALSE,Named
Digital and Technologies,Tera Ventures,1,Private Equity and Venture Capital,Estonia,,FALSE,Named
Digital and Technologies,Tern PLC,1,Private Equity and Venture Capital,United Kingdom,,FALSE,Named
Digital and Technologies,Tetragon,1,Asset Management,United States,,FALSE,Named
Digital and Technologies,Thairm Bio,1,Private Equity and Venture Capital,United Kingdom,,FALSE,Named
Digital and Technologies,The Accelerator Group,1,Accelerator,United Kingdom,,FALSE,Named
Digital and Technologies,The Autism Impact Fund,1,Private Investment Vehicle,United States,,FALSE,Named
Digital and Technologies,The Brandtech Group,1,Corporate,United States,,FALSE,Named
Digital and Technologies,The Column Group,1,Private Equity and Venture Capital,United States,,FALSE,Named
Digital and Technologies,The Craftory,1,Private Equity and Venture Capital,United Kingdom,,FALSE,Named
Digital and Technologies,The Dow Chemical Company,1,Corporate,United States,,FALSE,Named
Digital and Technologies,The Gores Group,1,Private Equity and Venture Capital,United States,,FALSE,Named
Digital and Technologies,The London Fund,1,Local and Regional Government,United Kingdom,,FALSE,Named
Digital and Technologies,The New York Times Company,1,Corporate,United States,,FALSE,Named
Digital and Technologies,The Rise Fund,1,Private Equity and Venture Capital,United States,,FALSE,Named
Digital and Technologies,The Riverside Company,1,Private Equity and Venture Capital,United States,,FALSE,Named
Digital and Technologies,The Solent Growth Hub,1,Local and Regional Government,United Kingdom,,FALSE,Named
Digital and Technologies,TheFamily,1,Accelerator,France,,FALSE,Named
Digital and Technologies,Third Kind VC,1,Private Equity and Venture Capital,United States,,FALSE,Named
Digital and Technologies,Third Stream Partners,1,Private Equity and Venture Capital,United States,,FALSE,Named
Digital and Technologies,Thomson Reuters,1,Corporate,Canada,,FALSE,Named
Digital and Technologies,Thomvest Ventures,1,Private Equity and Venture Capital,United States,,FALSE,Named
Digital and Technologies,Thrive Capital,1,Private Equity and Venture Capital,United States,,FALSE,Named
Digital and Technologies,Thule Investments,1,Private Equity and Venture Capital,Iceland,,FALSE,Named
Digital and Technologies,Tifosy,1,Crowd funding,United Kingdom,,FALSE,Named
Digital and Technologies,Tikehau Capital,1,Asset Management,France,,FALSE,Named
Digital and Technologies,Tishman Speyer,1,Corporate,United States,,FALSE,Named
Digital and Technologies,Torch Capital,1,Private Equity and Venture Capital,United States,,FALSE,Named
Digital and Technologies,Toshiba,1,Commercialisation Company,Japan,,FALSE,Named
Digital and Technologies,Tracsis,1,Corporate,United Kingdom,,FALSE,Named
Digital and Technologies,TransUnion,1,Corporate,United States,,FALSE,Named
Digital and Technologies,Transition Level Investments,1,Private Equity and Venture Capital,Australia,,FALSE,Named
Digital and Technologies,Trend Investment Group,1,Private Investment Vehicle,United Kingdom,,FALSE,Named
Digital and Technologies,Tribe Capital,1,Private Equity and Venture Capital,United States,,FALSE,Named
Digital and Technologies,Tribeca Early Stage Partners,1,Private Equity and Venture Capital,United States,,FALSE,Named
Digital and Technologies,Trillium International,1,Private Equity and Venture Capital,United Arab Emirates,,FALSE,Named
Digital and Technologies,Trimble Ventures,1,Corporate,United States,,FALSE,Named
Digital and Technologies,True Ventures,1,Private Equity and Venture Capital,United States,,FALSE,Named
Digital and Technologies,True.,1,Private Equity and Venture Capital,United Kingdom,,FALSE,Named
Digital and Technologies,Trusted Insight,1,Asset Management,United States,,FALSE,Named
Digital and Technologies,Tudor Group,1,Asset Management,United States,,FALSE,Named
Digital and Technologies,Tuesday Capital,1,Private Equity and Venture Capital,United States,,FALSE,Named
Digital and Technologies,Turquoise International,1,Merchant Bank,United Kingdom,,FALSE,Named
Digital and Technologies,UBS,1,Bank,Switzerland,,FALSE,Bank/Loan
Digital and Technologies,UCL Business,1,Commercialisation Company,United Kingdom,,FALSE,Named
Digital and Technologies,UFP Fintech,1,Private Equity and Venture Capital,United Kingdom,,FALSE,Named
Digital and Technologies,UKTV,1,Corporate,United Kingdom,,FALSE,Named
Digital and Technologies,UNIQA Ventures,1,Corporate,Austria,,FALSE,Named
Digital and Technologies,UPMC Enterprises,1,Corporate,United States,,FALSE,Named
Digital and Technologies,UTokyo Innovation Platform Co.,1,University,Japan,,FALSE,Named
Digital and Technologies,Uberior Investments,1,Private Equity and Venture Capital,United Kingdom,,FALSE,Named
Digital and Technologies,Unbound,1,Private Equity and Venture Capital,United Kingdom,,FALSE,Named
Digital and Technologies,United Ventures,1,Private Equity and Venture Capital,Italy,,FALSE,Named
Digital and Technologies,University of Chicago Medicine,1,University,United States,,FALSE,Named
Digital and Technologies,University of Strathclyde,1,University,United Kingdom,,FALSE,Named
Digital and Technologies,University of Tokyo Edge Capital,1,University,Japan,,FALSE,Named
Digital and Technologies,University of Ulster,1,University,United Kingdom,,FALSE,Named
Digital and Technologies,Unlimint,1,Corporate,Russian Federation,,FALSE,Named
Digital and Technologies,VNV Global (Vostok New Ventures),1,Private Equity and Venture Capital,Bermuda,,FALSE,Named
Digital and Technologies,VU Venture Partners,1,Private Equity and Venture Capital,United States,,FALSE,Named
Digital and Technologies,Ventura Capital,1,Private Equity and Venture Capital,United Arab Emirates,,FALSE,Named
Digital and Technologies,Venture Incubator,1,Charity/Not-for-profit company,Switzerland,,FALSE,Named
Digital and Technologies,Venture Science,1,Private Equity and Venture Capital,United States,,FALSE,Named
Digital and Technologies,Vertex Pharmaceuticals,1,Corporate,United States,,FALSE,Named
Digital and Technologies,Verve Ventures,1,Private Equity and Venture Capital,Switzerland,,FALSE,Named
Digital and Technologies,Vesta Ventures,1,Private Equity and Venture Capital,United States,,FALSE,Named
Digital and Technologies,View Different,1,Private Equity and Venture Capital,United States,,FALSE,Named
Digital and Technologies,VilCap,1,Accelerator,United States,,FALSE,Named
Digital and Technologies,Visa,1,Corporate,United States,,FALSE,Named
Digital and Technologies,Vista Credit Partners,1,Private Equity and Venture Capital,United States,,FALSE,Named
Digital and Technologies,Volition Capital,1,Private Equity and Venture Capital,United States,,FALSE,Named
Digital and Technologies,Vostok Emerging Finance,1,Private Equity and Venture Capital,Bermuda,,FALSE,Named
Digital and Technologies,Vulcan Capital,1,Private Equity and Venture Capital,United States,,FALSE,Named
Digital and Technologies,Vy Capital,1,Private Equity and Venture Capital,United Arab Emirates,,FALSE,Named
Digital and Technologies,WACKER Chemie AG,1,Corporate,Germany,,FALSE,Named
Digital and Technologies,Wafra,1,Private Equity and Venture Capital,United States,,FALSE,Named
Digital and Technologies,Wallace Equity,1,Private Equity and Venture Capital,United Kingdom,,FALSE,Named
Digital and Technologies,Wallenius Wilhelmsen,1,Private Equity and Venture Capital,Norway,,FALSE,Named
Digital and Technologies,Warburg Pincus,1,Private Equity and Venture Capital,United States,,FALSE,Named
Digital and Technologies,Warrington Borough Council,1,Local and Regional Government,United Kingdom,,FALSE,Named
Digital and Technologies,Warwick Capital Partners,1,Private Equity and Venture Capital,United Kingdom,,FALSE,Named
Digital and Technologies,Watrium,1,Family Office,Norway,,FALSE,Named
Digital and Technologies,Weisz Investments,1,Family Office,United Kingdom,,FALSE,Named
Digital and Technologies,Wellington Partners,1,Private Equity and Venture Capital,Germany,,FALSE,Named
Digital and Technologies,Wells Fargo,1,Private Equity and Venture Capital,United States,,FALSE,Named
Digital and Technologies,West Midlands Enterprise,1,Private Equity and Venture Capital,United Kingdom,,FALSE,Named
Digital and Technologies,West Yorkshire Business and Skills,1,Local and Regional Government,United Kingdom,,FALSE,Named
Digital and Technologies,Westpac,1,Bank,Australia,,FALSE,Named
Digital and Technologies,Wharton Asset Management,1,Family Office,United Kingdom,,FALSE,Named
Digital and Technologies,White Star Capital,1,Private Equity and Venture Capital,United Kingdom,,FALSE,Named
Digital and Technologies,Whitehelm Capital,1,Asset Management,Australia,,FALSE,Named
Digital and Technologies,Wicklow Capital,1,Private Equity and Venture Capital,United States,,FALSE,Named
Digital and Technologies,Winton Ventures,1,Corporate,United Kingdom,,FALSE,Named
Digital and Technologies,WndrCo,1,Private Equity and Venture Capital,United States,,FALSE,Named
Digital and Technologies,Wonik Investments,1,Private Equity and Venture Capital,"Korea, Republic Of (South Korea)",,FALSE,Named
Digital and Technologies,Woodline Partners,1,Private Equity and Venture Capital,United States,,FALSE,Named
Digital and Technologies,Worldpay Group,1,Corporate,United Kingdom,,FALSE,Named
Digital and Technologies,Wren Capital LLP,1,Private Equity and Venture Capital,United Kingdom,,FALSE,Named
Digital and Technologies,Wroxhall,1,Private Investment Vehicle,United Kingdom,,FALSE,Named
Digital and Technologies,Wyelands Capital,1,Bank,United Kingdom,,FALSE,Named
Digital and Technologies,Wylie Family Trust,1,Family Office,Australia,,FALSE,Named
Digital and Technologies,XTX Markets,1,Asset Management,United Kingdom,,FALSE,Named
Digital and Technologies,Xeraya Capital,1,Private Equity and Venture Capital,Malaysia,,FALSE,Named
Digital and Technologies,Xilinx,1,Corporate,United States,,FALSE,Named
Digital and Technologies,Xponova,1,Private Equity and Venture Capital,Australia,,FALSE,Named
Digital and Technologies,XtalPi Inc,1,Corporate,United States,,FALSE,Named
Digital and Technologies,Y Combinator,1,Accelerator,United States,,FALSE,Named
Digital and Technologies,Yabeo,1,Private Equity and Venture Capital,Germany,,FALSE,Named
Digital and Technologies,Yorkshire Association of Business Angels,1,Angel Network,United Kingdom,,FALSE,Named
Digital and Technologies,Yuga Labs,1,Corporate,United States,,FALSE,Named
Digital and Technologies,ZF,1,Private Equity and Venture Capital,Germany,,FALSE,Named
Digital and Technologies,Zebra Technologies,1,Corporate,United States,,FALSE,Named
Digital and Technologies,Zhejiang Silk Road Fund,1,Asset Management,China,,FALSE,Named
Digital and Technologies,Zinal Growth,1,Private Equity and Venture Capital,United Kingdom,,FALSE,Named
Digital and Technologies,Zoopla Property Group,1,Corporate,United Kingdom,,FALSE,Named
Digital and Technologies,aMoon Fund,1,Private Equity and Venture Capital,Israel,,FALSE,Named
Digital and Technologies,b-to-v Partners (Brain-to-Ventures),1,Private Equity and Venture Capital,Switzerland,,FALSE,Named
Digital and Technologies,eBay Ventures,1,Corporate,United States,,FALSE,Named
Digital and Technologies,eVentures,1,Private Equity and Venture Capital,United States,,FALSE,Named
Digital and Technologies,eWTP Innovation Fund,1,Private Equity and Venture Capital,China,,FALSE,Named
Digital and Technologies,iDreamSky,1,Corporate,China,,FALSE,Named
Digital and Technologies,m8 Capital,1,Private Equity and Venture Capital,United Kingdom,,FALSE,Named
Digital and Technologies,nVent,1,Corporate,United States,,FALSE,Named
Education,Business Angel(s),9,Business Angel(s),,,FALSE,Named
Education,British Business Bank,6,Central Government,United Kingdom,,FALSE,Government
Education,HSBC,6,Bank,United Kingdom,,TRUE,Bank/Loan
Education,BGF (formerly Business Growth Fund),5,Private Equity and Venture Capital,United Kingdom,,FALSE,Named
Education,Maven Capital Partners UK LLP,4,Private Equity and Venture Capital,United Kingdom,,FALSE,Named
Education,Development Bank of Wales,3,Devolved Government,United Kingdom,,FALSE,Named
Education,Mercia Asset Management,3,Asset Management / Private Equity,United Kingdom,,TRUE,Named
Education,NatWest Group,3,Bank,United Kingdom,,TRUE,Named
Education,Virgin Money UK,3,Bank,United Kingdom,,FALSE,Named
Education,Ascension,2,Private Equity and Venture Capital,United Kingdom,,FALSE,Named
Education,Balderton Capital,2,Private Equity and Venture Capital,United Kingdom,,TRUE,Named
Education,Barclays,2,Bank,United Kingdom,,TRUE,Named
Education,Crowdcube,2,Crowd funding,United Kingdom,,FALSE,Crowdfunding
Education,FSE Group,2,Private Equity and Venture Capital,United Kingdom,,TRUE,Named
Education,Funding London,2,Local and Regional Government,United Kingdom,,FALSE,Named
Education,Growth Lending Group,2,Specialist Lender,United Kingdom,,FALSE,Bank/Loan
Education,IP Group,2,Commercialisation Company,United Kingdom,,FALSE,Named
Education,Index Ventures,2,Private Equity and Venture Capital,United Kingdom,,FALSE,Named
Education,Insight Partners,2,Private Equity and Venture Capital,United States,,FALSE,Named
Education,Key Capital Partners,2,Private Equity and Venture Capital,United Kingdom,,FALSE,Named
Education,Northstar Ventures,2,Private Equity and Venture Capital,United Kingdom,,FALSE,Named
Education,Phoenix Court Group,2,Private Equity and Venture Capital,United Kingdom,,FALSE,Named
Education,Republic,2,Crowd funding,United States,,FALSE,Named
Education,Salica Investments,2,Asset Management / Private Equity,United Kingdom,,TRUE,Named
Education,Summit Partners,2,Private Equity and Venture Capital,United States,,FALSE,Named
Education,TA Associates,2,Private Equity and Venture Capital,United States,,FALSE,Named
Education,Ten Eleven Ventures,2,Private Equity and Venture Capital,United States,,FALSE,Named
Education,Triple Point,2,Asset Management,United Kingdom,,FALSE,Named
Education,Village Global,2,Private Equity and Venture Capital,United States,,FALSE,Named
Education,Vitruvian Partners,2,Private Equity and Venture Capital,United Kingdom,,FALSE,Named
Education,Wayra,2,Accelerator,United Kingdom,,FALSE,Named
Education,YFM Equity Partners,2,Private Equity and Venture Capital,United Kingdom,,FALSE,Named
Education,24Haymarket,1,Angel Network,United Kingdom,,TRUE,Named
Education,ABN AMRO,1,Bank,Netherlands,,FALSE,Named
Education,ACE Ventures,1,Private Equity and Venture Capital,India,,FALSE,Named
Education,Albion Capital Group,1,Private Equity and Venture Capital,United Kingdom,,FALSE,Named
Education,AlphaCode,1,Accelerator,South Africa,,FALSE,Named
Education,Amadeus Capital Partners,1,Private Equity and Venture Capital,United Kingdom,,FALSE,Named
Education,Angel Academe,1,Angel Network,United Kingdom,,TRUE,Named
Education,Angels Den,1,Angel Network,United Kingdom,,FALSE,Named
Education,Arthurian Life Sciences,1,Private Equity and Venture Capital,United Kingdom,,FALSE,Named
Education,Associated Press,1,Corporate,United States,,FALSE,Named
Education,Audacious Ventures,1,Private Equity and Venture Capital,United States,,FALSE,Named
Education,BOND,1,Private Equity and Venture Capital,United States,,FALSE,Named
Education,Beacon Capital,1,Angel Network,United Kingdom,,FALSE,Named
Education,BlackRock,1,Asset Management,United States,,FALSE,Named
Education,Brighton Park Capital,1,Private Equity and Venture Capital,United States,,FALSE,Named
Education,Burdale Financial,1,Bank,United Kingdom,,FALSE,Named
Education,Capstar Ventures,1,Private Equity and Venture Capital,United States,,FALSE,Named
Education,Cardiff Council,1,Local and Regional Government,United Kingdom,,FALSE,Named
Education,Carmen Busquets,1,Private Investment Vehicle,United Kingdom,,FALSE,Named
Education,Citigroup,1,Bank,United States,,FALSE,Named
Education,City & Guilds Group,1,Corporate,United Kingdom,,FALSE,Named
Education,ClearlySo,1,Merchant Bank,United Kingdom,,FALSE,Named
Education,Committed Capital,1,Private Equity and Venture Capital,United Kingdom,,FALSE,Named
Education,Credit Suisse,1,Merchant Bank,Switzerland,,FALSE,Named
Education,D1 Capital Partners,1,Private Equity and Venture Capital,United States,,FALSE,Named
Education,DMGT,1,Corporate,United Kingdom,,FALSE,Named
Education,Danske Bank,1,Bank,Denmark,,FALSE,Bank/Loan
Education,Department of Education,1,Government,Dependent,,FALSE,Named
Education,Deutsche Bank,1,Private Equity and Venture Capital,China,,FALSE,Bank/Loan
Education,Edge Investments Limited,1,Private Equity and Venture Capital,United Kingdom,,FALSE,Named
Education,EduCapital,1,Private Equity and Venture Capital,France,,FALSE,Named
Education,Eguchi Iwao,1,Corporate,United Kingdom,,FALSE,Named
Education,Envestors,1,Angel Network,United Kingdom,,FALSE,Named
Education,FTV Capital,1,Private Equity and Venture Capital,United States,,FALSE,Named
Education,Firestartr,1,Angel Network,United Kingdom,,FALSE,Named
Education,Foresight Group,1,Asset Management / Private Equity,United Kingdom,,TRUE,Named
Education,Forward Partners,1,Private Equity and Venture Capital,United Kingdom,,FALSE,Named
Education,Founders Circle Capital,1,Private Equity and Venture Capital,United States,,FALSE,Named
Education,Future Planet Capital,1,Private Equity and Venture Capital,United Kingdom,,FALSE,Named
Education,General Catalyst,1,Private Equity and Venture Capital,United States,,FALSE,Named
Education,Goldman Sachs,1,Merchant Bank,United States,,FALSE,Named
Education,Google,1,Corporate,United States,,FALSE,Named
Education,Graphite Capital,1,Private Equity and Venture Capital,United Kingdom,,FALSE,Named
Education,Guinness Ventures,1,Private Equity and Venture Capital,United Kingdom,,FALSE,Named
Education,HV Capital,1,Private Equity and Venture Capital,Germany,,FALSE,Named
Education,Horizons Labs,1,Private Equity and Venture Capital,Hong Kong,,FALSE,Named
Education,Hotspur Capital Partners,1,Angel Network,United Kingdom,,FALSE,Named
Education,Hoxton Ventures,1,Private Equity and Venture Capital,United Kingdom,,TRUE,Named
Education,IQ Capital Partners,1,Private Equity and Venture Capital,United Kingdom,,FALSE,Named
Education,Impact Partners,1,Private Equity and Venture Capital,France,,FALSE,Named
Education,Invoke Capital Partners,1,Private Equity and Venture Capital,United Kingdom,,FALSE,Named
Education,Joseph Rowntree Charitable Trust,1,Charity/Not-for-profit company,United Kingdom,,FALSE,Named
Education,KKR,1,Private Equity and Venture Capital,United States,,FALSE,Named
Education,Kin Group,1,Private Investment Vehicle,United Kingdom,,FALSE,Named
Education,Lightspeed Management,1,Private Equity and Venture Capital,United States,,FALSE,Named
Education,Lloyds Banking Group,1,Private Equity and Venture Capital,United Kingdom,,FALSE,Named
Education,Lombard Odier,1,Asset Management,Switzerland,,FALSE,Named
Education,Lumar,1,Corporate,United Kingdom,,FALSE,Named
Education,Menlo Ventures,1,Private Equity and Venture Capital,United States,,FALSE,Named
Education,Mercuri VC,1,Private Equity and Venture Capital,United Kingdom,,FALSE,Named
Education,Midven,1,Private Equity and Venture Capital,United Kingdom,,FALSE,Named
Education,Mitsui & Co. Global Investment Ltd (MGI),1,Corporate,Japan,,FALSE,Named
Education,Montagu Private Equity,1,Private Equity and Venture Capital,United Kingdom,,FALSE,Named
Education,NEL Fund Managers,1,Private Equity and Venture Capital,United Kingdom,,TRUE,Named
Education,NVM Private Equity,1,Private Equity and Venture Capital,United Kingdom,,TRUE,Named
Education,Nesta,1,Charity/Not-for-profit company,United Kingdom,,FALSE,Named
Education,Northstar Equity Investors,1,Private Equity and Venture Capital,United Kingdom,,FALSE,Named
Education,Northzone Ventures,1,Private Equity and Venture Capital,United Kingdom,,FALSE,Named
Education,OakNorth,1,Bank,United Kingdom,,FALSE,Bank/Loan
Education,PGIM Private Capital,1,Asset Management,United States,,FALSE,Named
Education,Palatine Private Equity,1,Private Equity and Venture Capital,United Kingdom,,FALSE,Named
Education,Paragon Development Finance,1,Property Lender,United Kingdom,,FALSE,Named
Education,Parkway Venture Capital,1,Private Equity and Venture Capital,United States,,FALSE,Named
Education,Pembroke Investment Managers LLP,1,Private Equity and Venture Capital,United Kingdom,,FALSE,Named
Education,Perivoli Trust,1,Charity/Not-for-profit company,United Kingdom,,FALSE,Named
Education,Phoenix Equity Partners,1,Private Equity and Venture Capital,United Kingdom,,FALSE,Named
Education,Prova,1,Corporate,United Kingdom,,FALSE,Named
Education,QED Investors,1,Private Equity and Venture Capital,United States,,FALSE,Named
Education,Redbus Ventures,1,Private Equity and Venture Capital,United Kingdom,,FALSE,Named
Education,SB ISAT Fund,1,Private Equity and Venture Capital,Indonesia,,FALSE,Named
Education,SI2 Fund,1,Private Equity and Venture Capital,Belgium,,FALSE,Named
Education,Salesforce,1,Corporate,United States,,FALSE,Named
Education,Scottish Enterprise,1,Devolved Government,United Kingdom,,FALSE,Named
Education,SemperVirens,1,Private Equity and Venture Capital,United States,,FALSE,Named
Education,Shawbrook Bank,1,Bank,United Kingdom,,TRUE,Named
Education,Shortlist Ventures,1,Private Equity and Venture Capital,United States,,FALSE,Named
Education,Silicon Valley Bank,1,Bank,United States,,FALSE,Bank/Loan
Education,SilverTree Equity,1,Private Equity and Venture Capital,United Kingdom,,FALSE,Named
Education,Smash Capital,1,Private Equity and Venture Capital,United States,,FALSE,Named
Education,Social Impact Enterprises,1,Private Equity and Venture Capital,United Kingdom,,FALSE,Named
Education,SoftBank Group,1,Corporate,Japan,,FALSE,Bank/Loan
Education,Solve Innovation Future,1,University,United States,,FALSE,Named
Education,StepStone Group,1,Asset Management,United Kingdom,,FALSE,Named
Education,Stonepeak Infrastructure Partners,1,Asset Management / Private Equity,United States,,FALSE,Named
Education,Susquehanna International Group (SIG),1,Private Equity and Venture Capital,United States,,FALSE,Named
Education,Synova,1,Private Equity and Venture Capital,United Kingdom,,FALSE,Named
Education,Systemiq,1,Corporate,United Kingdom,,FALSE,Named
Education,Talis Capital,1,Private Equity and Venture Capital,United Kingdom,,FALSE,Named
Education,TechNexus,1,Private Equity and Venture Capital,United States,,FALSE,Named
Education,The New York Times Company,1,Corporate,United States,,FALSE,Named
Education,ThinCats,1,Specialist Lender,United Kingdom,,TRUE,Named
Education,University of Warwick Science Park,1,University,United Kingdom,,FALSE,Named
Education,View Different,1,Private Equity and Venture Capital,United States,,FALSE,Named
Education,Warburg Pincus,1,Private Equity and Venture Capital,United States,,FALSE,Named
Education,Weisz Investments,1,Family Office,United Kingdom,,FALSE,Named
Education,WestBridge Capital,1,Private Equity and Venture Capital,United Kingdom,,FALSE,Named
Education,Wild Blue Cohort,1,Angel Network,United Kingdom,,FALSE,Named
Education,Yeo Valley,1,Corporate,United Kingdom,,FALSE,Named
Education,Yorkshire Association of Business Angels,1,Angel Network,United Kingdom,,FALSE,Named
Financial Services,Business Angel(s),67,Business Angel(s),,,FALSE,Named
Financial Services,British Business Bank,36,Central Government,United Kingdom,,FALSE,Government
Financial Services,Crowdcube,13,Crowd funding,United Kingdom,,FALSE,Crowdfunding
Financial Services,HSBC,9,Bank,United Kingdom,,TRUE,Bank/Loan
Financial Services,Phoenix Court Group,9,Private Equity and Venture Capital,United Kingdom,,FALSE,Named
Financial Services,Republic,9,Crowd funding,United States,,FALSE,Named
Financial Services,Seedcamp,9,Private Equity and Venture Capital,United Kingdom,,TRUE,Named
Financial Services,Augmentum Capital,8,Private Equity and Venture Capital,United Kingdom,,FALSE,Named
Financial Services,Balderton Capital,7,Private Equity and Venture Capital,United Kingdom,,TRUE,Named
Financial Services,Barclays,7,Bank,United Kingdom,,TRUE,Named
Financial Services,Silicon Valley Bank,7,Bank,United States,,FALSE,Named
Financial Services,Citigroup,6,Bank,United States,,FALSE,Named
Financial Services,Index Ventures,6,Private Equity and Venture Capital,United Kingdom,,FALSE,Named
Financial Services,JPMorgan Chase & Co,6,Asset Management,United States,,FALSE,Named
Financial Services,Molten Ventures,6,Private Equity and Venture Capital,United Kingdom,,FALSE,Named
Financial Services,Octopus Group,6,Asset Management / Private Equity,United Kingdom,,FALSE,Named
Financial Services,Tiger Global Management,6,Asset Management,United States,,FALSE,Named
Financial Services,ACF Investors,5,Private Equity and Venture Capital,United Kingdom,,FALSE,Named
Financial Services,Accel Partners,5,Private Equity and Venture Capital,United States,,FALSE,Named
Financial Services,BGF (formerly Business Growth Fund),5,Private Equity and Venture Capital,United Kingdom,,FALSE,Named
Financial Services,CommerzVentures,5,Private Equity and Venture Capital,Germany,,FALSE,Named
Financial Services,Deutsche Bank,5,Private Equity and Venture Capital,China,,FALSE,Bank/Loan
Financial Services,FTV Capital,5,Private Equity and Venture Capital,United States,,FALSE,Named
Financial Services,Goldman Sachs,5,Merchant Bank,United States,,FALSE,Named
Financial Services,Insight Partners,5,Private Equity and Venture Capital,United States,,FALSE,Named
Financial Services,Lloyds Banking Group,5,Private Equity and Venture Capital,United Kingdom,,FALSE,Named
Financial Services,Scottish Enterprise,5,Devolved Government,United Kingdom,,FALSE,Named
Financial Services,Triple Point,5,Asset Management,United Kingdom,,FALSE,Named
Financial Services,Albion Capital Group,4,Private Equity and Venture Capital,United Kingdom,,FALSE,Named
Financial Services,DST Global,4,Private Equity and Venture Capital,United States,,FALSE,Named
Financial Services,EQT Group,4,Private Equity and Venture Capital,Sweden,,FALSE,Named
Financial Services,Fidelity International,4,Asset Management,United Kingdom,,FALSE,Named
Financial Services,Force Over Mass Capital,4,Private Equity and Venture Capital,United Kingdom,,FALSE,Named
Financial Services,Funding London,4,Local and Regional Government,United Kingdom,,FALSE,Named
Financial Services,Gauss Ventures,4,Private Equity and Venture Capital,Cayman Islands,,FALSE,Named
Financial Services,Highland Europe,4,Private Equity and Venture Capital,United Kingdom,,FALSE,Named
Financial Services,JamJar Investments,4,Private Investment Vehicle,United Kingdom,,TRUE,Named
Financial Services,Legal & General,4,Corporate,United Kingdom,UK pension funds,FALSE,Named
Financial Services,Notion Capital Partners LLP,4,Private Equity and Venture Capital,United Kingdom,,FALSE,Named
Financial Services,Oxford Capital Partners,4,Private Equity and Venture Capital,United Kingdom,,FALSE,Named
Financial Services,Passion Capital,4,Private Equity and Venture Capital,United Kingdom,,TRUE,Named
Financial Services,SBI Holdings,4,Corporate,Japan,,FALSE,Named
Financial Services,Salica Investments,4,Asset Management / Private Equity,United Kingdom,,TRUE,Named
Financial Services,SoftBank Group,4,Corporate,Japan,,FALSE,Bank/Loan
Financial Services,Talis Capital,4,Private Equity and Venture Capital,United Kingdom,,FALSE,Named
Financial Services,Volution,4,Private Equity and Venture Capital,United Kingdom,,FALSE,Named
Financial Services,Anthemis Group,3,Private Equity and Venture Capital,United Kingdom,,FALSE,Named
Financial Services,BlackRock,3,Asset Management,United States,,FALSE,Named
Financial Services,Blenheim Chalcot,3,Private Equity and Venture Capital,United Kingdom,,FALSE,Named
Financial Services,Breega Capital,3,Private Equity and Venture Capital,France,,FALSE,Named
Financial Services,CIBC (Canadian Imperial Bank of Commerce),3,Bank,Canada,,FALSE,Named
Financial Services,Caisse de dépôt et placement du Québec (CDPQ),3,,,,,Named
Financial Services,Cambridge Angels,3,Angel Network,United Kingdom,,FALSE,Named
Financial Services,Envestors,3,Angel Network,United Kingdom,,FALSE,Named
Financial Services,Experian,3,Corporate,Ireland,,FALSE,Named
Financial Services,General Atlantic,3,Private Equity and Venture Capital,United States,,FALSE,Named
Financial Services,Google,3,Corporate,United States,,FALSE,Named
Financial Services,Government of Singapore Investment Corporation (GIC Private Limited),3,Sovereign Wealth Fund,Singapore,SW Fund,FALSE,Government
Financial Services,IQ Capital Partners,3,Private Equity and Venture Capital,United Kingdom,,FALSE,Named
Financial Services,Illuminate Financial Management,3,Private Equity and Venture Capital,United Kingdom,,FALSE,Named
Financial Services,KKR,3,Private Equity and Venture Capital,United States,,FALSE,Named
Financial Services,MMC Ventures,3,Private Equity and Venture Capital,United Kingdom,,TRUE,Named
Financial Services,Magenta Partners,3,Private Equity and Venture Capital,United Kingdom,,FALSE,Named
Financial Services,Maven Capital Partners UK LLP,3,Private Equity and Venture Capital,United Kingdom,,FALSE,Named
Financial Services,Moore Capital Management,3,Asset Management,United States,,FALSE,Named
Financial Services,Mouro Capital,3,Private Equity and Venture Capital,United Kingdom,,FALSE,Named
Financial Services,Nationwide Building Society,3,Bank,United Kingdom,,FALSE,Named
Financial Services,Nesta,3,Charity/Not-for-profit company,United Kingdom,,FALSE,Named
Financial Services,Ontario Teachers’ Pension Plan,3,Asset Management,Canada,International pension funds,FALSE,Named
Financial Services,Par Equity,3,Private Equity and Venture Capital,United Kingdom,,FALSE,Named
Financial Services,PayPal,3,Corporate,United States,,FALSE,Named
Financial Services,Praetura Group,3,Private Equity and Venture Capital,United Kingdom,,FALSE,Named
Financial Services,QED Investors,3,Private Equity and Venture Capital,United States,,FALSE,Named
Financial Services,Qatar Investment Authority,3,Sovereign Wealth Fund,Qatar,SW Fund,FALSE,Named
Financial Services,Ribbit Capital,3,Private Equity and Venture Capital,United States,,FALSE,Named
Financial Services,Souter Investments LLP,3,Family Office,United Kingdom,,FALSE,Named
Financial Services,Target Global,3,Private Equity and Venture Capital,Germany,,FALSE,Named
Financial Services,Technology Crossover Ventures,3,Private Equity and Venture Capital,United States,,FALSE,Named
Financial Services,Techstars,3,Accelerator,United States,,FALSE,Named
Financial Services,Temasek Holdings,3,Sovereign Wealth Fund,Singapore,SW Fund,FALSE,Named
Financial Services,Toscafund Asset Management,3,Specialist Lender,United Kingdom,,FALSE,Named
Financial Services,Virgin Money UK,3,Bank,United Kingdom,,FALSE,Named
Financial Services,YFM Equity Partners,3,Private Equity and Venture Capital,United Kingdom,,FALSE,Named
Financial Services,83North,2,Private Equity and Venture Capital,United Kingdom,,FALSE,Named
Financial Services,ABN AMRO,2,Bank,Netherlands,,FALSE,Named
Financial Services,Accenture,2,Private Equity and Venture Capital,Ireland,,FALSE,Named
Financial Services,American Express,2,Corporate,United States,,FALSE,Named
Financial Services,Angels Den,2,Angel Network,United Kingdom,,FALSE,Named
Financial Services,Apax Partners,2,Private Equity and Venture Capital,United States,,FALSE,Named
Financial Services,Aquiline Capital Partners,2,Private Equity and Venture Capital,United States,,FALSE,Named
Financial Services,Ascension,2,Private Equity and Venture Capital,United Kingdom,,FALSE,Named
Financial Services,Atami Capital,2,Private Equity and Venture Capital,Isle Of Man,,FALSE,Named
Financial Services,Aviva,2,Corporate,United Kingdom,UK pension funds,FALSE,Named
Financial Services,BNY Mellon,2,Private Equity and Venture Capital,United States,,FALSE,Named
Financial Services,BiG Start Ventures,2,Private Equity and Venture Capital,Portugal,,FALSE,Named
Financial Services,Black River Ventures,2,Private Equity and Venture Capital,Russian Federation,,FALSE,Named
Financial Services,Bootstrap Europe Advisers,2,Specialist Lender,United Kingdom,,FALSE,Named
Financial Services,Brightbridge Ventures,2,Private Equity and Venture Capital,United Kingdom,,FALSE,Named
Financial Services,CPP Investments,2,Asset Management,Canada,SW Fund,FALSE,Named
Financial Services,CVC Capital Partners,2,Private Equity and Venture Capital,Luxembourg,,FALSE,Named
Financial Services,Cabot Square Capital,2,Private Equity and Venture Capital,United Kingdom,,FALSE,Named
Financial Services,Calculus Capital,2,Private Equity and Venture Capital,United Kingdom,,FALSE,Named
Financial Services,Capricorn Investment Group,2,Private Equity and Venture Capital,United States,,FALSE,Named
Financial Services,Channel 4,2,State-owned enterprise (SOE) / Corporate strategic investor,United Kingdom,,FALSE,Named
Financial Services,Coatue Management,2,Private Equity and Venture Capital,United States,,FALSE,Named
Financial Services,Committed Capital,2,Private Equity and Venture Capital,United Kingdom,,FALSE,Named
Financial Services,Connect Ventures,2,Private Equity and Venture Capital,United Kingdom,,FALSE,Named
Financial Services,Creandum,2,Private Equity and Venture Capital,Sweden,,FALSE,Named
Financial Services,Credit Suisse,2,Merchant Bank,Switzerland,,FALSE,Named
Financial Services,CreditEase,2,Asset Management,China,,FALSE,Named
Financial Services,Crestline Investors,2,Asset Management,United States,,FALSE,Named
Financial Services,Dale Ventures,2,Private Equity and Venture Capital,United Arab Emirates,,FALSE,Named
Financial Services,Dawn Capital,2,Private Equity and Venture Capital,United Kingdom,,TRUE,Named
Financial Services,Deepbridge Capital,2,Private Equity and Venture Capital,United Kingdom,,FALSE,Named
Financial Services,ETFS Capital,2,Private Equity and Venture Capital,United Kingdom,,FALSE,Named
Financial Services,Edmond de Rothschild Investment Partners,2,Private Equity and Venture Capital,France,,FALSE,Bank/Loan
Financial Services,Eight Roads Ventures,2,Private Equity and Venture Capital,Bermuda,,FALSE,Named
Financial Services,Eldridge Industries,2,Private Equity and Venture Capital,United States,,FALSE,Named
Financial Services,Endeavor Global,2,Private Equity and Venture Capital,United States,,FALSE,Named
Financial Services,Eurazeo,2,Private Equity and Venture Capital,France,,TRUE,Named
Financial Services,Evolution Equity Partners,2,Private Equity and Venture Capital,United States,,TRUE,Named
Financial Services,Forward Partners,2,Private Equity and Venture Capital,United Kingdom,,FALSE,Named
Financial Services,Frontline Ventures,2,Private Equity and Venture Capital,Ireland,,FALSE,Named
Financial Services,Fuel Ventures,2,Private Equity and Venture Capital,United Kingdom,,FALSE,Named
Financial Services,G10 Capital,2,Asset Management,United Kingdom,,FALSE,Named
Financial Services,General Catalyst,2,Private Equity and Venture Capital,United States,,FALSE,Named
Financial Services,Gresham House,2,Asset Management,United Kingdom,,FALSE,Named
Financial Services,Growth Lending Group,2,Specialist Lender,United Kingdom,,FALSE,Bank/Loan
Financial Services,Guinness Ventures,2,Private Equity and Venture Capital,United Kingdom,,FALSE,Named
Financial Services,HV Capital,2,Private Equity and Venture Capital,Germany,,FALSE,Named
Financial Services,Headline,2,Private Equity and Venture Capital,United States,,FALSE,Named
Financial Services,Hedosophia,2,Private Equity and Venture Capital,United Kingdom,,FALSE,Named
Financial Services,Hg,2,Private Equity and Venture Capital,United Kingdom,,FALSE,Named
Financial Services,Inflexion Private Equity,2,Private Equity and Venture Capital,United Kingdom,,FALSE,Named
Financial Services,International Finance Corporation (IFC),2,Private Equity and Venture Capital,United States,,FALSE,Named
Financial Services,Invest NI,2,Devolved Government,United Kingdom,,FALSE,Named
Financial Services,Investec Bank,2,Bank,United Kingdom,,FALSE,Named
Financial Services,Kin Group,2,Private Investment Vehicle,United Kingdom,,FALSE,Named
Financial Services,Kindred Capital VC,2,Private Equity and Venture Capital,United Kingdom,,FALSE,Named
Financial Services,Lakestar,2,Private Equity and Venture Capital,Switzerland,,FALSE,Named
Financial Services,Lombard Odier,2,Asset Management,Switzerland,,FALSE,Named
Financial Services,M&G ­Investments,2,,,,,Named
Financial Services,MasterCard,2,Corporate,United States,,FALSE,Named
Financial Services,Mercia Asset Management,2,Asset Management / Private Equity,United Kingdom,,TRUE,Named
Financial Services,Mosaic Ventures,2,Private Equity and Venture Capital,United Kingdom,,FALSE,Named
Financial Services,NatWest Group,2,Bank,United Kingdom,,TRUE,Named
Financial Services,Northstar Ventures,2,Private Equity and Venture Capital,United Kingdom,,FALSE,Named
Financial Services,Northzone Ventures,2,Private Equity and Venture Capital,United Kingdom,,FALSE,Named
Financial Services,Numis,2,Asset Management,United Kingdom,,FALSE,Named
Financial Services,OakNorth,2,Bank,United Kingdom,,FALSE,Bank/Loan
Financial Services,Oaktree,2,Asset Management,United States,,FALSE,Named
Financial Services,Outrun Ventures,2,Private Equity and Venture Capital,United Kingdom,,FALSE,Named
Financial Services,Oxford Endowment Fund,2,Asset Management,United Kingdom,,FALSE,Named
Financial Services,Perwyn,2,Private Equity and Venture Capital,United Kingdom,,FALSE,Named
Financial Services,Phoenix Group,2,Corporate,United Kingdom,UK pension funds,FALSE,Named
Financial Services,Pollen Street Capital,2,Private Equity and Venture Capital,United Kingdom,,FALSE,Named
Financial Services,Prime Ventures,2,Private Equity and Venture Capital,Netherlands,,TRUE,Named
Financial Services,Quilam Capital,2,Private Equity and Venture Capital,United Kingdom,,FALSE,Named
Financial Services,SAP,2,Corporate,United States,,FALSE,Named
Financial Services,Salesforce,2,Corporate,United States,,FALSE,Named
Financial Services,Samos Investments,2,Private Equity and Venture Capital,United Kingdom,,FALSE,Named
Financial Services,ScaleUp Capital,2,Private Equity and Venture Capital,United Kingdom,,FALSE,Named
Financial Services,Shawbrook Bank,2,Bank,United Kingdom,,TRUE,Named
Financial Services,Speedinvest,2,Private Equity and Venture Capital,Austria,,FALSE,Named
Financial Services,Ten Coves Capital,2,Private Equity and Venture Capital,United States,,FALSE,Named
Financial Services,Tenzing,2,Private Equity and Venture Capital,United Kingdom,,FALSE,Named
Financial Services,ThinCats,2,Specialist Lender,United Kingdom,,TRUE,Named
Financial Services,U-Start Club,2,Private Equity and Venture Capital,Italy,,FALSE,Named
Financial Services,Vitruvian Partners,2,Private Equity and Venture Capital,United Kingdom,,FALSE,Named
Financial Services,Warburg Pincus,2,Private Equity and Venture Capital,United States,,FALSE,Named
Financial Services,13books Capital,1,Private Equity and Venture Capital,United Kingdom,,TRUE,Named
Financial Services,24Haymarket,1,Angel Network,United Kingdom,,TRUE,Named
Financial Services,3i,1,Private Equity and Venture Capital,United Kingdom,,FALSE,Named
Financial Services,76 West Holdings,1,Corporate,United States,,FALSE,Named
Financial Services,AFG Partners,1,Private Equity and Venture Capital,Hong Kong,,FALSE,Named
Financial Services,ARGO Investment Managers,1,Asset Management,United Kingdom,,FALSE,Named
Financial Services,AS Capital,1,Asset Management,United Kingdom,,FALSE,Named
Financial Services,AUB Group,1,Corporate,Australia,,FALSE,Named
Financial Services,Abu Dhabi Growth Fund,1,Government,United Arab Emirates,,FALSE,Named
Financial Services,Access Industries,1,Private Investment Vehicle,United States,,FALSE,Named
Financial Services,Acton Capital Partners,1,Private Equity and Venture Capital,Germany,,FALSE,Named
Financial Services,Adcock Private Equity,1,Private Equity and Venture Capital,Australia,,FALSE,Named
Financial Services,Adelie,1,Private Equity and Venture Capital,France,,FALSE,Named
Financial Services,Advent International,1,Private Equity and Venture Capital,United States,,FALSE,Named
Financial Services,Advent Venture Partners,1,Private Equity and Venture Capital,United Kingdom,,FALSE,Named
Financial Services,All Seas Capital Partners,1,Private Equity and Venture Capital,United Kingdom,,FALSE,Named
Financial Services,Allectus Capital,1,Private Equity and Venture Capital,Bermuda,,FALSE,Named
Financial Services,Alliance Bernstein (AB),1,Private Equity and Venture Capital,United States,,FALSE,Named
Financial Services,Alliance Ventures,1,Corporate,Netherlands,,FALSE,Named
Financial Services,Allianz,1,Asset Management,Germany,,FALSE,Named
Financial Services,Alpha Wave Ventures,1,Private Equity and Venture Capital,United States,,FALSE,Named
Financial Services,AlphaCode,1,Accelerator,South Africa,,FALSE,Named
Financial Services,Altimeter Capital,1,Private Equity and Venture Capital,United States,,FALSE,Named
Financial Services,Amadeus Capital Partners,1,Private Equity and Venture Capital,United Kingdom,,FALSE,Named
Financial Services,Amber Infrastructure Group,1,Asset Management / Private Equity,United Kingdom,,FALSE,Named
Financial Services,Amundi,1,Asset Management,France,,FALSE,Named
Financial Services,Angels Nominees,1,Private Investment Vehicle,United Kingdom,,FALSE,Named
Financial Services,Apis Partners,1,Private Equity and Venture Capital,United Kingdom,,FALSE,Named
Financial Services,Apollo Global Management,1,Asset Management,United States,,FALSE,Named
Financial Services,Ara Partners,1,Private Equity and Venture Capital,United States,,FALSE,Named
Financial Services,ArchOver,1,Crowd funding,United Kingdom,,FALSE,Named
Financial Services,Ares Management,1,Asset Management,United States,,FALSE,Named
Financial Services,Arini,1,Asset Management,United Kingdom,,FALSE,Named
Financial Services,Assembly Capital Partners,1,Private Equity and Venture Capital,United Kingdom,,FALSE,Named
Financial Services,Atalaya Capital Management,1,Asset Management,United States,,FALSE,Named
Financial Services,Atempo Growth,1,Specialist Lender,United Kingdom,,TRUE,Named
Financial Services,Atlantic Vantage Point,1,Private Equity and Venture Capital,France,,FALSE,Named
Financial Services,Atomico,1,Private Equity and Venture Capital,United Kingdom,,TRUE,Named
Financial Services,BBVA,1,Bank,Spain,,FALSE,Named
Financial Services,BECO Capital,1,Private Equity and Venture Capital,United Arab Emirates,,FALSE,Named
Financial Services,BHL Holdings,1,Corporate,United Kingdom,,FALSE,Named
Financial Services,BNF Capital,1,Private Equity and Venture Capital,United Kingdom,,FALSE,Named
Financial Services,BNP Paribas,1,Bank,France,,FALSE,Named
Financial Services,BOKA Group,1,Private Equity and Venture Capital,United States,,FALSE,Named
Financial Services,Baillie Gifford,1,Asset Management,United Kingdom,,FALSE,Named
Financial Services,Bain Capital,1,Private Equity and Venture Capital,United States,,FALSE,Named
Financial Services,Bank of America,1,Bank,United States,,FALSE,Bank/Loan
Financial Services,Base Capital,1,Private Equity and Venture Capital,United States,,FALSE,Named
Financial Services,Base Partners,1,Private Equity and Venture Capital,Brazil,,FALSE,Named
Financial Services,Battery,1,Private Equity and Venture Capital,United States,,FALSE,Named
Financial Services,Beacon Equity Partners,1,Private Equity and Venture Capital,United States,,FALSE,Named
Financial Services,Beazley,1,Corporate,United Kingdom,,FALSE,Named
Financial Services,Beechbrook Capital,1,Specialist Lender,United Kingdom,,TRUE,Named
Financial Services,Beringea,1,Private Equity and Venture Capital,United States,,FALSE,Named
Financial Services,Birchal,1,Crowd funding,Australia,,FALSE,Named
Financial Services,Blossom Capital,1,Private Equity and Venture Capital,United Kingdom,,FALSE,Named
Financial Services,BnkToTheFuture,1,Crowd funding,Cayman Islands,,FALSE,Named
Financial Services,Bridgepoint,1,Private Equity and Venture Capital,United Kingdom,,FALSE,Named
Financial Services,Britannia,1,Corporate,India,,FALSE,Named
Financial Services,Business Finance Partnership Programme,1,Central Government,United Kingdom,,FALSE,Named
Financial Services,CFFI UK Ventures,1,Private Investment Vehicle,Barbados,,FALSE,Named
Financial Services,CNP Assurances,1,Corporate,France,,FALSE,Named
Financial Services,CTC Venture Capital,1,Private Equity and Venture Capital,United States,,FALSE,Named
Financial Services,CVentures,1,Corporate,Egypt,,FALSE,Named
Financial Services,Cambridge Capital Group,1,Angel Network,United Kingdom,,FALSE,Named
Financial Services,Canapi Ventures,1,Private Equity and Venture Capital,United Kingdom,,FALSE,Named
Financial Services,Capita PLC,1,Corporate,United Kingdom,,FALSE,Named
Financial Services,CapitalG (formerly Google Capital),1,Corporate,United States,,FALSE,Named
Financial Services,Cartesian Capital,1,Private Equity and Venture Capital,United States,,FALSE,Named
Financial Services,Catapult Venture Managers,1,Private Equity and Venture Capital,United Kingdom,,FALSE,Named
Financial Services,Cazenove Private Equity,1,Private Equity and Venture Capital,United Kingdom,,FALSE,Named
Financial Services,Centerbridge Partners,1,Private Equity and Venture Capital,United States,,FALSE,Named
Financial Services,Cercano Management,1,Family Office,United States,,FALSE,Named
Financial Services,Chalfen Ventures,1,Private Equity and Venture Capital,United Kingdom,,FALSE,Named
Financial Services,Chaucer Consulting,1,Corporate,United Kingdom,,FALSE,Named
Financial Services,Circle,1,Corporate,United States,,FALSE,Named
Financial Services,Clarendon Fund Managers,1,Private Equity and Venture Capital,United Kingdom,,TRUE,Named
Financial Services,Clocktower Ventures,1,Private Equity and Venture Capital,United States,,FALSE,Named
Financial Services,Club Changer,1,Family Office,Monaco / UAE,,FALSE,Named
Financial Services,Cohen Circle,1,Private Equity and Venture Capital,United States,,FALSE,Named
Financial Services,Coinbase Ventures,1,Corporate,United States,,FALSE,Named
Financial Services,Collector Bank,1,Bank,Sweden,,FALSE,Bank/Loan
Financial Services,Coller Capital,1,Private Equity and Venture Capital,United Kingdom,,FALSE,Named
Financial Services,Concentric Partners,1,Private Equity and Venture Capital,United Kingdom,,FALSE,Named
Financial Services,Contour Venture Partners,1,Private Equity and Venture Capital,United States,,FALSE,Named
Financial Services,Conviction Investment Partners (CIP),1,Private Equity and Venture Capital,United Kingdom,,FALSE,Named
Financial Services,Convoy Global Holdings,1,Asset Management,Hong Kong,,FALSE,Named
Financial Services,Crane Ventures,1,Private Equity and Venture Capital,United Kingdom,,FALSE,Named
Financial Services,Creative UK,1,Accelerator,United Kingdom,,FALSE,Named
Financial Services,Crossfin Holdings,1,Private Equity and Venture Capital,South Africa,,FALSE,Named
Financial Services,DB1 Ventures,1,,,,,Named
Financial Services,DIG Investments,1,Family Office,United Kingdom,,FALSE,Named
Financial Services,DKLM,1,Corporate,United Kingdom,,FALSE,Named
Financial Services,DNB,1,Bank,Norway,,FALSE,Named
Financial Services,DSW Ventures,1,Angel Network,United Kingdom,,TRUE,Named
Financial Services,Da Vinci Capital,1,Private Equity and Venture Capital,Russian Federation,,FALSE,Named
Financial Services,Dai-ichi Life Insurance,1,Corporate,Japan,,FALSE,Named
Financial Services,Dentons,1,Corporate,United Kingdom,,FALSE,Named
Financial Services,Development Bank of Wales,1,Devolved Government,United Kingdom,,FALSE,Named
Financial Services,Digital Currency Group,1,Private Equity and Venture Capital,United States,,FALSE,Named
Financial Services,Dragoneer Investment Group,1,Private Equity and Venture Capital,United States,,FALSE,Named
Financial Services,Drake Capital Advisors LLC,1,Private Equity and Venture Capital,United States,,FALSE,Named
Financial Services,Dubai Investments,1,Private Equity and Venture Capital,United Arab Emirates,,FALSE,Named
Financial Services,E& Investment,1,Private Equity and Venture Capital,"Korea, Republic Of (South Korea)",,FALSE,Named
Financial Services,ECI Partners,1,Private Equity and Venture Capital,United Kingdom,,FALSE,Named
Financial Services,ESM Investments,1,Angel Network,United Kingdom,,FALSE,Named
Financial Services,Earlymarket,1,Family Office,United Kingdom,,FALSE,Named
Financial Services,East Capital Group,1,Asset Management,Sweden,,FALSE,Named
Financial Services,East Lodge Capital,1,Private Equity and Venture Capital,United Kingdom,,FALSE,Named
Financial Services,Elbrus Capital,1,Private Equity and Venture Capital,Russian Federation,,FALSE,Named
Financial Services,Elkstone,1,Family Office,Ireland,,FALSE,Named
Financial Services,Elliott Management Corporation,1,Asset Management,United States,,FALSE,Named
Financial Services,Emery Capital,1,Private Equity and Venture Capital,Russian Federation,,FALSE,Named
Financial Services,Enstar,1,Corporate,Bermuda,,FALSE,Named
Financial Services,Entree Capital,1,Private Equity and Venture Capital,United Kingdom,,FALSE,Named
Financial Services,Entrepreneurs First,1,Accelerator,United Kingdom,,FALSE,Named
Financial Services,Eos Venture,1,Private Equity and Venture Capital,United Kingdom,,FALSE,Named
Financial Services,Equity Gap,1,Angel Network,United Kingdom,,FALSE,Named
Financial Services,Estancia Capital Partners,1,Private Equity and Venture Capital,United States,,FALSE,Named
Financial Services,Exponential Ventures,1,Private Equity and Venture Capital,United Kingdom,,FALSE,Named
Financial Services,FINTOP Capital,1,Private Equity and Venture Capital,United States,,FALSE,Named
Financial Services,FIS,1,Corporate,United States,,FALSE,Named
Financial Services,FJ Labs,1,Private Equity and Venture Capital,United States,,FALSE,Named
Financial Services,FMZ Ventures,1,Private Investment Vehicle,United States,,FALSE,Named
Financial Services,FNZ Group,1,Corporate,United Kingdom,,FALSE,Named
Financial Services,FactSet,1,Corporate,United States,,FALSE,Named
Financial Services,Farallon Capital Management,1,Asset Management,United States,,FALSE,Named
Financial Services,Fieldfisher,1,Corporate,United Kingdom,,FALSE,Named
Financial Services,Fifth Era,1,Private Equity and Venture Capital,United States,,FALSE,Named
Financial Services,Fin Capital,1,Private Equity and Venture Capital,United States,,FALSE,Named
Financial Services,Fin Venture Capital,1,Private Equity and Venture Capital,United States,,FALSE,Named
Financial Services,FinTech Collective,1,Private Equity and Venture Capital,United States,,FALSE,Named
Financial Services,Firestartr,1,Angel Network,United Kingdom,,FALSE,Named
Financial Services,FirstCape,1,Private Equity and Venture Capital,New Zealand,,FALSE,Named
Financial Services,Firstminute Capital,1,Private Equity and Venture Capital,United Kingdom,,FALSE,Named
Financial Services,Flow Capital,1,Private Equity and Venture Capital,Canada,,FALSE,Named
Financial Services,Fondazione di Sardegna,1,Corporate,Italy,,FALSE,Named
Financial Services,Foresight Group,1,Asset Management / Private Equity,United Kingdom,,TRUE,Named
Financial Services,Fortress Investment Group,1,Asset Management / Private Equity,United States,,FALSE,Named
Financial Services,Framework Venture Partners,1,Private Equity and Venture Capital,Canada,,FALSE,Named
Financial Services,Franklin Templeton,1,Private Equity and Venture Capital,United States,,FALSE,Named
Financial Services,Frog Capital,1,Private Equity and Venture Capital,United Kingdom,,TRUE,Named
Financial Services,Frontier Development Capital,1,Private Equity and Venture Capital,United Kingdom,,TRUE,Named
Financial Services,Fuel Venture Capital,1,Private Equity and Venture Capital,United States,,FALSE,Named
Financial Services,Future Planet Capital,1,Private Equity and Venture Capital,United Kingdom,,FALSE,Named
Financial Services,GC Angels,1,Angel Network,United Kingdom,,FALSE,Named
Financial Services,GP Bullhound,1,Merchant Bank,United Kingdom,,FALSE,Named
Financial Services,Generation Investment Management,1,Asset Management,United Kingdom,,FALSE,Named
Financial Services,Goldacre,1,,,,,Named
Financial Services,Goodwater Capital LLC,1,Private Equity and Venture Capital,United States,,FALSE,Named
Financial Services,Grafton Capital,1,Private Equity and Venture Capital,United Kingdom,,FALSE,Named
Financial Services,Greenoaks Capital Management,1,Private Equity and Venture Capital,United States,,FALSE,Named
Financial Services,Greenwood Way Capital,1,Angel Network,United Kingdom,,FALSE,Named
Financial Services,Groupon,1,Corporate,United States,,FALSE,Named
Financial Services,Growth Capital Partners,1,Private Equity and Venture Capital,United Kingdom,,TRUE,Named
Financial Services,Guan Quan Investments,1,Private Investment Vehicle,China,,FALSE,Named
Financial Services,Guanqun Chi Cheng,1,Specialist Lender,China,,FALSE,Named
Financial Services,HB Investments,1,Private Investment Vehicle,United Arab Emirates,,FALSE,Named
Financial Services,HDI,1,Corporate,Germany,,FALSE,Named
Financial Services,Hamiton Holdings,1,Corporate,United States,,FALSE,Named
Financial Services,Hanaco Ventures,1,Private Equity and Venture Capital,Israel,,FALSE,Named
Financial Services,Hannover Digital Investments,1,Private Equity and Venture Capital,Germany,,FALSE,Named
Financial Services,Hard Yaka,1,Private Equity and Venture Capital,United States,,FALSE,Named
Financial Services,Hartford Ventures,1,Private Equity and Venture Capital,United States,,FALSE,Named
Financial Services,Henderson Global Investors,1,Asset Management,United Kingdom,,FALSE,Named
Financial Services,Honeycomb Investment Trust,1,Asset Management,United Kingdom,,FALSE,Named
Financial Services,HongShan,1,Private Equity and Venture Capital,China,,FALSE,Named
Financial Services,House of Fraser,1,Corporate,United Kingdom,,FALSE,Named
Financial Services,Hoxton Ventures,1,Private Equity and Venture Capital,United Kingdom,,TRUE,Named
Financial Services,ICONIQ Capital,1,Family Office,United States,,FALSE,Named
Financial Services,IDC Ventures,1,Private Equity and Venture Capital,Spain,,FALSE,Named
Financial Services,IHS Markit,1,Corporate,United Kingdom,,FALSE,Named
Financial Services,ING Bank,1,Bank,Netherlands,,FALSE,Named
Financial Services,IP Group,1,Commercialisation Company,United Kingdom,,FALSE,Named
Financial Services,IRIS,1,Corporate,United Kingdom,,FALSE,Named
Financial Services,ITV,1,Corporate,United Kingdom,,FALSE,Named
Financial Services,Imbiba,1,Private Equity and Venture Capital,United Kingdom,,TRUE,Named
Financial Services,InMotion Ventures,1,Corporate,United Kingdom,,FALSE,Named
Financial Services,InReach Ventures,1,Private Equity and Venture Capital,United Kingdom,,FALSE,Named
Financial Services,Indigo IP Holdings,1,Private Investment Vehicle,Antigua & Barbuda,,FALSE,Named
Financial Services,Infinity Asset Management LLP,1,Asset Management,United Kingdom,,FALSE,Named
Financial Services,Ingka Group,1,Corporate,Netherlands,,FALSE,Named
Financial Services,Insight Capital,1,Private Equity and Venture Capital,United States,,FALSE,Named
Financial Services,Insurtech Gateway,1,Private Equity and Venture Capital,United Kingdom,,FALSE,Named
Financial Services,Intel,1,Corporate,United States,,FALSE,Named
Financial Services,International Airlines Group,1,Corporate,United Kingdom,,FALSE,Named
Financial Services,Intesa Sanpaolo,1,Bank,Italy,,FALSE,Named
Financial Services,Invoke Capital Partners,1,Private Equity and Venture Capital,United Kingdom,,FALSE,Named
Financial Services,Invus,1,Private Equity and Venture Capital,United States,,FALSE,Named
Financial Services,JC Flowers,1,Private Equity and Venture Capital,United States,,FALSE,Named
Financial Services,JRJ Group,1,Private Equity and Venture Capital,United Kingdom,,FALSE,Named
Financial Services,Jefferies,1,Merchant Bank,United States,,FALSE,Named
Financial Services,Jigsaw VC,1,Private Equity and Venture Capital,Jersey,,FALSE,Named
Financial Services,Joseph Rowntree Charitable Trust,1,Charity/Not-for-profit company,United Kingdom,,FALSE,Named
Financial Services,KKCG,1,Asset Management,Switzerland,,FALSE,Named
Financial Services,KRW Schindler Private Ventures,1,Private Equity and Venture Capital,Luxembourg,,FALSE,Named
Financial Services,KV Management,1,Private Investment Vehicle,United States,,FALSE,Named
Financial Services,Kaiser Permanente Ventures,1,Corporate,United States,,FALSE,Named
Financial Services,Kartesia,1,Asset Management,United Kingdom,,FALSE,Named
Financial Services,Kennet Partners,1,Private Equity and Venture Capital,United Kingdom,,FALSE,Named
Financial Services,Kernel Capital,1,Private Equity and Venture Capital,Ireland,,FALSE,Named
Financial Services,Kima Ventures,1,Private Investment Vehicle,France,,FALSE,Named
Financial Services,Kingsway Capital Partners Limited,1,Private Equity and Venture Capital,United Kingdom,,FALSE,Named
Financial Services,Kinnevik,1,Private Equity and Venture Capital,Sweden,,FALSE,Named
Financial Services,Korea Investment Partners (KIP),1,Private Equity and Venture Capital,"Korea, Republic Of (South Korea)",,FALSE,Named
Financial Services,L Catterton,1,Private Equity and Venture Capital,United States,,FALSE,Named
Financial Services,La Famiglia,1,Private Equity and Venture Capital,Germany,,FALSE,Named
Financial Services,Latitude Investment Management,1,Asset Management,United Kingdom,,FALSE,Named
Financial Services,Latitude fund,1,Private Equity and Venture Capital,United Kingdom,,FALSE,Named
Financial Services,Launchbay Capital,1,Private Equity and Venture Capital,United Kingdom,,FALSE,Named
Financial Services,LeapFrog Investments,1,Private Equity and Venture Capital,United Kingdom,,FALSE,Named
Financial Services,LeapFrog Ventures,1,Private Equity and Venture Capital,Mauritius,,FALSE,Named
Financial Services,Left Lane Capital,1,Private Equity and Venture Capital,United States,,FALSE,Named
Financial Services,Lerer Hippeau Ventures,1,Private Equity and Venture Capital,United States,,FALSE,Named
Financial Services,Leucadia National Corporation,1,Merchant Bank,United States,,FALSE,Named
Financial Services,Leumi Partners,1,Merchant Bank,Israel,,FALSE,Named
Financial Services,Life.SREDA,1,Private Equity and Venture Capital,Singapore,,FALSE,Named
Financial Services,Lightbank,1,Private Equity and Venture Capital,United States,,FALSE,Bank/Loan
Financial Services,Lightspeed Management,1,Private Equity and Venture Capital,United States,,FALSE,Named
Financial Services,Link Group,1,Corporate,Australia,,FALSE,Named
Financial Services,Liquidity Group,1,Specialist Lender,United States,,FALSE,Named
Financial Services,London Stock Exchange Group (LSEG),1,Private Investment Vehicle,United Kingdom,,FALSE,Named
Financial Services,Long Ridge Equity Partners,1,Private Equity and Venture Capital,United States,,FALSE,Named
Financial Services,Loric Ventures,1,Private Equity and Venture Capital,Germany,,FALSE,Named
Financial Services,Lugard Road Capital,1,Private Equity and Venture Capital,United States,,FALSE,Named
Financial Services,Lumia Capital,1,Private Equity and Venture Capital,United States,,FALSE,Named
Financial Services,M&F Fund,1,Private Equity and Venture Capital,Regional / EU,,FALSE,Named
Financial Services,MCI.TechVentures,1,Private Equity and Venture Capital,Poland,,FALSE,Named
Financial Services,MMI,1,Corporate,South Africa,,FALSE,Named
Financial Services,MS&AD,1,Corporate,Japan,,FALSE,Named
Financial Services,Marlin Equity Partners,1,Private Equity and Venture Capital,United States,,FALSE,Named
Financial Services,Marqeta,1,Corporate,United States,,FALSE,Named
Financial Services,Marubeni Ventures,1,Corporate,Japan,,FALSE,Named
Financial Services,MassMutual Ventures,1,Corporate,United States,,FALSE,Named
Financial Services,Metric Capital Partners,1,Private Equity and Venture Capital,United Kingdom,,FALSE,Named
Financial Services,Microsoft,1,Corporate,United States,,FALSE,Named
Financial Services,Middle East Venture Partners (MEVP),1,Private Equity and Venture Capital,United Arab Emirates,,FALSE,Named
Financial Services,Middleton Enterprises,1,Family Office,United Kingdom,,FALSE,Named
Financial Services,Milano Investment Partners,1,Private Equity and Venture Capital,Italy,,FALSE,Named
Financial Services,MissionOG,1,Private Equity and Venture Capital,United States,,FALSE,Named
Financial Services,Mithril,1,Private Equity and Venture Capital,United States,,FALSE,Named
Financial Services,Mobeus,1,Private Equity and Venture Capital,United Kingdom,,TRUE,Named
Financial Services,Mojo Capital,1,Private Equity and Venture Capital,Luxembourg,,FALSE,Named
Financial Services,Moneysupermarket.com,1,Corporate,United Kingdom,,FALSE,Named
Financial Services,Montagu Private Equity,1,Private Equity and Venture Capital,United Kingdom,,FALSE,Named
Financial Services,Montreux Capital Management,1,Private Equity and Venture Capital,United Kingdom,,FALSE,Named
Financial Services,Mosaik Partners,1,Private Equity and Venture Capital,United States,,FALSE,Named
Financial Services,Motive Partners,1,Private Equity and Venture Capital,United States,,FALSE,Named
Financial Services,Mubadala Investment Company,1,Sovereign Wealth Fund,United Arab Emirates,SW Fund,FALSE,Named
Financial Services,Mundi Ventures,1,Private Equity and Venture Capital,Spain,,FALSE,Named
Financial Services,Murray Capital,1,Family Office,United Kingdom,,FALSE,Named
Financial Services,NEL Fund Managers,1,Private Equity and Venture Capital,United Kingdom,,TRUE,Named
Financial Services,NFT Ventures,1,Private Equity and Venture Capital,Sweden,,FALSE,Named
Financial Services,NIBC Bank,1,Bank,Netherlands,,FALSE,Bank/Loan
Financial Services,Nasdaq,1,Corporate,United States,,FALSE,Named
Financial Services,National Australia Bank,1,Bank,Australia,,FALSE,Bank/Loan
Financial Services,Natixis,1,Merchant Bank,France,,FALSE,Named
Financial Services,New Wave Ventures,1,Private Equity and Venture Capital,United Kingdom,,FALSE,Named
Financial Services,NextLaw Labs,1,Corporate,United States,,FALSE,Named
Financial Services,Ninety One,1,Private Equity and Venture Capital,United Kingdom,,FALSE,Named
Financial Services,Nire Capital,1,Private Equity and Venture Capital,South Africa,,FALSE,Named
Financial Services,No. 9,1,Private Equity and Venture Capital,United Kingdom,,FALSE,Named
Financial Services,Nomura,1,Bank,Japan,,FALSE,Named
Financial Services,NordicNinja,1,Private Equity and Venture Capital,Finland,,FALSE,Named
Financial Services,NorthInvest,1,Angel Network,United Kingdom,,FALSE,Named
Financial Services,Novator Partners,1,Private Investment Vehicle,Switzerland,,FALSE,Named
Financial Services,Novum Capital,1,Private Equity and Venture Capital,Germany,,FALSE,Named
Financial Services,Nucleus Financial Platforms,1,Private Equity and Venture Capital,United Kingdom,,FALSE,Named
Financial Services,OMERS Ventures,1,Private Equity and Venture Capital,Canada,,FALSE,Named
Financial Services,Oak HC/FT,1,Private Equity and Venture Capital,United States,,FALSE,Named
Financial Services,Oak Hill Advisors,1,Private Equity and Venture Capital,United States,,FALSE,Named
Financial Services,Oceanwood Capital Management,1,Asset Management,United Kingdom,,FALSE,Named
Financial Services,Octahedron Capital,1,Private Equity and Venture Capital,United States,,FALSE,Named
Financial Services,Oliver Wyman,1,Private Equity and Venture Capital,United States,,FALSE,Named
Financial Services,Omidyar Network,1,Charity/Not-for-profit company,United States,,FALSE,Named
Financial Services,Omni Partners,1,Private Equity and Venture Capital,United Kingdom,,FALSE,Named
Financial Services,OneMain Financial,1,Specialist Lender,United States,,FALSE,Named
Financial Services,Optiver,1,Asset Management,Netherlands,,FALSE,Named
Financial Services,Orange,1,Corporate,France,,FALSE,Named
Financial Services,OurCrowd,1,Crowd funding,Israel,,FALSE,Crowdfunding
Financial Services,Oxford Finance,1,Private Equity and Venture Capital,United States,,FALSE,Named
Financial Services,Oxford Innovation Finance,1,Angel Network,United Kingdom,,FALSE,Named
Financial Services,Oxx,1,Private Equity and Venture Capital,United Kingdom,,TRUE,Named
Financial Services,PPF Group,1,Private Investment Vehicle,Czech Republic,,FALSE,Named
Financial Services,Paladin Capital Group,1,Private Equity and Venture Capital,United States,,FALSE,Named
Financial Services,Palatine Private Equity,1,Private Equity and Venture Capital,United Kingdom,,FALSE,Named
Financial Services,Partech Partners,1,Private Equity and Venture Capital,France,,FALSE,Named
Financial Services,Partnership Fund for New York City,1,Charity/Not-for-profit company,United States,,FALSE,Named
Financial Services,Penta Capital,1,Private Equity and Venture Capital,United Kingdom,,FALSE,Named
Financial Services,Perscitus Advisers,1,Private Equity and Venture Capital,United Kingdom,,FALSE,Named
Financial Services,Phenomen Ventures,1,Private Equity and Venture Capital,United Kingdom,,FALSE,Named
Financial Services,Pi Labs,1,Accelerator,United Kingdom,,FALSE,Named
Financial Services,Ping An Ventures,1,Private Equity and Venture Capital,China,,FALSE,Named
Financial Services,Pinorena Capital,1,Private Equity and Venture Capital,Estonia,,FALSE,Named
Financial Services,Piper Private Equity,1,Private Equity and Venture Capital,United Kingdom,,FALSE,Named
Financial Services,Pivot Investment Partners,1,Private Equity and Venture Capital,United States,,FALSE,Named
Financial Services,Plaid,1,Corporate,United States,,FALSE,Named
Financial Services,Point Nine Management,1,Private Equity and Venture Capital,Germany,,FALSE,Named
Financial Services,Point72,1,Asset Management,United States,,FALSE,Named
Financial Services,Polar Capital,1,Private Equity and Venture Capital,United Kingdom,,FALSE,Named
Financial Services,Poste Italiane,1,State-owned enterprise (SOE) / Corporate strategic investor,Italy,,FALSE,Named
Financial Services,Practica Capital,1,Private Equity and Venture Capital,Lithuania,,FALSE,Named
Financial Services,Promethean Investments LLP,1,Private Equity and Venture Capital,United Kingdom,,FALSE,Named
Financial Services,Prudence Holdings,1,Private Equity and Venture Capital,United States,,FALSE,Named
Financial Services,Puma Investment Management,1,Asset Management,United Kingdom,,FALSE,Named
Financial Services,QBN Capital,1,Private Equity and Venture Capital,Hong Kong,,FALSE,Named
Financial Services,Quester Venture Partnership,1,Private Equity and Venture Capital,United Kingdom,,FALSE,Named
Financial Services,R204 Partners,1,Private Equity and Venture Capital,Italy,,FALSE,Named
Financial Services,RGAX,1,Corporate,United States,,FALSE,Named
Financial Services,Rabobank,1,Bank,Netherlands,,FALSE,Named
Financial Services,Rakuten,1,Corporate,Japan,,FALSE,Named
Financial Services,Recurring Capital Partners,1,Private Equity and Venture Capital,United States,,FALSE,Named
Financial Services,Redline Capital Management,1,Private Equity and Venture Capital,United Kingdom,,FALSE,Named
Financial Services,Reference Capital,1,Private Equity and Venture Capital,United States,,FALSE,Named
Financial Services,Renaissance Capital Partners,1,Private Equity and Venture Capital,United Kingdom,,FALSE,Named
Financial Services,Revo Capital,1,Private Equity and Venture Capital,Netherlands,,FALSE,Named
Financial Services,Revolutionary (Ad)ventures,1,Private Equity and Venture Capital,United Kingdom,,FALSE,Named
Financial Services,Rocket Internet,1,Corporate,Germany,,FALSE,Named
Financial Services,Route 66 Ventures,1,Private Equity and Venture Capital,United States,,FALSE,Named
Financial Services,Rovida Advisors,1,Asset Management,United States,,FALSE,Named
Financial Services,Rubicon Venture Capital,1,Private Equity and Venture Capital,United States,,FALSE,Named
Financial Services,SFC Capital,1,Private Equity and Venture Capital,United Kingdom,,FALSE,Named
Financial Services,SPWOne,1,Private Investment Vehicle,United Kingdom,,FALSE,Named
Financial Services,STE Capital,1,Family Office,United States,,FALSE,Named
Financial Services,Sabre Insurance,1,Corporate,United Kingdom,,FALSE,Named
Financial Services,Sage,1,Corporate,United Kingdom,,FALSE,Named
Financial Services,Said Business School,1,University,United Kingdom,,FALSE,Named
Financial Services,Santander,1,Bank,Spain,,TRUE,Named
Financial Services,Saudi Aramco,1,Corporate,Saudi Arabia,,FALSE,Named
Financial Services,Schroders,1,Asset Management,United Kingdom,,FALSE,Named
Financial Services,Scottish EDGE,1,Charity/Not-for-profit company,United Kingdom,,FALSE,Named
Financial Services,Scottish Equity Partners,1,Private Equity and Venture Capital,United Kingdom,,TRUE,Named
Financial Services,Sentinel Dome Partners,1,Asset Management,United States,,FALSE,Named
Financial Services,Seventure Partners,1,Private Equity and Venture Capital,France,,FALSE,Named
Financial Services,Shopify,1,Corporate,Canada,,FALSE,Named
Financial Services,Shortcut Ventures,1,Private Equity and Venture Capital,Germany,,FALSE,Named
Financial Services,SignalFire,1,Private Equity and Venture Capital,United States,,FALSE,Named
Financial Services,SilverRock Financial Services,1,Bank,United Kingdom,,FALSE,Named
Financial Services,SilverTree Equity,1,Private Equity and Venture Capital,United Kingdom,,FALSE,Named
Financial Services,Simcah Management,1,Asset Management,United States,,FALSE,Named
Financial Services,SixThirty Ventures,1,Private Equity and Venture Capital,United States,,FALSE,Named
Financial Services,Sixth Street Growth,1,Private Equity and Venture Capital,United States,,FALSE,Named
Financial Services,SmartCap,1,Private Equity and Venture Capital,Estonia,,FALSE,Named
Financial Services,SmartHub,1,Corporate,Brazil,,FALSE,Named
Financial Services,Smash Capital,1,Private Equity and Venture Capital,United States,,FALSE,Named
Financial Services,Snowflake,1,Corporate,United States,,FALSE,Named
Financial Services,Sofina,1,Private Equity and Venture Capital,Belgium,,FALSE,Named
Financial Services,Spark Capital Partners,1,Private Equity and Venture Capital,United States,,FALSE,Named
Financial Services,Spark Ventures,1,Private Equity and Venture Capital,United Kingdom,,FALSE,Named
Financial Services,Spearhead Capital,1,Asset Management,United States,,FALSE,Named
Financial Services,Spring Partners,1,Private Equity and Venture Capital,Japan,,FALSE,Named
Financial Services,Sprints Capital,1,Private Equity and Venture Capital,United Kingdom,,FALSE,Named
Financial Services,Standard Life Aberdeen,1,Asset Management,United Kingdom,UK pension funds,FALSE,Named
Financial Services,Stone Point Capital,1,Private Equity and Venture Capital,United States,,FALSE,Named
Financial Services,Stride.VC,1,Private Equity and Venture Capital,United Kingdom,,FALSE,Named
Financial Services,Stripe,1,Private Equity and Venture Capital,United States,,FALSE,Named
Financial Services,Sunley House Capital Management,1,Asset Management,United States,,FALSE,Named
Financial Services,Surplus,1,Private Equity and Venture Capital,Germany,,FALSE,Named
Financial Services,Sussex Place Ventures,1,Private Equity and Venture Capital,United Kingdom,,TRUE,Named
Financial Services,Swiss Post,1,State-owned enterprise (SOE) / Corporate strategic investor,Switzerland,,FALSE,Named
Financial Services,SyndicateRoom,1,Crowd funding,United Kingdom,,TRUE,Named
Financial Services,Söderberg & Partners,1,,,,,Named
Financial Services,TED Global,1,Charity/Not-for-profit company,United States,,FALSE,Named
Financial Services,TNI Fund LP,1,Private Equity and Venture Capital,United Kingdom,,FALSE,Named
Financial Services,TOMS Capital,1,Asset Management,United States,,FALSE,Named
Financial Services,TPG,1,Private Equity and Venture Capital,United States,,FALSE,Named
Financial Services,TSG Consumer Partners,1,Private Equity and Venture Capital,United States,,FALSE,Named
Financial Services,TTV Capital,1,Private Equity and Venture Capital,United States,,FALSE,Named
Financial Services,Taiwania Capital,1,Private Equity and Venture Capital,Taiwan,,FALSE,Named
Financial Services,TempoCap,1,Private Equity and Venture Capital,United Kingdom,,FALSE,Named
Financial Services,Tencent,1,Corporate,China,,FALSE,Named
Financial Services,Tengelmann Ventures,1,Private Equity and Venture Capital,Germany,,FALSE,Named
Financial Services,Tera Ventures,1,Private Equity and Venture Capital,Estonia,,FALSE,Named
Financial Services,The Rise Fund,1,Private Equity and Venture Capital,United States,,FALSE,Named
Financial Services,The Riverside Company,1,Private Equity and Venture Capital,United States,,FALSE,Named
Financial Services,TheFamily,1,Accelerator,France,,FALSE,Named
Financial Services,Third Kind VC,1,Private Equity and Venture Capital,United States,,FALSE,Named
Financial Services,Third Stream Partners,1,Private Equity and Venture Capital,United States,,FALSE,Named
Financial Services,Thomson Reuters,1,Corporate,Canada,,FALSE,Named
Financial Services,Thomvest Ventures,1,Private Equity and Venture Capital,United States,,FALSE,Named
Financial Services,Threesixty,1,Corporate,United Kingdom,,FALSE,Named
Financial Services,Thrive Capital,1,Private Equity and Venture Capital,United States,,FALSE,Named
Financial Services,Thule Investments,1,Private Equity and Venture Capital,Iceland,,FALSE,Named
Financial Services,Tifosy,1,Crowd funding,United Kingdom,,FALSE,Named
Financial Services,Tiny VC,1,Private Equity and Venture Capital,United Kingdom,,FALSE,Named
Financial Services,TransUnion,1,Corporate,United States,,FALSE,Named
Financial Services,Tribe Capital,1,Private Equity and Venture Capital,United States,,FALSE,Named
Financial Services,Tribeca Early Stage Partners,1,Private Equity and Venture Capital,United States,,FALSE,Named
Financial Services,Tuesday Capital,1,Private Equity and Venture Capital,United States,,FALSE,Named
Financial Services,UBS,1,Bank,Switzerland,,FALSE,Bank/Loan
Financial Services,UFP Fintech,1,Private Equity and Venture Capital,United Kingdom,,FALSE,Named
Financial Services,Unilever,1,Corporate,United Kingdom,,FALSE,Named
Financial Services,United Ventures,1,Private Equity and Venture Capital,Italy,,FALSE,Named
Financial Services,University of Edinburgh,1,University,United Kingdom,,FALSE,Named
Financial Services,University of Ulster,1,University,United Kingdom,,FALSE,Named
Financial Services,University of Warwick Science Park,1,University,United Kingdom,,FALSE,Named
Financial Services,Unlimint,1,Corporate,Russian Federation,,FALSE,Named
Financial Services,Vanderbilt University,1,University,United States,,FALSE,Named
Financial Services,Venrex Investment Management,1,Private Equity and Venture Capital,United Kingdom,,FALSE,Named
Financial Services,Ventura Capital,1,Private Equity and Venture Capital,United Arab Emirates,,FALSE,Named
Financial Services,Venture Incubator,1,Charity/Not-for-profit company,Switzerland,,FALSE,Named
Financial Services,VentureFounders,1,Private Equity and Venture Capital,United Kingdom,,FALSE,Named
Financial Services,VilCap,1,Accelerator,United States,,FALSE,Named
Financial Services,Village Global,1,Private Equity and Venture Capital,United States,,FALSE,Named
Financial Services,Visa,1,Corporate,United States,,FALSE,Named
Financial Services,Vista Credit Partners,1,Private Equity and Venture Capital,United States,,FALSE,Named
Financial Services,Vostok Emerging Finance,1,Private Equity and Venture Capital,Bermuda,,FALSE,Named
Financial Services,Vulcan Capital,1,Private Equity and Venture Capital,United States,,FALSE,Named
Financial Services,Vy Capital,1,Private Equity and Venture Capital,United Arab Emirates,,FALSE,Named
Financial Services,Wafra,1,Private Equity and Venture Capital,United States,,FALSE,Named
Financial Services,Walking Ventures,1,Private Investment Vehicle,United Kingdom,,FALSE,Named
Financial Services,Warrington Borough Council,1,Local and Regional Government,United Kingdom,,FALSE,Named
Financial Services,Warwick Capital Partners,1,Private Equity and Venture Capital,United Kingdom,,FALSE,Named
Financial Services,Wayra,1,Accelerator,United Kingdom,,FALSE,Named
Financial Services,Wealth Club,1,Angel Network,United Kingdom,,FALSE,Named
Financial Services,Welbeck Group,1,Asset Management,United Kingdom,,FALSE,Named
Financial Services,Wellington Partners,1,Private Equity and Venture Capital,Germany,,FALSE,Named
Financial Services,Wells Fargo,1,Private Equity and Venture Capital,United States,,FALSE,Named
Financial Services,West Midlands Enterprise,1,Private Equity and Venture Capital,United Kingdom,,FALSE,Named
Financial Services,Westpac,1,Bank,Australia,,FALSE,Named
Financial Services,Wharton Asset Management,1,Family Office,United Kingdom,,FALSE,Named
Financial Services,Wicklow Capital,1,Private Equity and Venture Capital,United States,,FALSE,Named
Financial Services,Winton Capital Management,1,Asset Management,United Kingdom,,FALSE,Named
Financial Services,WndrCo,1,Private Equity and Venture Capital,United States,,FALSE,Named
Financial Services,World Gold Council,1,Corporate,United Kingdom,,FALSE,Named
Financial Services,Worldpay Group,1,Corporate,United Kingdom,,FALSE,Named
Financial Services,Wyelands Capital,1,Bank,United Kingdom,,FALSE,Named
Financial Services,XTX Markets,1,Asset Management,United Kingdom,,FALSE,Named
Financial Services,Y Combinator,1,Accelerator,United States,,FALSE,Named
Financial Services,Yorkshire Association of Business Angels,1,Angel Network,United Kingdom,,FALSE,Named
Financial Services,ZAIS Group,1,Asset Management,United States,,FALSE,Named
Financial Services,Zoopla Property Group,1,Corporate,United Kingdom,,FALSE,Named
Financial Services,aberdeen,1,Asset Management,United Kingdom,,FALSE,Named
Financial Services,b-to-v Partners (Brain-to-Ventures),1,Private Equity and Venture Capital,Switzerland,,FALSE,Named
Financial Services,b2venture,1,Private Equity and Venture Capital,Germany,,FALSE,Named
Financial Services,eBay Ventures,1,Corporate,United States,,FALSE,Named
Financial Services,eVentures,1,Private Equity and Venture Capital,United States,,FALSE,Named
Life Sciences,IP Group,19,Commercialisation Company,United Kingdom,,FALSE,Named
Life Sciences,Business Angel(s),18,Business Angel(s),,,FALSE,Named
Life Sciences,British Business Bank,13,Central Government,United Kingdom,,FALSE,Government
Life Sciences,HSBC,9,Bank,United Kingdom,,TRUE,Bank/Loan
Life Sciences,Oxford Science Enterprises,7,Commercialisation Company,United Kingdom,,FALSE,Named
Life Sciences,Amadeus Capital Partners,6,Private Equity and Venture Capital,United Kingdom,,FALSE,Named
Life Sciences,Future Planet Capital,5,Private Equity and Venture Capital,United Kingdom,,FALSE,Named
Life Sciences,Tencent,5,Corporate,China,,FALSE,Named
Life Sciences,University of Oxford,5,University,United Kingdom,,FALSE,Named
Life Sciences,BGF (formerly Business Growth Fund),4,Private Equity and Venture Capital,United Kingdom,,FALSE,Named
Life Sciences,Invesco,4,Asset Management,United States,,FALSE,Named
Life Sciences,Molten Ventures,4,Private Equity and Venture Capital,United Kingdom,,FALSE,Named
Life Sciences,Octopus Group,4,Asset Management / Private Equity,United Kingdom,,FALSE,Named
Life Sciences,Puhua Capital,4,Private Equity and Venture Capital,China,,FALSE,Named
Life Sciences,Sofinnova Partners,4,Private Equity and Venture Capital,France,,FALSE,Named
Life Sciences,Albion Capital Group,3,Private Equity and Venture Capital,United Kingdom,,FALSE,Named
Life Sciences,Astellas Pharma,3,Corporate,Japan,,FALSE,Named
Life Sciences,Cambridge Innovation Capital,3,Private Equity and Venture Capital,United Kingdom,,TRUE,Named
Life Sciences,Development Bank of Wales,3,Devolved Government,United Kingdom,,FALSE,Named
Life Sciences,Downing,3,Private Equity and Venture Capital,United Kingdom,,FALSE,Named
Life Sciences,Foresite Capital,3,Private Equity and Venture Capital,United States,,FALSE,Named
Life Sciences,Google,3,Corporate,United States,,FALSE,Named
Life Sciences,Lansdowne Partners,3,Asset Management,United Kingdom,,FALSE,Named
Life Sciences,Lightrock,3,Private Equity and Venture Capital,United Kingdom,,FALSE,Named
Life Sciences,Mercia Asset Management,3,Asset Management / Private Equity,United Kingdom,,TRUE,Named
Life Sciences,Merck Group,3,Private Equity and Venture Capital,Germany,,FALSE,Named
Life Sciences,Morningside Group,3,Family Office,Hong Kong,,FALSE,Named
Life Sciences,Temasek Holdings,3,Sovereign Wealth Fund,Singapore,SW Fund,FALSE,Named
Life Sciences,Woodford Investment Management,3,Private Equity and Venture Capital,United Kingdom,,FALSE,Named
Life Sciences,5Y Capital,2,Family Office,China,,FALSE,Named
Life Sciences,ABB,2,Corporate,Switzerland,,FALSE,Named
Life Sciences,Acceleris,2,Private Equity and Venture Capital,United Kingdom,,FALSE,Named
Life Sciences,Andera Partners,2,Private Equity and Venture Capital,France,,FALSE,Named
Life Sciences,AstraZeneca,2,Corporate,United Kingdom,,FALSE,Named
Life Sciences,Barclays,2,Bank,United Kingdom,,TRUE,Bank/Loan
Life Sciences,Bits x Bites,2,Private Equity and Venture Capital,China,,FALSE,Named
Life Sciences,Blue Venture Fund,2,Private Equity and Venture Capital,United States,,FALSE,Named
Life Sciences,Braavos Investment Advisers,2,Private Equity and Venture Capital,United Kingdom,,FALSE,Named
Life Sciences,Cambridge Angels,2,Angel Network,United Kingdom,,FALSE,Named
Life Sciences,Cambridge Enterprise,2,Commercialisation Company,United Kingdom,,FALSE,Named
Life Sciences,Catapult Venture Managers,2,Private Equity and Venture Capital,United Kingdom,,FALSE,Named
Life Sciences,Chimera Partners,2,Merchant Bank,United Kingdom,,FALSE,Named
Life Sciences,Cowen Healthcare Investments,2,Bank,United States,,FALSE,Named
Life Sciences,Eli Lilly & Co,2,Corporate,United States,,FALSE,Named
Life Sciences,FSE Group,2,Private Equity and Venture Capital,United Kingdom,,TRUE,Named
Life Sciences,Gresham House,2,Asset Management,United Kingdom,,FALSE,Named
Life Sciences,Horizons Ventures,2,Private Equity and Venture Capital,Hong Kong,,FALSE,Named
Life Sciences,IQ Capital Partners,2,Private Equity and Venture Capital,United Kingdom,,FALSE,Named
Life Sciences,IQT,2,Private Equity and Venture Capital,United States,,FALSE,Named
Life Sciences,Invus,2,Private Equity and Venture Capital,United States,,FALSE,Named
Life Sciences,Janus Henderson Investors,2,Private Equity and Venture Capital,United Kingdom,,FALSE,Named
Life Sciences,Kindred Capital VC,2,Private Equity and Venture Capital,United Kingdom,,FALSE,Named
Life Sciences,Legal & General,2,Corporate,United Kingdom,UK pension funds,FALSE,Named
Life Sciences,M&G ­Investments,2,,,,,Named
Life Sciences,Maven Capital Partners UK LLP,2,Private Equity and Venture Capital,United Kingdom,,FALSE,Named
Life Sciences,Meltwind Advisory,2,Private Investment Vehicle,United Kingdom,,FALSE,Named
Life Sciences,NEL Fund Managers,2,Private Equity and Venture Capital,United Kingdom,,TRUE,Named
Life Sciences,Northpond Ventures,2,Private Equity and Venture Capital,United States,,FALSE,Named
Life Sciences,Novartis,2,Corporate,Switzerland,,FALSE,Named
Life Sciences,Novo,2,Private Investment Vehicle,Denmark,,FALSE,Named
Life Sciences,Oxford Innovation Finance,2,Angel Network,United Kingdom,,FALSE,Named
Life Sciences,Pfizer,2,Corporate,United States,,FALSE,Named
Life Sciences,Phoenix Equity Partners,2,Private Equity and Venture Capital,United Kingdom,,FALSE,Named
Life Sciences,SV Health Investors,2,Private Equity and Venture Capital,United Kingdom,,TRUE,Named
Life Sciences,Scottish Enterprise,2,Devolved Government,United Kingdom,,FALSE,Named
Life Sciences,SoftBank Group,2,Corporate,Japan,,FALSE,Bank/Loan
Life Sciences,Syncona Partners,2,Private Equity and Venture Capital,United Kingdom,,FALSE,Named
Life Sciences,Takeda Pharmaceutical Company,2,Corporate,Japan,,FALSE,Named
Life Sciences,Tanarra,2,Asset Management / Private Equity,Australia,,FALSE,Named
Life Sciences,Thompson Taraz,2,Asset Management,United Kingdom,,FALSE,Named
Life Sciences,UCL Business,2,Commercialisation Company,United Kingdom,,FALSE,Named
Life Sciences,o2h Ventures,2,Private Equity and Venture Capital,United Kingdom,,FALSE,Named
Life Sciences,11.2 Capital,1,Private Equity and Venture Capital,United States,,FALSE,Named
Life Sciences,3B Future Health Fund,1,Private Equity and Venture Capital,Monaco,,FALSE,Named
Life Sciences,500 Global,1,Private Equity and Venture Capital,United States,,FALSE,Named
Life Sciences,A.P. Moller Holding,1,Corporate,Denmark,,FALSE,Named
Life Sciences,ABC Impact,1,Private Equity and Venture Capital,Singapore,,FALSE,Named
Life Sciences,ACF Investors,1,Private Equity and Venture Capital,United Kingdom,,FALSE,Named
Life Sciences,ADQ,1,Central Government,United Arab Emirates,,FALSE,Named
Life Sciences,AMR Action Fund,1,Private Equity and Venture Capital,United States,,FALSE,Named
Life Sciences,ARCH Venture Partners,1,Private Equity and Venture Capital,United States,,FALSE,Named
Life Sciences,AbbVie Ventures,1,Corporate,United States,,FALSE,Named
Life Sciences,Accelerated Digital Ventures,1,Private Equity and Venture Capital,United Kingdom,,TRUE,Named
Life Sciences,Acequia Capital,1,Private Equity and Venture Capital,United States,,FALSE,Named
Life Sciences,Advent Life Sciences LLP,1,Private Equity and Venture Capital,United Kingdom,,FALSE,Named
Life Sciences,Agronomics,1,Private Equity and Venture Capital,Isle Of Man,,FALSE,Named
Life Sciences,Air Street Capital,1,Private Equity and Venture Capital,United Kingdom,,FALSE,Named
Life Sciences,Aisling Capital,1,Private Equity and Venture Capital,United States,,FALSE,Named
Life Sciences,Aitua Limited,1,Corporate,United Kingdom,,FALSE,Named
Life Sciences,Aldea Ventures,1,Private Equity and Venture Capital,Spain,,FALSE,Named
Life Sciences,Allegis Capital,1,Private Equity and Venture Capital,United States,,FALSE,Named
Life Sciences,Allied Irish Bank / AIB Group,1,Family Office,United Kingdom,,FALSE,Named
Life Sciences,Ally Bridge Group,1,Private Equity and Venture Capital,United States,,FALSE,Named
Life Sciences,Ananke Ventures,1,Private Equity and Venture Capital,United Kingdom,,FALSE,Named
Life Sciences,Andreessen Horowitz,1,Private Equity and Venture Capital,United States,,FALSE,Named
Life Sciences,Applied Ventures,1,Private Equity and Venture Capital,United States,,FALSE,Named
Life Sciences,Ares Management,1,Asset Management,United States,,FALSE,Named
Life Sciences,Arix Bioscience,1,Private Equity and Venture Capital,United Kingdom,,FALSE,Named
Life Sciences,Arthurian Life Sciences,1,Private Equity and Venture Capital,United Kingdom,,FALSE,Named
Life Sciences,Ascension,1,Private Equity and Venture Capital,United Kingdom,,FALSE,Named
Life Sciences,Atomico,1,Private Equity and Venture Capital,United Kingdom,,TRUE,Named
Life Sciences,Avidity Partners,1,Private Equity and Venture Capital,United States,,FALSE,Named
Life Sciences,Avlar Bioventures,1,Private Equity and Venture Capital,United Kingdom,,FALSE,Named
Life Sciences,BGI Genomics,1,Corporate,China,,FALSE,Named
Life Sciences,BNW Investment Co,1,Private Equity and Venture Capital,"Korea, Republic Of (South Korea)",,FALSE,Named
Life Sciences,BP,1,Corporate,United Kingdom,,FALSE,Named
Life Sciences,Backed VC,1,Private Equity and Venture Capital,United Kingdom,,FALSE,Named
Life Sciences,BankInvest Group,1,Asset Management,Denmark,,FALSE,Bank/Loan
Life Sciences,Bayer,1,Corporate,Germany,,FALSE,Named
Life Sciences,Bayland Capital,1,Private Equity and Venture Capital,China,,FALSE,Named
Life Sciences,Beast Ventures,1,Private Equity and Venture Capital,United Kingdom,,FALSE,Named
Life Sciences,Beer and Partners,1,Angel Network,United Kingdom,,FALSE,Named
Life Sciences,Berggruen Holdings,1,Family Office,United States,,FALSE,Named
Life Sciences,Bio-Rad Laboratories,1,Corporate,United States,,FALSE,Named
Life Sciences,Bioeconomy Capital,1,Private Equity and Venture Capital,United States,,FALSE,Named
Life Sciences,BlackRock,1,Asset Management,United States,,FALSE,Named
Life Sciences,Bloom 8 (formerly Rage Capital),1,Private Equity and Venture Capital,United Kingdom,,FALSE,Named
Life Sciences,Bloomsbury Bioseed Fund,1,Private Equity and Venture Capital,United Kingdom,,FALSE,Named
Life Sciences,Blue Horizon Group,1,Private Equity and Venture Capital,Switzerland,,FALSE,Named
Life Sciences,Blue Owl Capital,1,Asset Management / Private Equity,United States,,FALSE,Named
Life Sciences,BlueYard Capital,1,Private Equity and Venture Capital,Germany,,FALSE,Named
Life Sciences,Boehringer Ingelheim,1,Corporate,Germany,,FALSE,Named
Life Sciences,Borealis Ventures,1,Private Equity and Venture Capital,Germany,,FALSE,Named
Life Sciences,Brace Pharma Capital,1,Private Equity and Venture Capital,United States,,FALSE,Named
Life Sciences,Bridford Group,1,Private Equity and Venture Capital,United Kingdom,,FALSE,Named
Life Sciences,Brighteye,1,Private Equity and Venture Capital,France,,FALSE,Named
Life Sciences,Bury Fitzwilliam-Lay and Partners,1,Private Equity and Venture Capital,United Kingdom,,FALSE,Named
Life Sciences,CITIC Securities,1,Merchant Bank,China,,FALSE,Named
Life Sciences,CMT Group,1,Corporate,United Kingdom,,FALSE,Named
Life Sciences,CN Innovations Holdings,1,Corporate,Hong Kong,,FALSE,Named
Life Sciences,CVC Capital Partners,1,Private Equity and Venture Capital,Luxembourg,,FALSE,Named
Life Sciences,CaaS Capital Management,1,Asset Management,United States,,FALSE,Named
Life Sciences,Calculus Capital,1,Private Equity and Venture Capital,United Kingdom,,FALSE,Named
Life Sciences,Cambridge Consultants,1,Commercialisation Company,United Kingdom,,FALSE,Named
Life Sciences,Canaccord Genuity Group,1,Merchant Bank,Canada,,FALSE,Named
Life Sciences,Capricorn Investment Group,1,Private Equity and Venture Capital,United States,,FALSE,Named
Life Sciences,Carbon Direct Capital,1,Private Equity and Venture Capital,United States,,FALSE,Named
Life Sciences,Cardiff Council,1,Local and Regional Government,United Kingdom,,FALSE,Named
Life Sciences,Charles River Labs,1,Commercialisation Company,United States,,FALSE,Named
Life Sciences,Civilization Ventures,1,Private Equity and Venture Capital,United States,,FALSE,Named
Life Sciences,Clarendon Fund Managers,1,Private Equity and Venture Capital,United Kingdom,,TRUE,Named
Life Sciences,Clay Capital,1,Private Equity and Venture Capital,Singapore,,FALSE,Named
Life Sciences,Combined London Colleges University Challenge Seed Fund (CLCUC),1,Private Equity and Venture Capital,United Kingdom,,FALSE,Named
Life Sciences,Company K Partners,1,Private Equity and Venture Capital,South Korea,,FALSE,Named
Life Sciences,DCVC,1,Corporate,United States,,FALSE,Named
Life Sciences,Daishin Private Equity,1,Private Equity and Venture Capital,"Korea, Republic Of (South Korea)",,FALSE,Named
Life Sciences,Deep Track Capital,1,Private Equity and Venture Capital,United States,,FALSE,Named
Life Sciences,Deepbridge Capital,1,Private Equity and Venture Capital,United Kingdom,,FALSE,Named
Life Sciences,Delin Capital,1,Asset Management / Private Equity,United Kingdom,,FALSE,Named
Life Sciences,Digital China Health Technologies Corporation (DCHealth),1,Corporate,China,,FALSE,Named
Life Sciences,Digital Currency Group,1,Private Equity and Venture Capital,United States,,FALSE,Named
Life Sciences,Dimension,1,Private Equity and Venture Capital,United States,,FALSE,Named
Life Sciences,Dorilton Ventures,1,Private Investment Vehicle,United States,,FALSE,Named
Life Sciences,Drax,1,Corporate,United Kingdom,,FALSE,Named
Life Sciences,EMBL Ventures,1,Private Equity and Venture Capital,Germany,,FALSE,Named
Life Sciences,EMV Capital PLC,1,Private Equity and Venture Capital,United Kingdom,,FALSE,Named
Life Sciences,EPIC Investment Partners,1,Asset Management,United Kingdom,,FALSE,Named
Life Sciences,EQT Group,1,Private Equity and Venture Capital,Sweden,,FALSE,Named
Life Sciences,Eckuity Capital,1,Private Equity and Venture Capital,United States,,FALSE,Named
Life Sciences,Edge Investments Limited,1,Private Equity and Venture Capital,United Kingdom,,FALSE,Named
Life Sciences,Emerald Technology Ventures,1,Private Equity and Venture Capital,Switzerland,,FALSE,Named
Life Sciences,Entrepreneurs First,1,Accelerator,United Kingdom,,FALSE,Named
Life Sciences,Envestors,1,Angel Network,United Kingdom,,FALSE,Named
Life Sciences,Equity Gap,1,Angel Network,United Kingdom,,FALSE,Named
Life Sciences,Escala Capital,1,Private Equity and Venture Capital,Spain,,FALSE,Named
Life Sciences,Ethereal Ventures,1,Private Equity and Venture Capital,"Virgin Islands, British",,FALSE,Named
Life Sciences,F-Prime Capital Partners,1,Private Equity and Venture Capital,United States,,FALSE,Named
Life Sciences,FW Capital,1,Private Equity and Venture Capital,United Kingdom,,TRUE,Named
Life Sciences,Felicis Ventures,1,Private Equity and Venture Capital,United States,,FALSE,Named
Life Sciences,Fidelity Investments,1,Asset Management,United States,,FALSE,Named
Life Sciences,Finance Yorkshire,1,Private Equity and Venture Capital,United Kingdom,,FALSE,Named
Life Sciences,First Capital Ventures,1,Private Equity and Venture Capital,United States,,FALSE,Named
Life Sciences,Firstminute Capital,1,Private Equity and Venture Capital,United Kingdom,,FALSE,Named
Life Sciences,Five Seasons Ventures,1,Private Equity and Venture Capital,France,,FALSE,Named
Life Sciences,Flerie Invest,1,Private Equity and Venture Capital,Sweden,,FALSE,Named
Life Sciences,Forbion Capital Partners,1,Private Equity and Venture Capital,Netherlands,,FALSE,Named
Life Sciences,Foresight Group,1,Asset Management / Private Equity,United Kingdom,,TRUE,Named
Life Sciences,Frontier Development Capital,1,Private Equity and Venture Capital,United Kingdom,,TRUE,Named
Life Sciences,Funding London,1,Local and Regional Government,United Kingdom,,FALSE,Named
Life Sciences,Fushia,1,Private Equity and Venture Capital,United Kingdom,,FALSE,Named
Life Sciences,GE Healthcare,1,Corporate,United States,,FALSE,Named
Life Sciences,GLy Capital Management,1,Private Equity and Venture Capital,Hong Kong,,FALSE,Named
Life Sciences,GP Bullhound,1,Merchant Bank,United Kingdom,,FALSE,Named
Life Sciences,GT Healthcare,1,Private Equity and Venture Capital,United Kingdom,,FALSE,Named
Life Sciences,GenZero,1,Private Equity and Venture Capital,Singapore,,FALSE,Named
Life Sciences,Generation Ventures,1,Private Equity and Venture Capital,Canada,,FALSE,Named
Life Sciences,Genoa Ventures,1,Private Equity and Venture Capital,United States,,FALSE,Named
Life Sciences,Goldman Sachs,1,Merchant Bank,United States,,FALSE,Named
Life Sciences,GrowthAccelerator,1,Devolved Government,United Kingdom,,FALSE,Named
Life Sciences,Growthdeck,1,Crowd funding,United Kingdom,,FALSE,Named
Life Sciences,Guinness Ventures,1,Private Equity and Venture Capital,United Kingdom,,FALSE,Named
Life Sciences,H2 Equity Partners,1,Private Equity and Venture Capital,Netherlands,,FALSE,Named
Life Sciences,HAT Technology & Innovation Fund,1,Private Equity and Venture Capital,Italy,,FALSE,Named
Life Sciences,Hardware Club,1,Private Equity and Venture Capital,United States,,FALSE,Named
Life Sciences,HealthQuest Capital,1,Private Equity and Venture Capital,United States,,FALSE,Named
Life Sciences,Healthbox,1,Accelerator,United States,,FALSE,Named
Life Sciences,Healthlink Capital,1,Private Equity and Venture Capital,China,,FALSE,Named
Life Sciences,Helsinn Investment Fund S.A.,1,Private Equity and Venture Capital,Monaco,,FALSE,Named
Life Sciences,Hillhouse Capital Group,1,Private Equity and Venture Capital,China,,FALSE,Named
Life Sciences,Hitachi Group,1,Corporate,Japan,,FALSE,Named
Life Sciences,Horizontal Innovation,1,Accelerator,United Kingdom,,FALSE,Named
Life Sciences,Hostplus,1,Asset Management,Australia,,FALSE,Named
Life Sciences,Hummingbird Ventures,1,Private Equity and Venture Capital,Belgium,,FALSE,Named
Life Sciences,IDO Investments,1,Private Equity and Venture Capital,Oman,,FALSE,Named
Life Sciences,IMM Investment,1,Private Equity and Venture Capital,"Korea, Republic Of (South Korea)",,FALSE,Named
Life Sciences,ING Bank,1,Bank,Netherlands,,FALSE,Named
Life Sciences,Indorama Ventures,1,Corporate,Thailand,,FALSE,Named
Life Sciences,Infinity Investment Partners,1,Asset Management,United Kingdom,,FALSE,Named
Life Sciences,Ingevity,1,Corporate,United States,,FALSE,Named
Life Sciences,Innovate UK (IUK),1,Central Government,United Kingdom,,FALSE,Named
Life Sciences,Inovia Capital,1,Private Equity and Venture Capital,Canada,,FALSE,Named
Life Sciences,Intermediate Capital Group,1,Asset Management / Private Equity,United Kingdom,,FALSE,Named
Life Sciences,International Biotechnology Trust,1,Asset Management,United Kingdom,,FALSE,Named
Life Sciences,Isomer Capital,1,Private Equity and Venture Capital,United Kingdom,,TRUE,Named
Life Sciences,Jeito Capital,1,Private Equity and Venture Capital,France,,FALSE,Named
Life Sciences,Juno Capital,1,Angel Network,United Kingdom,,FALSE,Named
Life Sciences,K Nominees,1,Private Investment Vehicle,United Kingdom,,FALSE,Named
Life Sciences,Kernel Capital,1,Private Equity and Venture Capital,Ireland,,FALSE,Named
Life Sciences,Kibo Invest,1,Family Office,Singapore,,FALSE,Named
Life Sciences,Kin Group,1,Private Investment Vehicle,United Kingdom,,FALSE,Named
Life Sciences,Kineticos Life Sciences,1,Private Equity and Venture Capital,United States,,FALSE,Named
Life Sciences,Kiwoom,1,Merchant Bank,"Korea, Republic Of (South Korea)",,FALSE,Named
Life Sciences,LBO France,1,Private Equity and Venture Capital,France,,FALSE,Named
Life Sciences,LG Technology Ventures,1,Corporate,United States,,FALSE,Named
Life Sciences,LGT Capital Partners,1,Asset Management,Switzerland,,TRUE,Named
Life Sciences,LSP Health Economics Fund,1,Private Equity and Venture Capital,Netherlands,,FALSE,Named
Life Sciences,Levine Leichtman Capital Partners,1,Private Equity and Venture Capital,United States,,FALSE,Named
Life Sciences,Levy-Weiss,1,Business Angel(s),Israel,,FALSE,Named
Life Sciences,LifeSci Capital,1,Merchant Bank,United States,,FALSE,Named
Life Sciences,Lloyds Banking Group,1,Private Equity and Venture Capital,United Kingdom,,FALSE,Named
Life Sciences,Longbow,1,Private Equity and Venture Capital,United Kingdom,,FALSE,Named
Life Sciences,Longwall Venture Partners,1,Private Equity and Venture Capital,United Kingdom,,FALSE,Named
Life Sciences,Lunate Holding,1,Asset Management,United Arab Emirates,,FALSE,Named
Life Sciences,Lux Capital,1,Private Equity and Venture Capital,United States,,FALSE,Named
Life Sciences,MVM Life Science Partners,1,Private Equity and Venture Capital,United States,,FALSE,Named
Life Sciences,Marketech International,1,Private Equity and Venture Capital,Taiwan,,FALSE,Named
Life Sciences,MassMutual Ventures,1,Corporate,United States,,FALSE,Named
Life Sciences,Mayo Clinic,1,Private Equity and Venture Capital,United States,,FALSE,Named
Life Sciences,Merifin Capital,1,Private Equity and Venture Capital,Belgium,,FALSE,Named
Life Sciences,Metaplanet,1,Corporate,Estonia,,FALSE,Named
Life Sciences,Metrea Discovery,1,Private Equity and Venture Capital,United Kingdom,,FALSE,Named
Life Sciences,Milky Way Investments,1,Family Office,United States,,FALSE,Named
Life Sciences,Mirana Ventures,1,Private Equity and Venture Capital,Singapore,,FALSE,Named
Life Sciences,Monashee Investment Management,1,Asset Management,United States,,FALSE,Named
Life Sciences,Moreira Salles,1,Family Office,Brazil,,FALSE,Named
Life Sciences,Mubadala Investment Company,1,Sovereign Wealth Fund,United Arab Emirates,SW Fund,FALSE,Named
Life Sciences,MultiversX,1,Private Equity and Venture Capital,Malta,,FALSE,Named
Life Sciences,NVM Private Equity,1,Private Equity and Venture Capital,United Kingdom,,TRUE,Named
Life Sciences,NWS Holdings,1,Corporate,Hong Kong,,FALSE,Named
Life Sciences,NatWest Group,1,Bank,United Kingdom,,TRUE,Named
Life Sciences,National Resilience,1,Corporate,United States,,FALSE,Named
Life Sciences,Neptune,1,Private Equity and Venture Capital,United Kingdom,,FALSE,Named
Life Sciences,NetEase (NTES) Capital,1,Corporate,China,,FALSE,Named
Life Sciences,New Science Ventures,1,Private Equity and Venture Capital,United States,,FALSE,Named
Life Sciences,New Wave Ventures,1,Private Equity and Venture Capital,United Kingdom,,FALSE,Named
Life Sciences,Nexo,1,Corporate,Switzerland,,FALSE,Named
Life Sciences,Nina Capital,1,Private Equity and Venture Capital,Spain,,FALSE,Named
Life Sciences,Northern Gritstone,1,Private Equity and Venture Capital,United Kingdom,,TRUE,Named
Life Sciences,Northstar Ventures,1,Private Equity and Venture Capital,United Kingdom,,FALSE,Named
Life Sciences,Novalis LifeSciences,1,Private Equity and Venture Capital,United States,,FALSE,Named
Life Sciences,Novator Partners,1,Private Investment Vehicle,Switzerland,,FALSE,Named
Life Sciences,ORA Capital Partners,1,Private Equity and Venture Capital,Guernsey,,FALSE,Named
Life Sciences,Oberon Investments,1,Asset Management,United Kingdom,,FALSE,Named
Life Sciences,Obvious Ventures,1,Private Equity and Venture Capital,United States,,FALSE,Named
Life Sciences,Omega Funds,1,Private Equity and Venture Capital,United States,,FALSE,Named
Life Sciences,Optum Ventures,1,Private Equity and Venture Capital,United States,,FALSE,Named
Life Sciences,OrbiMed,1,Asset Management,United States,,FALSE,Named
Life Sciences,Outsized Ventures,1,Private Equity and Venture Capital,United Kingdom,,FALSE,Named
Life Sciences,Oxford Capital Partners,1,Private Equity and Venture Capital,United Kingdom,,FALSE,Named
Life Sciences,Oxford Endowment Fund,1,Asset Management,United Kingdom,,FALSE,Named
Life Sciences,Oxford Finance,1,Private Equity and Venture Capital,United States,,FALSE,Named
Life Sciences,Oxford University Hospitals NHS Trust,1,Charity/Not-for-profit company,United Kingdom,,FALSE,Named
Life Sciences,PFM Health Sciences,1,Asset Management,United States,,FALSE,Named
Life Sciences,Panacea Venture Healthcare Fund,1,Private Equity and Venture Capital,China,,FALSE,Named
Life Sciences,Partners Investment Company,1,Private Equity and Venture Capital,United Kingdom,,FALSE,Named
Life Sciences,Partnerships UK,1,Government,United Kingdom,,FALSE,Named
Life Sciences,Pembroke Investment Managers LLP,1,Private Equity and Venture Capital,United Kingdom,,FALSE,Named
Life Sciences,Penta Capital,1,Private Equity and Venture Capital,United Kingdom,,FALSE,Named
Life Sciences,Perscitus Advisers,1,Private Equity and Venture Capital,United Kingdom,,FALSE,Named
Life Sciences,Phoenix Court Group,1,Private Equity and Venture Capital,United Kingdom,,FALSE,Named
Life Sciences,Piper Heartland Healthcare Capital,1,Private Equity and Venture Capital,United States,,FALSE,Named
Life Sciences,Planet First Partners,1,Private Equity and Venture Capital,Luxembourg,,FALSE,Named
Life Sciences,Point72,1,Asset Management,United States,,FALSE,Named
Life Sciences,Pontifax,1,Private Equity and Venture Capital,Israel,,FALSE,Named
Life Sciences,Possible Ventures,1,Private Equity and Venture Capital,Germany,,FALSE,Named
Life Sciences,Praetura Group,1,Private Equity and Venture Capital,United Kingdom,,FALSE,Named
Life Sciences,Providence Investment Company,1,Private Equity and Venture Capital,United States,,FALSE,Named
Life Sciences,Quan Capital,1,Private Equity and Venture Capital,China,,FALSE,Named
Life Sciences,RA Capital Management,1,Asset Management / Private Equity,United States,,FALSE,Named
Life Sciences,RTW Investments,1,Asset Management / Private Equity,United States,,FALSE,Named
Life Sciences,Rabobank,1,Bank,Netherlands,,FALSE,Named
Life Sciences,Railpen,1,Asset Management,United Kingdom,,FALSE,Named
Life Sciences,Redmile Group,1,Private Equity and Venture Capital,United States,,FALSE,Named
Life Sciences,Renaissance Capital Partners,1,Private Equity and Venture Capital,United Kingdom,,FALSE,Named
Life Sciences,Ridgeback Capital Management,1,Private Equity and Venture Capital,United States,,FALSE,Named
Life Sciences,Rising Tide Fund,1,Private Equity and Venture Capital,United States,,FALSE,Named
Life Sciences,Rivers Capital Partners,1,Private Equity and Venture Capital,United Kingdom,,FALSE,Named
Life Sciences,Rothschild & Co,1,Merchant Bank,France,,FALSE,Named
Life Sciences,Round13,1,Private Equity and Venture Capital,Canada,,FALSE,Named
Life Sciences,SJL Partners,1,Private Equity and Venture Capital,"Korea, Republic Of (South Korea)",,FALSE,Named
Life Sciences,SKC Co,1,Corporate,"Korea, Republic Of (South Korea)",,FALSE,Named
Life Sciences,SOSV,1,Accelerator,United States,,FALSE,Named
Life Sciences,SV7 Impact Medicine Fund,1,Private Equity and Venture Capital,United Kingdom,,FALSE,Named
Life Sciences,SWEN Blue Ocean,1,Private Equity and Venture Capital,France,,FALSE,Named
Life Sciences,Samsung,1,Private Equity and Venture Capital,United States,,FALSE,Named
Life Sciences,Sana Kliniken AG,1,Corporate,Germany,,FALSE,Named
Life Sciences,Sanofi,1,Private Equity and Venture Capital,United States,,FALSE,Named
Life Sciences,Santander,1,Bank,Spain,,TRUE,Bank/Loan
Life Sciences,Saranac Partners,1,Private Investment Vehicle,United Kingdom,,FALSE,Named
Life Sciences,Sarum Partners,1,Private Equity and Venture Capital,United Kingdom,,FALSE,Named
Life Sciences,Schroders,1,Asset Management,United Kingdom,,FALSE,Named
Life Sciences,Scottish EDGE,1,Charity/Not-for-profit company,United Kingdom,,FALSE,Named
Life Sciences,Scottish Equity Partners,1,Private Equity and Venture Capital,United Kingdom,,TRUE,Named
Life Sciences,Searchlight Capital Partners,1,Private Equity and Venture Capital,United States,,FALSE,Named
Life Sciences,Sectoral Asset Management,1,Specialist Lender,Canada,,FALSE,Named
Life Sciences,Seedcamp,1,Private Equity and Venture Capital,United Kingdom,,TRUE,Named
Life Sciences,Seventure Partners,1,Private Equity and Venture Capital,France,,FALSE,Named
Life Sciences,Shearwater Healthcare Solutions,1,Corporate,United Kingdom,,FALSE,Named
Life Sciences,Shinhan Investment Private Equity,1,Private Equity and Venture Capital,"Korea, Republic Of (South Korea)",,FALSE,Named
Life Sciences,Silicon Valley Bank,1,Bank,United States,,FALSE,Bank/Loan
Life Sciences,Sixth Element Capital,1,Private Equity and Venture Capital,United Kingdom,,FALSE,Named
Life Sciences,Skyviews Life Science,1,Private Equity and Venture Capital,Switzerland,,FALSE,Named
Life Sciences,Smedvig Capital,1,Family Office,United Kingdom,,FALSE,Named
Life Sciences,Social Investment Scotland (SIS),1,Charity/Not-for-profit company,United Kingdom,,FALSE,Named
Life Sciences,Soleus Capital,1,Private Equity and Venture Capital,United States,,FALSE,Named
Life Sciences,Sony Corporation,1,Corporate,Japan,,FALSE,Named
Life Sciences,Sosei,1,Corporate,Japan,,FALSE,Named
Life Sciences,Sucden Ventures,1,Corporate,France,,FALSE,Named
Life Sciences,Sumitomo Corporation,1,Corporate,Japan,,FALSE,Named
Life Sciences,Sunstone Capital,1,Private Equity and Venture Capital,Denmark,,FALSE,Named
Life Sciences,Susquehanna International Group (SIG),1,Private Equity and Venture Capital,United States,,FALSE,Named
Life Sciences,Sussex Place Ventures,1,Private Equity and Venture Capital,United Kingdom,,TRUE,Named
Life Sciences,Symphony Technology Group,1,Private Equity and Venture Capital,United States,,FALSE,Named
Life Sciences,SyndicateRoom,1,Crowd funding,United Kingdom,,TRUE,Named
Life Sciences,System.One,1,Private Equity and Venture Capital,Germany,,FALSE,Named
Life Sciences,TA Associates,1,Private Equity and Venture Capital,United States,,FALSE,Named
Life Sciences,Target Global,1,Private Equity and Venture Capital,Germany,,FALSE,Named
Life Sciences,Tekfen Ventures,1,Corporate,United States,,FALSE,Named
Life Sciences,Tekla Capital Management,1,Private Equity and Venture Capital,United States,,FALSE,Named
Life Sciences,Tern PLC,1,Private Equity and Venture Capital,United Kingdom,,FALSE,Named
Life Sciences,Tetragon,1,Asset Management,United States,,FALSE,Named
Life Sciences,The Bill & Melinda Gates Foundation,1,Charity/Not-for-profit company,United Kingdom,,FALSE,Named
Life Sciences,The Column Group,1,Private Equity and Venture Capital,United States,,FALSE,Named
Life Sciences,Toscafund Asset Management,1,Specialist Lender,United Kingdom,,FALSE,Named
Life Sciences,Trend Investment Group,1,Private Investment Vehicle,United Kingdom,,FALSE,Named
Life Sciences,Trinity Capital,1,Specialist Lender,United States,,FALSE,Named
Life Sciences,Tudor Group,1,Asset Management,United States,,FALSE,Named
Life Sciences,UPMC Enterprises,1,Corporate,United States,,FALSE,Named
Life Sciences,Unilever,1,Corporate,United Kingdom,,FALSE,Named
Life Sciences,University of Chicago Medicine,1,University,United States,,FALSE,Named
Life Sciences,University of Edinburgh,1,University,United Kingdom,,FALSE,Named
Life Sciences,University of Newcastle,1,University,United Kingdom,,FALSE,Named
Life Sciences,Various,1,Business Angel(s),,,FALSE,Named
Life Sciences,Vertex Pharmaceuticals,1,Corporate,United States,,FALSE,Named
Life Sciences,VilCap,1,Accelerator,United States,,FALSE,Named
Life Sciences,Vita Spring,1,Private Investment Vehicle,Hong Kong,,FALSE,Named
Life Sciences,WACKER Chemie AG,1,Corporate,Germany,,FALSE,Named
Life Sciences,Watrium,1,Family Office,Norway,,FALSE,Named
Life Sciences,West Midlands Enterprise,1,Private Equity and Venture Capital,United Kingdom,,FALSE,Named
Life Sciences,Wharton Asset Management,1,Family Office,United Kingdom,,FALSE,Named
Life Sciences,White Cloud,1,Private Equity and Venture Capital,Luxembourg,,FALSE,Named
Life Sciences,Wonik Investments,1,Private Equity and Venture Capital,"Korea, Republic Of (South Korea)",,FALSE,Named
Life Sciences,Wylie Family Trust,1,Family Office,Australia,,FALSE,Named
Life Sciences,Xeraya Capital,1,Private Equity and Venture Capital,Malaysia,,FALSE,Named
Life Sciences,XtalPi Inc,1,Corporate,United States,,FALSE,Named
Life Sciences,Yorkshire Association of Business Angels,1,Angel Network,United Kingdom,,FALSE,Named
Life Sciences,Zhejiang Silk Road Fund,1,Asset Management,China,,FALSE,Named
Life Sciences,Zinal Growth,1,Private Equity and Venture Capital,United Kingdom,,FALSE,Named
Life Sciences,aMoon Fund,1,Private Equity and Venture Capital,Israel,,FALSE,Named
Professional and Business Service,Business Angel(s),127,Business Angel(s),,,FALSE,Named
Professional and Business Service,British Business Bank,77,Central Government,United Kingdom,,FALSE,Government
Professional and Business Service,BGF (formerly Business Growth Fund),44,Private Equity and Venture Capital,United Kingdom,,FALSE,Named
Professional and Business Service,HSBC,36,Bank,United Kingdom,,TRUE,Bank/Loan
Professional and Business Service,IP Group,32,Commercialisation Company,United Kingdom,,FALSE,Named
Professional and Business Service,NatWest Group,24,Bank,United Kingdom,,TRUE,Bank/Loan
Professional and Business Service,Lloyds Banking Group,20,Private Equity and Venture Capital,United Kingdom,,FALSE,Bank/Loan
Professional and Business Service,Maven Capital Partners UK LLP,18,Private Equity and Venture Capital,United Kingdom,,FALSE,Named
Professional and Business Service,Mercia Asset Management,18,Asset Management / Private Equity,United Kingdom,,TRUE,Named
Professional and Business Service,Octopus Group,18,Asset Management / Private Equity,United Kingdom,,FALSE,Named
Professional and Business Service,Barclays,16,Bank,United Kingdom,,TRUE,Named
Professional and Business Service,Virgin Money UK,16,Bank,United Kingdom,,FALSE,Named
Professional and Business Service,Santander,15,Bank,Spain,,TRUE,Named
Professional and Business Service,Crowdcube,14,Crowd funding,United Kingdom,,FALSE,Crowdfunding
Professional and Business Service,Foresight Group,14,Asset Management / Private Equity,United Kingdom,,TRUE,Named
Professional and Business Service,Phoenix Court Group,14,Private Equity and Venture Capital,United Kingdom,,FALSE,Named
Professional and Business Service,Scottish Enterprise,14,Devolved Government,United Kingdom,,FALSE,Named
Professional and Business Service,Albion Capital Group,12,Private Equity and Venture Capital,United Kingdom,,FALSE,Named
Professional and Business Service,Future Planet Capital,12,Private Equity and Venture Capital,United Kingdom,,FALSE,Named
Professional and Business Service,Oxford Science Enterprises,12,Commercialisation Company,United Kingdom,,FALSE,Named
Professional and Business Service,Tencent,12,Corporate,China,,FALSE,Named
Professional and Business Service,FW Capital,11,Private Equity and Venture Capital,United Kingdom,,TRUE,Named
Professional and Business Service,Highland Europe,10,Private Equity and Venture Capital,United Kingdom,,FALSE,Named
Professional and Business Service,Insight Partners,10,Private Equity and Venture Capital,United States,,FALSE,Named
Professional and Business Service,Republic,10,Crowd funding,United States,,FALSE,Named
Professional and Business Service,Seedcamp,10,Private Equity and Venture Capital,United Kingdom,,TRUE,Named
Professional and Business Service,Silicon Valley Bank,10,Bank,United States,,FALSE,Bank/Loan
Professional and Business Service,Cambridge Angels,9,Angel Network,United Kingdom,,FALSE,Named
Professional and Business Service,FSE Group,9,Private Equity and Venture Capital,United Kingdom,,TRUE,Named
Professional and Business Service,Gresham House,9,Asset Management,United Kingdom,,FALSE,Named
Professional and Business Service,Index Ventures,9,Private Equity and Venture Capital,United Kingdom,,FALSE,Named
Professional and Business Service,Amadeus Capital Partners,8,Private Equity and Venture Capital,United Kingdom,,FALSE,Named
Professional and Business Service,CIBC (Canadian Imperial Bank of Commerce),8,Bank,Canada,,FALSE,Bank/Loan
Professional and Business Service,Development Bank of Wales,8,Devolved Government,United Kingdom,,FALSE,Named
Professional and Business Service,Google,8,Corporate,United States,,FALSE,Named
Professional and Business Service,Legal & General,8,Corporate,United Kingdom,UK pension funds,FALSE,Named
Professional and Business Service,OakNorth,8,Bank,United Kingdom,,FALSE,Bank/Loan
Professional and Business Service,University of Oxford,8,University,United Kingdom,,FALSE,Named
Professional and Business Service,Citigroup,7,Bank,United States,,FALSE,Named
Professional and Business Service,Downing,7,Private Equity and Venture Capital,United Kingdom,,FALSE,Named
Professional and Business Service,Nesta,7,Charity/Not-for-profit company,United Kingdom,,FALSE,Named
Professional and Business Service,Notion Capital Partners LLP,7,Private Equity and Venture Capital,United Kingdom,,FALSE,Named
Professional and Business Service,YFM Equity Partners,7,Private Equity and Venture Capital,United Kingdom,,FALSE,Named
Professional and Business Service,Cambridge Innovation Capital,6,Private Equity and Venture Capital,United Kingdom,,TRUE,Named
Professional and Business Service,Force Over Mass Capital,6,Private Equity and Venture Capital,United Kingdom,,FALSE,Named
Professional and Business Service,Growth Lending Group,6,Specialist Lender,United Kingdom,,FALSE,Bank/Loan
Professional and Business Service,Guinness Ventures,6,Private Equity and Venture Capital,United Kingdom,,FALSE,Named
Professional and Business Service,IQ Capital Partners,6,Private Equity and Venture Capital,United Kingdom,,FALSE,Named
Professional and Business Service,MMC Ventures,6,Private Equity and Venture Capital,United Kingdom,,TRUE,Named
Professional and Business Service,Molten Ventures,6,Private Equity and Venture Capital,United Kingdom,,FALSE,Named
Professional and Business Service,Passion Capital,6,Private Equity and Venture Capital,United Kingdom,,TRUE,Named
Professional and Business Service,SoftBank Group,6,Corporate,Japan,,FALSE,Bank/Loan
Professional and Business Service,Techstars,6,Accelerator,United States,,FALSE,Named
Professional and Business Service,Thompson Taraz,6,Asset Management,United Kingdom,,FALSE,Named
Professional and Business Service,24Haymarket,5,Angel Network,United Kingdom,,TRUE,Named
Professional and Business Service,Beringea,5,Private Equity and Venture Capital,United States,,FALSE,Named
Professional and Business Service,Deutsche Bank,5,Private Equity and Venture Capital,China,,FALSE,Bank/Loan
Professional and Business Service,Frontline Ventures,5,Private Equity and Venture Capital,Ireland,,FALSE,Named
Professional and Business Service,Hostplus,5,Asset Management,Australia,,FALSE,Named
Professional and Business Service,Invesco,5,Asset Management,United States,,FALSE,Named
Professional and Business Service,JPMorgan Chase & Co,5,Asset Management,United States,,FALSE,Bank/Loan
Professional and Business Service,Mercuri VC,5,Private Equity and Venture Capital,United Kingdom,,FALSE,Named
Professional and Business Service,Midven,5,Private Equity and Venture Capital,United Kingdom,,FALSE,Named
Professional and Business Service,Praetura Group,5,Private Equity and Venture Capital,United Kingdom,,FALSE,Named
Professional and Business Service,Samos Investments,5,Private Equity and Venture Capital,United Kingdom,,FALSE,Named
Professional and Business Service,Scottish EDGE,5,Charity/Not-for-profit company,United Kingdom,,FALSE,Named
Professional and Business Service,Smedvig Capital,5,Family Office,United Kingdom,,FALSE,Named
Professional and Business Service,Temasek Holdings,5,Sovereign Wealth Fund,Singapore,SW Fund,FALSE,Named
Professional and Business Service,ThinCats,5,Specialist Lender,United Kingdom,,TRUE,Named
Professional and Business Service,Accel Partners,4,Private Equity and Venture Capital,United States,,FALSE,Named
Professional and Business Service,Asset and Equipment Finance,4,Bank,United Kingdom,,FALSE,Named
Professional and Business Service,BP,4,Corporate,United Kingdom,,FALSE,Named
Professional and Business Service,Calculus Capital,4,Private Equity and Venture Capital,United Kingdom,,FALSE,Named
Professional and Business Service,Channel 4,4,State-owned enterprise (SOE) / Corporate strategic investor,United Kingdom,,FALSE,Named
Professional and Business Service,Creative UK,4,Accelerator,United Kingdom,,FALSE,Named
Professional and Business Service,Dawn Capital,4,Private Equity and Venture Capital,United Kingdom,,TRUE,Named
Professional and Business Service,EQT Group,4,Private Equity and Venture Capital,Sweden,,FALSE,Named
Professional and Business Service,Edge Investments Limited,4,Private Equity and Venture Capital,United Kingdom,,FALSE,Named
Professional and Business Service,Eight Roads Ventures,4,Private Equity and Venture Capital,Bermuda,,FALSE,Named
Professional and Business Service,Entrepreneurs First,4,Accelerator,United Kingdom,,FALSE,Named
Professional and Business Service,Evolution Equity Partners,4,Private Equity and Venture Capital,United States,,TRUE,Named
Professional and Business Service,FTV Capital,4,Private Equity and Venture Capital,United States,,FALSE,Named
Professional and Business Service,Felix Capital,4,Private Equity and Venture Capital,United Kingdom,,FALSE,Named
Professional and Business Service,Fidelity International,4,Asset Management,United Kingdom,,FALSE,Named
Professional and Business Service,Funding London,4,Local and Regional Government,United Kingdom,,FALSE,Named
Professional and Business Service,Government of Singapore Investment Corporation (GIC Private Limited),4,Sovereign Wealth Fund,Singapore,SW Fund,FALSE,Government
Professional and Business Service,Growth Capital Partners,4,Private Equity and Venture Capital,United Kingdom,,TRUE,Named
Professional and Business Service,IQT,4,Private Equity and Venture Capital,United States,,FALSE,Named
Professional and Business Service,Key Capital Partners,4,Private Equity and Venture Capital,United Kingdom,,FALSE,Named
Professional and Business Service,Kindred Capital VC,4,Private Equity and Venture Capital,United Kingdom,,FALSE,Named
Professional and Business Service,Lansdowne Partners,4,Asset Management,United Kingdom,,FALSE,Named
Professional and Business Service,M&G ­Investments,4,,,,,Named
Professional and Business Service,Mobeus,4,Private Equity and Venture Capital,United Kingdom,,TRUE,Named
Professional and Business Service,Oxford Innovation Finance,4,Angel Network,United Kingdom,,FALSE,Named
Professional and Business Service,Palatine Private Equity,4,Private Equity and Venture Capital,United Kingdom,,FALSE,Named
Professional and Business Service,Pi Labs,4,Accelerator,United Kingdom,,FALSE,Named
Professional and Business Service,Puhua Capital,4,Private Equity and Venture Capital,China,,FALSE,Named
Professional and Business Service,Rockpool Investments,4,Private Equity and Venture Capital,United Kingdom,,FALSE,Named
Professional and Business Service,Scottish Equity Partners,4,Private Equity and Venture Capital,United Kingdom,,TRUE,Named
Professional and Business Service,Sofinnova Partners,4,Private Equity and Venture Capital,France,,FALSE,Named
Professional and Business Service,Tiger Global Management,4,Asset Management,United States,,FALSE,Named
Professional and Business Service,Toscafund Asset Management,4,Specialist Lender,United Kingdom,,FALSE,Named
Professional and Business Service,500 Global,3,Private Equity and Venture Capital,United States,,FALSE,Named
Professional and Business Service,7Percent Ventures,3,Private Equity and Venture Capital,United Kingdom,,TRUE,Named
Professional and Business Service,ABC Impact,3,Private Equity and Venture Capital,Singapore,,FALSE,Named
Professional and Business Service,ACF Investors,3,Private Equity and Venture Capital,United Kingdom,,FALSE,Named
Professional and Business Service,Accel-KKR,3,Private Equity and Venture Capital,United States,,FALSE,Named
Professional and Business Service,Acceleris,3,Private Equity and Venture Capital,United Kingdom,,FALSE,Named
Professional and Business Service,Angels Den,3,Angel Network,United Kingdom,,FALSE,Named
Professional and Business Service,Anthemis Group,3,Private Equity and Venture Capital,United Kingdom,,FALSE,Named
Professional and Business Service,Apax Partners,3,Private Equity and Venture Capital,United States,,FALSE,Named
Professional and Business Service,Ascension,3,Private Equity and Venture Capital,United Kingdom,,FALSE,Named
Professional and Business Service,Astellas Pharma,3,Corporate,Japan,,FALSE,Named
Professional and Business Service,Aviva,3,Corporate,United Kingdom,UK pension funds,FALSE,Named
Professional and Business Service,BlackRock,3,Asset Management,United States,,FALSE,Named
Professional and Business Service,Blenheim Chalcot,3,Private Equity and Venture Capital,United Kingdom,,FALSE,Named
Professional and Business Service,Braavos Investment Advisers,3,Private Equity and Venture Capital,United Kingdom,,FALSE,Named
Professional and Business Service,Caple,3,Specialist Lender,United Kingdom,,FALSE,Named
Professional and Business Service,Coatue Management,3,Private Equity and Venture Capital,United States,,FALSE,Named
Professional and Business Service,Deepbridge Capital,3,Private Equity and Venture Capital,United Kingdom,,FALSE,Named
Professional and Business Service,EMV Capital PLC,3,Private Equity and Venture Capital,United Kingdom,,FALSE,Named
Professional and Business Service,Envestors,3,Angel Network,United Kingdom,,FALSE,Named
Professional and Business Service,Equity Gap,3,Angel Network,United Kingdom,,FALSE,Named
Professional and Business Service,Experian,3,Corporate,Ireland,,FALSE,Named
Professional and Business Service,FJ Labs,3,Private Equity and Venture Capital,United States,,FALSE,Named
Professional and Business Service,Finance Yorkshire,3,Private Equity and Venture Capital,United Kingdom,,FALSE,Named
Professional and Business Service,Finch Capital,3,Private Equity and Venture Capital,Netherlands,,FALSE,Named
Professional and Business Service,Firstminute Capital,3,Private Equity and Venture Capital,United Kingdom,,FALSE,Named
Professional and Business Service,Foresite Capital,3,Private Equity and Venture Capital,United States,,FALSE,Named
Professional and Business Service,Forward Partners,3,Private Equity and Venture Capital,United Kingdom,,FALSE,Named
Professional and Business Service,Goldman Sachs,3,Merchant Bank,United States,,FALSE,Named
Professional and Business Service,HV Capital,3,Private Equity and Venture Capital,Germany,,FALSE,Named
Professional and Business Service,Horizons Ventures,3,Private Equity and Venture Capital,Hong Kong,,FALSE,Named
Professional and Business Service,Illuminate Financial Management,3,Private Equity and Venture Capital,United Kingdom,,FALSE,Named
Professional and Business Service,Inflexion Private Equity,3,Private Equity and Venture Capital,United Kingdom,,FALSE,Named
Professional and Business Service,Ingka Group,3,Corporate,Netherlands,,FALSE,Named
Professional and Business Service,Investec Bank,3,Bank,United Kingdom,,FALSE,Named
Professional and Business Service,Invus,3,Private Equity and Venture Capital,United States,,FALSE,Named
Professional and Business Service,JamJar Investments,3,Private Investment Vehicle,United Kingdom,,TRUE,Named
Professional and Business Service,Kin Group,3,Private Investment Vehicle,United Kingdom,,FALSE,Named
Professional and Business Service,Lightrock,3,Private Equity and Venture Capital,United Kingdom,,FALSE,Named
Professional and Business Service,Macquarie Group,3,Merchant Bank,Australia,,FALSE,Named
Professional and Business Service,Merck Group,3,Private Equity and Venture Capital,Germany,,FALSE,Named
Professional and Business Service,Morningside Group,3,Family Office,Hong Kong,,FALSE,Named
Professional and Business Service,Mubadala Investment Company,3,Sovereign Wealth Fund,United Arab Emirates,SW Fund,FALSE,Named
Professional and Business Service,Mustard Seed + Partners,3,Private Equity and Venture Capital,United Kingdom,,FALSE,Named
Professional and Business Service,NVM Private Equity,3,Private Equity and Venture Capital,United Kingdom,,TRUE,Named
Professional and Business Service,Northern Gritstone,3,Private Equity and Venture Capital,United Kingdom,,TRUE,Named
Professional and Business Service,Northstar Ventures,3,Private Equity and Venture Capital,United Kingdom,,FALSE,Named
Professional and Business Service,Novator Partners,3,Private Investment Vehicle,Switzerland,,FALSE,Named
Professional and Business Service,OMERS Ventures,3,Private Equity and Venture Capital,Canada,,FALSE,Named
Professional and Business Service,Oxford Capital Partners,3,Private Equity and Venture Capital,United Kingdom,,FALSE,Named
Professional and Business Service,Oxx,3,Private Equity and Venture Capital,United Kingdom,,TRUE,Named
Professional and Business Service,Par Equity,3,Private Equity and Venture Capital,United Kingdom,,FALSE,Named
Professional and Business Service,Partech Partners,3,Private Equity and Venture Capital,France,,FALSE,Named
Professional and Business Service,Perscitus Advisers,3,Private Equity and Venture Capital,United Kingdom,,FALSE,Named
Professional and Business Service,Perwyn,3,Private Equity and Venture Capital,United Kingdom,,FALSE,Named
Professional and Business Service,Playfair Capital,3,Private Equity and Venture Capital,United Kingdom,,FALSE,Named
Professional and Business Service,Puma Investment Management,3,Asset Management,United Kingdom,,FALSE,Named
Professional and Business Service,QED Investors,3,Private Equity and Venture Capital,United States,,FALSE,Named
Professional and Business Service,Salica Investments,3,Asset Management / Private Equity,United Kingdom,,TRUE,Named
Professional and Business Service,Target Global,3,Private Equity and Venture Capital,Germany,,FALSE,Named
Professional and Business Service,UK Export Finance,3,Central Government,United Kingdom,,FALSE,Named
Professional and Business Service,University of Edinburgh,3,University,United Kingdom,,FALSE,Named
Professional and Business Service,Venrex Investment Management,3,Private Equity and Venture Capital,United Kingdom,,FALSE,Named
Professional and Business Service,Vitruvian Partners,3,Private Equity and Venture Capital,United Kingdom,,FALSE,Named
Professional and Business Service,Wealth Club,3,Angel Network,United Kingdom,,FALSE,Named
Professional and Business Service,Woodford Investment Management,3,Private Equity and Venture Capital,United Kingdom,,FALSE,Named
Professional and Business Service,5Y Capital,2,Family Office,China,,FALSE,Named
Professional and Business Service,ABB,2,Corporate,Switzerland,,FALSE,Named
Professional and Business Service,ABN AMRO,2,Bank,Netherlands,,FALSE,Named
Professional and Business Service,AIB,2,Bank,Ireland,,FALSE,Bank/Loan
Professional and Business Service,AS Capital,2,Asset Management,United Kingdom,,FALSE,Named
Professional and Business Service,Accelerated Digital Ventures,2,Private Equity and Venture Capital,United Kingdom,,TRUE,Named
Professional and Business Service,Accenture,2,Private Equity and Venture Capital,Ireland,,FALSE,Named
Professional and Business Service,Aioi Nissay Dowa Insurance,2,Corporate,United Kingdom,,FALSE,Named
Professional and Business Service,Allegis Capital,2,Private Equity and Venture Capital,United States,,FALSE,Named
Professional and Business Service,Andera Partners,2,Private Equity and Venture Capital,France,,FALSE,Named
Professional and Business Service,Aquiline Capital Partners,2,Private Equity and Venture Capital,United States,,FALSE,Named
Professional and Business Service,Ares Management,2,Asset Management,United States,,FALSE,Named
Professional and Business Service,Aster Capital,2,Corporate,France,,FALSE,Named
Professional and Business Service,Atlantic Bridge,2,Private Equity and Venture Capital,Ireland,,TRUE,Named
Professional and Business Service,Atlantic Vantage Point,2,Private Equity and Venture Capital,France,,FALSE,Named
Professional and Business Service,Atomico,2,Private Equity and Venture Capital,United Kingdom,,TRUE,Named
Professional and Business Service,Augmentum Capital,2,Private Equity and Venture Capital,United Kingdom,,FALSE,Named
Professional and Business Service,BNY Mellon,2,Private Equity and Venture Capital,United States,,FALSE,Named
Professional and Business Service,Balderton Capital,2,Private Equity and Venture Capital,United Kingdom,,TRUE,Named
Professional and Business Service,Beechbrook Capital,2,Specialist Lender,United Kingdom,,TRUE,Named
Professional and Business Service,Bertelsmann,2,Corporate,United States,,FALSE,Named
Professional and Business Service,BiG Start Ventures,2,Private Equity and Venture Capital,Portugal,,FALSE,Named
Professional and Business Service,Bits x Bites,2,Private Equity and Venture Capital,China,,FALSE,Named
Professional and Business Service,Blue Venture Fund,2,Private Equity and Venture Capital,United States,,FALSE,Named
Professional and Business Service,Bowmark Capital,2,Private Equity and Venture Capital,United Kingdom,,FALSE,Named
Professional and Business Service,Breega Capital,2,Private Equity and Venture Capital,France,,FALSE,Named
Professional and Business Service,Brookfield,2,Asset Management / Private Equity,Canada,,FALSE,Named
Professional and Business Service,Caisse de dépôt et placement du Québec (CDPQ),2,,,,,Named
Professional and Business Service,Cambridge Enterprise,2,Commercialisation Company,United Kingdom,,FALSE,Named
Professional and Business Service,Capital for Colleagues,2,Private Equity and Venture Capital,United Kingdom,,FALSE,Named
Professional and Business Service,Catapult Venture Managers,2,Private Equity and Venture Capital,United Kingdom,,FALSE,Named
Professional and Business Service,Centrica Energy,2,Corporate,United Kingdom,,FALSE,Named
Professional and Business Service,Chalfen Ventures,2,Private Equity and Venture Capital,United Kingdom,,FALSE,Named
Professional and Business Service,Chimera Partners,2,Merchant Bank,United Kingdom,,FALSE,Named
Professional and Business Service,Clarendon Fund Managers,2,Private Equity and Venture Capital,United Kingdom,,TRUE,Named
Professional and Business Service,Clay Capital,2,Private Equity and Venture Capital,Singapore,,FALSE,Named
Professional and Business Service,Clean Growth Investment Management,2,Private Equity and Venture Capital,United Kingdom,,FALSE,Named
Professional and Business Service,Columbia Lake Partners,2,Specialist Lender,United Kingdom,,TRUE,Named
Professional and Business Service,CommerzVentures,2,Private Equity and Venture Capital,Germany,,FALSE,Named
Professional and Business Service,Connect Ventures,2,Private Equity and Venture Capital,United Kingdom,,FALSE,Named
Professional and Business Service,Cowen Healthcare Investments,2,Bank,United States,,FALSE,Named
Professional and Business Service,Creandum,2,Private Equity and Venture Capital,Sweden,,FALSE,Named
Professional and Business Service,DN Capital,2,Private Equity and Venture Capital,United Kingdom,,FALSE,Named
Professional and Business Service,Dale Ventures,2,Private Equity and Venture Capital,United Arab Emirates,,FALSE,Named
Professional and Business Service,Delin Capital,2,Asset Management / Private Equity,United Kingdom,,FALSE,Named
Professional and Business Service,Digital Currency Group,2,Private Equity and Venture Capital,United States,,FALSE,Named
Professional and Business Service,EDP Ventures,2,Corporate,Portugal,,FALSE,Named
Professional and Business Service,ETFS Capital,2,Private Equity and Venture Capital,United Kingdom,,FALSE,Named
Professional and Business Service,Eli Lilly & Co,2,Corporate,United States,,FALSE,Named
Professional and Business Service,Elysian Capital,2,Private Equity and Venture Capital,United Kingdom,,FALSE,Named
Professional and Business Service,Endeavor Global,2,Private Equity and Venture Capital,United States,,FALSE,Named
Professional and Business Service,Eurazeo,2,Private Equity and Venture Capital,France,,TRUE,Named
Professional and Business Service,Firestartr,2,Angel Network,United Kingdom,,FALSE,Named
Professional and Business Service,Frog Capital,2,Private Equity and Venture Capital,United Kingdom,,TRUE,Named
Professional and Business Service,Frontier Development Capital,2,Private Equity and Venture Capital,United Kingdom,,TRUE,Named
Professional and Business Service,Fuel Ventures,2,Private Equity and Venture Capital,United Kingdom,,FALSE,Named
Professional and Business Service,G10 Capital,2,Asset Management,United Kingdom,,FALSE,Named
Professional and Business Service,GK Goh Group,2,Corporate,Singapore,,FALSE,Named
Professional and Business Service,General Atlantic,2,Private Equity and Venture Capital,United States,,FALSE,Named
Professional and Business Service,General Catalyst,2,Private Equity and Venture Capital,United States,,FALSE,Named
Professional and Business Service,Goldacre,2,,,,,Named
Professional and Business Service,Green Angel Ventures,2,Angel Network,United Kingdom,,TRUE,Named
Professional and Business Service,Greenwood Way Capital,2,Angel Network,United Kingdom,,FALSE,Named
Professional and Business Service,Greycroft Partners,2,Private Equity and Venture Capital,United States,,FALSE,Named
Professional and Business Service,Headline,2,Private Equity and Venture Capital,United States,,FALSE,Named
Professional and Business Service,Hg,2,Private Equity and Venture Capital,United Kingdom,,FALSE,Named
Professional and Business Service,ING Bank,2,Bank,Netherlands,,FALSE,Named
Professional and Business Service,Ingenious Ventures,2,Private Equity and Venture Capital,United Kingdom,,FALSE,Named
Professional and Business Service,Innovate UK (IUK),2,Central Government,United Kingdom,,FALSE,Named
Professional and Business Service,Invest NI,2,Devolved Government,United Kingdom,,FALSE,Named
Professional and Business Service,Invoke Capital Partners,2,Private Equity and Venture Capital,United Kingdom,,FALSE,Named
Professional and Business Service,JLL Technologies,2,Corporate,United States,,FALSE,Named
Professional and Business Service,Janus Henderson Investors,2,Private Equity and Venture Capital,United Kingdom,,FALSE,Named
Professional and Business Service,KKR,2,Private Equity and Venture Capital,United States,,FALSE,Named
Professional and Business Service,Kartesia,2,Asset Management,United Kingdom,,FALSE,Named
Professional and Business Service,Kima Ventures,2,Private Investment Vehicle,France,,FALSE,Named
Professional and Business Service,Livingbridge EP,2,Private Equity and Venture Capital,United Kingdom,,FALSE,Named
Professional and Business Service,Longwall Venture Partners,2,Private Equity and Venture Capital,United Kingdom,,FALSE,Named
Professional and Business Service,Mangrove Capital Partners,2,Private Equity and Venture Capital,Luxembourg,,FALSE,Named
Professional and Business Service,MassMutual Ventures,2,Corporate,United States,,FALSE,Named
Professional and Business Service,MasterCard,2,Corporate,United States,,FALSE,Named
Professional and Business Service,Maven Ventures,2,Private Equity and Venture Capital,United Kingdom,,FALSE,Named
Professional and Business Service,Meltwind Advisory,2,Private Investment Vehicle,United Kingdom,,FALSE,Named
Professional and Business Service,Metaplanet,2,Corporate,Estonia,,FALSE,Named
Professional and Business Service,Midmar Capital,2,Private Equity and Venture Capital,United Kingdom,,FALSE,Named
Professional and Business Service,Mitsui & Co. Global Investment Ltd (MGI),2,Corporate,Japan,,FALSE,Named
Professional and Business Service,Moore Capital Management,2,Asset Management,United States,,FALSE,Named
Professional and Business Service,Morgan Stanley,2,Merchant Bank,United States,,FALSE,Named
Professional and Business Service,NEL Fund Managers,2,Private Equity and Venture Capital,United Kingdom,,TRUE,Named
Professional and Business Service,NorthEdge Capital,2,Private Equity and Venture Capital,United Kingdom,,FALSE,Named
Professional and Business Service,NorthInvest,2,Angel Network,United Kingdom,,FALSE,Named
Professional and Business Service,Northpond Ventures,2,Private Equity and Venture Capital,United States,,FALSE,Named
Professional and Business Service,Novartis,2,Corporate,Switzerland,,FALSE,Named
Professional and Business Service,Ombu Group,2,Private Equity and Venture Capital,United Kingdom,,FALSE,Named
Professional and Business Service,Ontario Teachers’ Pension Plan,2,Asset Management,Canada,International pension funds,FALSE,Named
Professional and Business Service,Origin Capital Ltd,2,Private Equity and Venture Capital,United Kingdom,,FALSE,Named
Professional and Business Service,Outsized Ventures,2,Private Equity and Venture Capital,United Kingdom,,FALSE,Named
Professional and Business Service,Oxford Endowment Fund,2,Asset Management,United Kingdom,,FALSE,Named
Professional and Business Service,Paladin Capital Group,2,Private Equity and Venture Capital,United States,,FALSE,Named
Professional and Business Service,PayPal,2,Corporate,United States,,FALSE,Named
Professional and Business Service,Penta Capital,2,Private Equity and Venture Capital,United Kingdom,,FALSE,Named
Professional and Business Service,Pentech Ventures,2,Private Equity and Venture Capital,United Kingdom,,FALSE,Named
Professional and Business Service,Perivoli Trust,2,Charity/Not-for-profit company,United Kingdom,,FALSE,Named
Professional and Business Service,Pfizer,2,Corporate,United States,,FALSE,Named
Professional and Business Service,Point72,2,Asset Management,United States,,FALSE,Named
Professional and Business Service,QBN Capital,2,Private Equity and Venture Capital,Hong Kong,,FALSE,Named
Professional and Business Service,Qatar Investment Authority,2,Sovereign Wealth Fund,Qatar,SW Fund,FALSE,Named
Professional and Business Service,Quester Venture Partnership,2,Private Equity and Venture Capital,United Kingdom,,FALSE,Named
Professional and Business Service,Rabobank,2,Bank,Netherlands,,FALSE,Named
Professional and Business Service,Ribbit Capital,2,Private Equity and Venture Capital,United States,,FALSE,Named
Professional and Business Service,Rocket Internet,2,Corporate,Germany,,FALSE,Named
Professional and Business Service,SAP,2,Corporate,United States,,FALSE,Named
Professional and Business Service,SBI Holdings,2,Corporate,Japan,,FALSE,Named
Professional and Business Service,SV Health Investors,2,Private Equity and Venture Capital,United Kingdom,,TRUE,Named
Professional and Business Service,Salesforce,2,Corporate,United States,,FALSE,Named
Professional and Business Service,ScaleUp Capital,2,Private Equity and Venture Capital,United Kingdom,,FALSE,Named
Professional and Business Service,Schroders,2,Asset Management,United Kingdom,,FALSE,Named
Professional and Business Service,Scottish Government,2,Devolved Government,United Kingdom,,FALSE,Bank/Loan
Professional and Business Service,Secure Trust Commercial Finance,2,Bank,United Kingdom,,FALSE,Named
Professional and Business Service,Shawbrook Bank,2,Bank,United Kingdom,,TRUE,Named
Professional and Business Service,Siemens,2,Corporate,Germany,,FALSE,Named
Professional and Business Service,Soho Square Capital,2,Private Equity and Venture Capital,United Kingdom,,FALSE,Named
Professional and Business Service,Starwood Capital Group,2,Asset Management / Private Equity,United States,,FALSE,Named
Professional and Business Service,Stripe,2,Private Equity and Venture Capital,United States,,FALSE,Named
Professional and Business Service,Summit Partners,2,Private Equity and Venture Capital,United States,,FALSE,Named
Professional and Business Service,Susquehanna International Group (SIG),2,Private Equity and Venture Capital,United States,,FALSE,Named
Professional and Business Service,Sussex Place Ventures,2,Private Equity and Venture Capital,United Kingdom,,TRUE,Named
Professional and Business Service,Syncona Partners,2,Private Equity and Venture Capital,United Kingdom,,FALSE,Named
Professional and Business Service,SyndicateRoom,2,Crowd funding,United Kingdom,,TRUE,Named
Professional and Business Service,TELUS Corporation,2,Corporate,Canada,,FALSE,Named
Professional and Business Service,Takeda Pharmaceutical Company,2,Corporate,Japan,,FALSE,Named
Professional and Business Service,Talis Capital,2,Private Equity and Venture Capital,United Kingdom,,FALSE,Named
Professional and Business Service,Tanarra,2,Asset Management / Private Equity,Australia,,FALSE,Named
Professional and Business Service,Tata Steel,2,Corporate,India,,FALSE,Named
Professional and Business Service,Ten Coves Capital,2,Private Equity and Venture Capital,United States,,FALSE,Named
Professional and Business Service,Ten Eleven Ventures,2,Private Equity and Venture Capital,United States,,FALSE,Named
Professional and Business Service,Tenzing,2,Private Equity and Venture Capital,United Kingdom,,FALSE,Named
Professional and Business Service,The Riverside Company,2,Private Equity and Venture Capital,United States,,FALSE,Named
Professional and Business Service,Tiny VC,2,Private Equity and Venture Capital,United Kingdom,,FALSE,Named
Professional and Business Service,Trinity Capital,2,Specialist Lender,United States,,FALSE,Named
Professional and Business Service,Triple Point,2,Asset Management,United Kingdom,,FALSE,Named
Professional and Business Service,University of Warwick Science Park,2,University,United Kingdom,,FALSE,Named
Professional and Business Service,Updata Partners,2,Private Equity and Venture Capital,United States,,FALSE,Named
Professional and Business Service,Ventech,2,Private Equity and Venture Capital,France,,FALSE,Named
Professional and Business Service,VentureFounders,2,Private Equity and Venture Capital,United Kingdom,,FALSE,Named
Professional and Business Service,Village Global,2,Private Equity and Venture Capital,United States,,FALSE,Named
Professional and Business Service,Volution,2,Private Equity and Venture Capital,United Kingdom,,FALSE,Named
Professional and Business Service,Walking Ventures,2,Private Investment Vehicle,United Kingdom,,FALSE,Named
Professional and Business Service,WestBridge Capital,2,Private Equity and Venture Capital,United Kingdom,,FALSE,Named
Professional and Business Service,White Cloud,2,Private Equity and Venture Capital,Luxembourg,,FALSE,Named
Professional and Business Service,Wild Blue Cohort,2,Angel Network,United Kingdom,,FALSE,Named
Professional and Business Service,Winton Capital Management,2,Asset Management,United Kingdom,,FALSE,Named
Professional and Business Service,aberdeen,2,Asset Management,United Kingdom,,FALSE,Named
Professional and Business Service,noa,2,Private Equity and Venture Capital,United Kingdom,,FALSE,Named
Professional and Business Service,o2h Ventures,2,Private Equity and Venture Capital,United Kingdom,,FALSE,Named
Professional and Business Service,1/0 Capital,1,Private Equity and Venture Capital,United States,,FALSE,Named
Professional and Business Service,11.2 Capital,1,Private Equity and Venture Capital,United States,,FALSE,Named
Professional and Business Service,1818 Venture Capital,1,Private Equity and Venture Capital,Guernsey,,FALSE,Named
Professional and Business Service,2050 Capital,1,Private Equity and Venture Capital,United Kingdom,,TRUE,Named
Professional and Business Service,2be.lu,1,Private Equity and Venture Capital,Luxembourg,,FALSE,Named
Professional and Business Service,3B Future Health Fund,1,Private Equity and Venture Capital,Monaco,,FALSE,Named
Professional and Business Service,3i,1,Private Equity and Venture Capital,United Kingdom,,FALSE,Named
Professional and Business Service,76 West Holdings,1,Corporate,United States,,FALSE,Named
Professional and Business Service,8 Miles,1,Private Equity and Venture Capital,United Kingdom,,FALSE,Named
Professional and Business Service,83North,1,Private Equity and Venture Capital,United Kingdom,,FALSE,Named
Professional and Business Service,A.P. Moller Holding,1,Corporate,Denmark,,FALSE,Named
Professional and Business Service,ACG,1,Private Equity and Venture Capital,India,,FALSE,Named
Professional and Business Service,ADQ,1,Central Government,United Arab Emirates,,FALSE,Named
Professional and Business Service,AMR Action Fund,1,Private Equity and Venture Capital,United States,,FALSE,Named
Professional and Business Service,APEX Ventures,1,Private Equity and Venture Capital,Austria,,FALSE,Named
Professional and Business Service,ARCH Venture Partners,1,Private Equity and Venture Capital,United States,,FALSE,Named
Professional and Business Service,ARGO Investment Managers,1,Asset Management,United Kingdom,,FALSE,Named
Professional and Business Service,AUB Group,1,Corporate,Australia,,FALSE,Named
Professional and Business Service,AXA,1,Corporate,France,,FALSE,Named
Professional and Business Service,AbbVie Ventures,1,Corporate,United States,,FALSE,Named
Professional and Business Service,Abry Partners,1,Private Equity and Venture Capital,United States,,FALSE,Named
Professional and Business Service,Abu Dhabi Growth Fund,1,Government,United Arab Emirates,,FALSE,Named
Professional and Business Service,Abu Dhabi National Oil Company (ADNOC),1,State-owned enterprise (SOE) / Corporate strategic investor,United Arab Emirates,,FALSE,Named
Professional and Business Service,Accion Frontier Investments Group,1,Charity/Not-for-profit company,United States,,FALSE,Named
Professional and Business Service,Acequia Capital,1,Private Equity and Venture Capital,United States,,FALSE,Named
Professional and Business Service,Acton Capital Partners,1,Private Equity and Venture Capital,Germany,,FALSE,Named
Professional and Business Service,Adara Ventures,1,Private Equity and Venture Capital,Luxembourg,,FALSE,Named
Professional and Business Service,Adcock Private Equity,1,Private Equity and Venture Capital,Australia,,FALSE,Named
Professional and Business Service,Adelie,1,Private Equity and Venture Capital,France,,FALSE,Named
Professional and Business Service,Adjuvo,1,Angel Network,United Kingdom,,FALSE,Named
Professional and Business Service,Advancit Capital,1,Private Equity and Venture Capital,United States,,FALSE,Named
Professional and Business Service,Advent International,1,Private Equity and Venture Capital,United States,,FALSE,Named
Professional and Business Service,Advent Life Sciences LLP,1,Private Equity and Venture Capital,United Kingdom,,FALSE,Named
Professional and Business Service,Agronomics,1,Private Equity and Venture Capital,Isle Of Man,,FALSE,Named
Professional and Business Service,Ahdritz Holding,1,Private Investment Vehicle,United States,,FALSE,Named
Professional and Business Service,Air Street Capital,1,Private Equity and Venture Capital,United Kingdom,,FALSE,Named
Professional and Business Service,Aisling Capital,1,Private Equity and Venture Capital,United States,,FALSE,Named
Professional and Business Service,Aitua Limited,1,Corporate,United Kingdom,,FALSE,Named
Professional and Business Service,Alcuin Capital Partners,1,Private Equity and Venture Capital,United Kingdom,,FALSE,Named
Professional and Business Service,Aldea Ventures,1,Private Equity and Venture Capital,Spain,,FALSE,Named
Professional and Business Service,Aldermore Bank,1,Bank,United Kingdom,,FALSE,Named
Professional and Business Service,Allectus Capital,1,Private Equity and Venture Capital,Bermuda,,FALSE,Named
Professional and Business Service,Allianz,1,Asset Management,Germany,,FALSE,Named
Professional and Business Service,Allied Irish Bank / AIB Group,1,Family Office,United Kingdom,,FALSE,Named
Professional and Business Service,Ally Bridge Group,1,Private Equity and Venture Capital,United States,,FALSE,Named
Professional and Business Service,Alpha Wave Ventures,1,Private Equity and Venture Capital,United States,,FALSE,Named
Professional and Business Service,Alpine Electronics,1,Corporate,United Kingdom,,FALSE,Named
Professional and Business Service,Altimeter Capital,1,Private Equity and Venture Capital,United States,,FALSE,Named
Professional and Business Service,Alumni Ventures,1,Angel Network,United States,,FALSE,Named
Professional and Business Service,Amati Global Investors,1,Private Equity and Venture Capital,United Kingdom,,FALSE,Named
Professional and Business Service,Amber Infrastructure Group,1,Asset Management / Private Equity,United Kingdom,,FALSE,Named
Professional and Business Service,Amcor,1,Corporate,Switzerland,,FALSE,Named
Professional and Business Service,American Airlines,1,Corporate,United States,,FALSE,Named
Professional and Business Service,American Express,1,Corporate,United States,,FALSE,Named
Professional and Business Service,Amundi,1,Asset Management,France,,FALSE,Named
Professional and Business Service,Ananda Impact Ventures,1,Private Equity and Venture Capital,Germany,,FALSE,Named
Professional and Business Service,Ananke Ventures,1,Private Equity and Venture Capital,United Kingdom,,FALSE,Named
Professional and Business Service,Andreessen Horowitz,1,Private Equity and Venture Capital,United States,,FALSE,Named
Professional and Business Service,Angels Nominees,1,Private Investment Vehicle,United Kingdom,,FALSE,Named
Professional and Business Service,Anticus Partners,1,Private Equity and Venture Capital,United Kingdom,,FALSE,Named
Professional and Business Service,Apis Partners,1,Private Equity and Venture Capital,United Kingdom,,FALSE,Named
Professional and Business Service,Applied Ventures,1,Private Equity and Venture Capital,United States,,FALSE,Named
Professional and Business Service,Ara Partners,1,Private Equity and Venture Capital,United States,,FALSE,Named
Professional and Business Service,Aramex,1,Corporate,United Arab Emirates,,FALSE,Named
Professional and Business Service,ArcTern Ventures,1,Private Equity and Venture Capital,Canada,,FALSE,Named
Professional and Business Service,Archangels,1,Angel Network,United Kingdom,,TRUE,Named
Professional and Business Service,Arix Bioscience,1,Private Equity and Venture Capital,United Kingdom,,FALSE,Named
Professional and Business Service,Arm,1,Corporate,United Kingdom,,FALSE,Named
Professional and Business Service,Arthurian Life Sciences,1,Private Equity and Venture Capital,United Kingdom,,FALSE,Named
Professional and Business Service,Asia West,1,Private Equity and Venture Capital,United States,,FALSE,Named
Professional and Business Service,Assembly Capital Partners,1,Private Equity and Venture Capital,United Kingdom,,FALSE,Named
Professional and Business Service,Associated Press,1,Corporate,United States,,FALSE,Named
Professional and Business Service,Aston University,1,University,United Kingdom,,FALSE,Named
Professional and Business Service,AstraZeneca,1,Corporate,United Kingdom,,FALSE,Named
Professional and Business Service,Atalaya Capital Management,1,Asset Management,United States,,FALSE,Named
Professional and Business Service,Audacious Ventures,1,Private Equity and Venture Capital,United States,,FALSE,Named
Professional and Business Service,Avery Dennison,1,Corporate,United States,,FALSE,Named
Professional and Business Service,Avidity Partners,1,Private Equity and Venture Capital,United States,,FALSE,Named
Professional and Business Service,Avlar Bioventures,1,Private Equity and Venture Capital,United Kingdom,,FALSE,Named
Professional and Business Service,Avolon,1,Private Equity and Venture Capital,United States,,FALSE,Named
Professional and Business Service,Avonmore Developments Ltd,1,Private Equity and Venture Capital,United Kingdom,,FALSE,Named
Professional and Business Service,Axel Johnson (D: Ax),1,Corporate,Sweden,,FALSE,Named
Professional and Business Service,Axel Johnson Group,1,Corporate,Sweden,,FALSE,Named
Professional and Business Service,BECO Capital,1,Private Equity and Venture Capital,United Arab Emirates,,FALSE,Named
Professional and Business Service,BGI Genomics,1,Corporate,China,,FALSE,Named
Professional and Business Service,BMJ,1,Corporate,United Kingdom,,FALSE,Named
Professional and Business Service,BMS Finance,1,Specialist Lender,United Kingdom,,FALSE,Named
Professional and Business Service,BNP Paribas,1,Bank,France,,FALSE,Named
Professional and Business Service,BNW Investment Co,1,Private Equity and Venture Capital,"Korea, Republic Of (South Korea)",,FALSE,Named
Professional and Business Service,BOKA Group,1,Private Equity and Venture Capital,United States,,FALSE,Named
Professional and Business Service,BOND,1,Private Equity and Venture Capital,United States,,FALSE,Named
Professional and Business Service,BTS Group,1,Corporate,Thailand,,FALSE,Named
Professional and Business Service,BW Group,1,Corporate,Singapore,,FALSE,Named
Professional and Business Service,Backed VC,1,Private Equity and Venture Capital,United Kingdom,,FALSE,Named
Professional and Business Service,Baird Capital,1,Private Equity and Venture Capital,United States,,FALSE,Named
Professional and Business Service,Ballpark Ventures,1,Private Investment Vehicle,United Kingdom,,FALSE,Named
Professional and Business Service,Bank of America,1,Bank,United States,,FALSE,Bank/Loan
Professional and Business Service,Bank of Scotland,1,Bank,United Kingdom,,TRUE,Bank/Loan
Professional and Business Service,BankInvest Group,1,Asset Management,Denmark,,FALSE,Bank/Loan
Professional and Business Service,Battery,1,Private Equity and Venture Capital,United States,,FALSE,Named
Professional and Business Service,Bayland Capital,1,Private Equity and Venture Capital,China,,FALSE,Named
Professional and Business Service,Beacon Equity Partners,1,Private Equity and Venture Capital,United States,,FALSE,Named
Professional and Business Service,Beast Ventures,1,Private Equity and Venture Capital,United Kingdom,,FALSE,Named
Professional and Business Service,Beech Tree Private Equity,1,Private Equity and Venture Capital,United Kingdom,,FALSE,Named
Professional and Business Service,Beer and Partners,1,Angel Network,United Kingdom,,FALSE,Named
Professional and Business Service,Berggruen Holdings,1,Family Office,United States,,FALSE,Named
Professional and Business Service,Big Pi Ventures,1,Private Equity and Venture Capital,Greece,,FALSE,Named
Professional and Business Service,Bio-Rad Laboratories,1,Corporate,United States,,FALSE,Named
Professional and Business Service,Bioeconomy Capital,1,Private Equity and Venture Capital,United States,,FALSE,Named
Professional and Business Service,Birchal,1,Crowd funding,Australia,,FALSE,Named
Professional and Business Service,Blisce,1,Private Equity and Venture Capital,France,,FALSE,Named
Professional and Business Service,Bloom 8 (formerly Rage Capital),1,Private Equity and Venture Capital,United Kingdom,,FALSE,Named
Professional and Business Service,Blossom Capital,1,Private Equity and Venture Capital,United Kingdom,,FALSE,Named
Professional and Business Service,Blossom Street Ventures,1,Private Equity and Venture Capital,United States,,FALSE,Named
Professional and Business Service,Blue Horizon Group,1,Private Equity and Venture Capital,Switzerland,,FALSE,Named
Professional and Business Service,Blue Owl Capital,1,Asset Management / Private Equity,United States,,FALSE,Named
Professional and Business Service,BlueYard Capital,1,Private Equity and Venture Capital,Germany,,FALSE,Named
Professional and Business Service,BnkToTheFuture,1,Crowd funding,Cayman Islands,,FALSE,Named
Professional and Business Service,Boehringer Ingelheim,1,Corporate,Germany,,FALSE,Named
Professional and Business Service,Bonnier Ventures,1,Corporate,Sweden,,FALSE,Named
Professional and Business Service,Borealis Ventures,1,Private Equity and Venture Capital,Germany,,FALSE,Named
Professional and Business Service,Boundary Capital,1,Private Equity and Venture Capital,United Kingdom,,FALSE,Named
Professional and Business Service,Brace Pharma Capital,1,Private Equity and Venture Capital,United States,,FALSE,Named
Professional and Business Service,Brand Capital,1,Corporate,India,,FALSE,Named
Professional and Business Service,Bridford Group,1,Private Equity and Venture Capital,United Kingdom,,FALSE,Named
Professional and Business Service,Bridge Nine Capital Partners,1,Private Equity and Venture Capital,United Arab Emirates,,FALSE,Named
Professional and Business Service,Bridgepoint,1,Private Equity and Venture Capital,United Kingdom,,FALSE,Named
Professional and Business Service,Brightbridge Ventures,1,Private Equity and Venture Capital,United Kingdom,,FALSE,Named
Professional and Business Service,Brighteye,1,Private Equity and Venture Capital,France,,FALSE,Named
Professional and Business Service,Bristol Private Equity Club,1,Angel Network,United Kingdom,,FALSE,Named
Professional and Business Service,Broadlake Capital,1,Private Equity and Venture Capital,Ireland,,FALSE,Named
Professional and Business Service,Burdale Financial,1,Bank,United Kingdom,,FALSE,Named
Professional and Business Service,Bury Fitzwilliam-Lay and Partners,1,Private Equity and Venture Capital,United Kingdom,,FALSE,Named
Professional and Business Service,C5 Capital,1,Private Equity and Venture Capital,United Kingdom,,FALSE,Named
Professional and Business Service,CASSIUS,1,Private Equity and Venture Capital,United States,,FALSE,Named
Professional and Business Service,CBPE Capital,1,Private Equity and Venture Capital,United Kingdom,,FALSE,Named
Professional and Business Service,CFFI UK Ventures,1,Private Investment Vehicle,Barbados,,FALSE,Named
Professional and Business Service,CITIC Securities,1,Merchant Bank,China,,FALSE,Named
Professional and Business Service,CMT Group,1,Corporate,United Kingdom,,FALSE,Named
Professional and Business Service,CN Innovations Holdings,1,Corporate,Hong Kong,,FALSE,Named
Professional and Business Service,CNP Assurances,1,Corporate,France,,FALSE,Named
Professional and Business Service,CPP Investments,1,Asset Management,Canada,SW Fund,FALSE,Named
Professional and Business Service,CTC Venture Capital,1,Private Equity and Venture Capital,United States,,FALSE,Named
Professional and Business Service,CVC Capital Partners,1,Private Equity and Venture Capital,Luxembourg,,FALSE,Named
Professional and Business Service,CVentures,1,Corporate,Egypt,,FALSE,Named
Professional and Business Service,CaaS Capital Management,1,Asset Management,United States,,FALSE,Named
Professional and Business Service,Cabot Square Capital,1,Private Equity and Venture Capital,United Kingdom,,FALSE,Named
Professional and Business Service,Cabus Ventures,1,Private Equity and Venture Capital,"Virgin Islands, British",,FALSE,Named
Professional and Business Service,Cambridge Capital Group,1,Angel Network,United Kingdom,,FALSE,Named
Professional and Business Service,Cambridge Consultants,1,Commercialisation Company,United Kingdom,,FALSE,Named
Professional and Business Service,Canaccord Genuity Group,1,Merchant Bank,Canada,,FALSE,Named
Professional and Business Service,Canapi Ventures,1,Private Equity and Venture Capital,United Kingdom,,FALSE,Named
Professional and Business Service,Candy Ventures,1,Family Office,United Kingdom,,FALSE,Named
Professional and Business Service,CapHorn Invest,1,Private Equity and Venture Capital,France,,FALSE,Named
Professional and Business Service,Capital D,1,Private Equity and Venture Capital,United Kingdom,,FALSE,Named
Professional and Business Service,CapitalG (formerly Google Capital),1,Corporate,United States,,FALSE,Named
Professional and Business Service,Capricorn Investment Group,1,Private Equity and Venture Capital,United States,,FALSE,Named
Professional and Business Service,Carbon Direct Capital,1,Private Equity and Venture Capital,United States,,FALSE,Named
Professional and Business Service,Cardiff Council,1,Local and Regional Government,United Kingdom,,FALSE,Named
Professional and Business Service,Cedars-Sinai Hospital,1,Charity/Not-for-profit company,United States,,FALSE,Named
Professional and Business Service,Charles River Labs,1,Commercialisation Company,United States,,FALSE,Named
Professional and Business Service,Charlotte Street Capital,1,Private Equity and Venture Capital,United Kingdom,,FALSE,Named
Professional and Business Service,Chaucer Consulting,1,Corporate,United Kingdom,,FALSE,Named
Professional and Business Service,Chevron Technology Ventures,1,Corporate,United States,,FALSE,Named
Professional and Business Service,Chief Financial Capital,1,Private Investment Vehicle,United States,,FALSE,Named
Professional and Business Service,Cibus Capital,1,Private Equity and Venture Capital,United Kingdom,,FALSE,Named
Professional and Business Service,Circle,1,Corporate,United States,,FALSE,Named
Professional and Business Service,Circularity Capital,1,Private Equity and Venture Capital,United Kingdom,,FALSE,Named
Professional and Business Service,Cisco,1,Corporate,United States,,FALSE,Named
Professional and Business Service,City & Guilds Group,1,Corporate,United Kingdom,,FALSE,Named
Professional and Business Service,City Securities,1,Private Equity and Venture Capital,United Kingdom,,FALSE,Named
Professional and Business Service,Civilization Ventures,1,Private Equity and Venture Capital,United States,,FALSE,Named
Professional and Business Service,Club Changer,1,Family Office,Monaco / UAE,,FALSE,Named
Professional and Business Service,CoVent Partners,1,Private Equity and Venture Capital,France,,FALSE,Named
Professional and Business Service,Cody Gate Ventures,1,Private Equity and Venture Capital,United Kingdom,,FALSE,Named
Professional and Business Service,Colle Capital,1,Private Equity and Venture Capital,United States,,FALSE,Named
Professional and Business Service,Collector Bank,1,Bank,Sweden,,FALSE,Bank/Loan
Professional and Business Service,Columbia Pacific,1,Asset Management,United States,,FALSE,Named
Professional and Business Service,Comhar Capital,1,Private Equity and Venture Capital,United Kingdom,,FALSE,Named
Professional and Business Service,Communitas Capital Partners,1,Private Equity and Venture Capital,United States,,FALSE,Named
Professional and Business Service,Company K Partners,1,Private Equity and Venture Capital,South Korea,,FALSE,Named
Professional and Business Service,Companyon Ventures,1,Private Equity and Venture Capital,United States,,FALSE,Named
Professional and Business Service,Concentric Partners,1,Private Equity and Venture Capital,United Kingdom,,FALSE,Named
Professional and Business Service,Connected Capital,1,Private Equity and Venture Capital,Netherlands,,FALSE,Named
Professional and Business Service,Contour Venture Partners,1,Private Equity and Venture Capital,United States,,FALSE,Named
Professional and Business Service,Conviction Investment Partners (CIP),1,Private Equity and Venture Capital,United Kingdom,,FALSE,Named
Professional and Business Service,Cottagequinn Enterprises,1,Private Equity and Venture Capital,United Kingdom,,FALSE,Named
Professional and Business Service,Cow Corner,1,Private Equity and Venture Capital,United Kingdom,,FALSE,Named
Professional and Business Service,Crayon,1,Corporate,Norway,,FALSE,Named
Professional and Business Service,Credit Agricole,1,Bank,France,,FALSE,Named
Professional and Business Service,CreditEase,1,Asset Management,China,,FALSE,Named
Professional and Business Service,Crestline Investors,1,Asset Management,United States,,FALSE,Named
Professional and Business Service,CrowdBnk,1,Crowd funding,United Kingdom,,FALSE,Named
Professional and Business Service,Culture Recovery Fund,1,Charity/Not-for-profit company,United Kingdom,,FALSE,Named
Professional and Business Service,D1 Capital Partners,1,Private Equity and Venture Capital,United States,,FALSE,Named
Professional and Business Service,DAG Ventures,1,Private Equity and Venture Capital,United States,,FALSE,Named
Professional and Business Service,DB1 Ventures,1,,,,,Named
Professional and Business Service,DCVC,1,Corporate,United States,,FALSE,Named
Professional and Business Service,DIG Investments,1,Family Office,United Kingdom,,FALSE,Named
Professional and Business Service,DKLM,1,Corporate,United Kingdom,,FALSE,Named
Professional and Business Service,DNB,1,Bank,Norway,,FALSE,Named
Professional and Business Service,DST Global,1,Private Equity and Venture Capital,United States,,FALSE,Named
Professional and Business Service,DSW Ventures,1,Angel Network,United Kingdom,,TRUE,Named
Professional and Business Service,Da Vinci Capital,1,Private Equity and Venture Capital,Russian Federation,,FALSE,Named
Professional and Business Service,Dai-ichi Life Insurance,1,Corporate,Japan,,FALSE,Named
Professional and Business Service,Daishin Private Equity,1,Private Equity and Venture Capital,"Korea, Republic Of (South Korea)",,FALSE,Named
Professional and Business Service,Deep Track Capital,1,Private Equity and Venture Capital,United States,,FALSE,Named
Professional and Business Service,Dentons,1,Corporate,United Kingdom,,FALSE,Named
Professional and Business Service,Department of Education,1,Government,Dependent,,FALSE,Named
Professional and Business Service,Designer Fund,1,Private Equity and Venture Capital,United States,,FALSE,Named
Professional and Business Service,Digital China Health Technologies Corporation (DCHealth),1,Corporate,China,,FALSE,Named
Professional and Business Service,Dimension,1,Private Equity and Venture Capital,United States,,FALSE,Named
Professional and Business Service,Doxa Partners,1,Private Equity and Venture Capital,United Kingdom,,FALSE,Named
Professional and Business Service,Dr. Martens,1,Corporate,United Kingdom,,FALSE,Named
Professional and Business Service,Dragoneer Investment Group,1,Private Equity and Venture Capital,United States,,FALSE,Named
Professional and Business Service,Drake Capital Advisors LLC,1,Private Equity and Venture Capital,United States,,FALSE,Named
Professional and Business Service,Drax,1,Corporate,United Kingdom,,FALSE,Named
Professional and Business Service,Dubai Investments,1,Private Equity and Venture Capital,United Arab Emirates,,FALSE,Named
Professional and Business Service,EKA Ventures,1,Private Equity and Venture Capital,United Kingdom,,TRUE,Named
Professional and Business Service,EMBL Ventures,1,Private Equity and Venture Capital,Germany,,FALSE,Named
Professional and Business Service,ENEOS Innovation Partners,1,Corporate,Japan,,FALSE,Named
Professional and Business Service,EPIC Investment Partners,1,Asset Management,United Kingdom,,FALSE,Named
Professional and Business Service,ESM Investments,1,Angel Network,United Kingdom,,FALSE,Named
Professional and Business Service,ETF Partners,1,Private Equity and Venture Capital,United Kingdom,,TRUE,Named
Professional and Business Service,Eagle Investment,1,Private Equity and Venture Capital,United States,,FALSE,Named
Professional and Business Service,Earth Capital,1,Private Equity and Venture Capital,United Kingdom,,FALSE,Named
Professional and Business Service,East Alpha,1,Asset Management,United Kingdom,,FALSE,Named
Professional and Business Service,East Capital Group,1,Asset Management,Sweden,,FALSE,Named
Professional and Business Service,Eden Ventures,1,Private Equity and Venture Capital,United Kingdom,,FALSE,Named
Professional and Business Service,Edinv,1,Family Office,United Kingdom,,FALSE,Named
Professional and Business Service,Edmond de Rothschild Investment Partners,1,Private Equity and Venture Capital,France,,FALSE,Bank/Loan
Professional and Business Service,EduCapital,1,Private Equity and Venture Capital,France,,FALSE,Named
Professional and Business Service,Eight Peaks Group,1,Asset Management,United Kingdom,,FALSE,Named
Professional and Business Service,Eldridge Industries,1,Private Equity and Venture Capital,United States,,FALSE,Named
Professional and Business Service,ElectriFI initiative,1,European,Belgium,,FALSE,Named
Professional and Business Service,Elixirr,1,Corporate,United Kingdom,,FALSE,Named
Professional and Business Service,Elkstone,1,Family Office,Ireland,,FALSE,Named
Professional and Business Service,Elliott Management Corporation,1,Asset Management,United States,,FALSE,Named
Professional and Business Service,Emerald Technology Ventures,1,Private Equity and Venture Capital,Switzerland,,FALSE,Named
Professional and Business Service,EnBW,1,Private Equity and Venture Capital,Germany,,FALSE,Named
Professional and Business Service,Energy Impact Partners LP,1,Private Equity and Venture Capital,United States,,FALSE,Named
Professional and Business Service,Enstar,1,Corporate,Bermuda,,FALSE,Named
Professional and Business Service,Enterprise Investment Partners,1,Private Equity and Venture Capital,United Kingdom,,FALSE,Named
Professional and Business Service,Enterprise Ventures Ltd,1,Private Equity and Venture Capital,United Kingdom,,FALSE,Named
Professional and Business Service,Environmental Innovation Fund,1,Private Equity and Venture Capital,United Kingdom,,FALSE,Named
Professional and Business Service,Eos Venture,1,Private Equity and Venture Capital,United Kingdom,,FALSE,Named
Professional and Business Service,Epic Games,1,Corporate,United States,,FALSE,Named
Professional and Business Service,Episode 1,1,Private Equity and Venture Capital,United Kingdom,,FALSE,Named
Professional and Business Service,Equinor,1,State-owned enterprise (SOE) / Corporate strategic investor,Norway,,FALSE,Named
Professional and Business Service,Ericsson,1,Corporate,Sweden,,FALSE,Named
Professional and Business Service,Erna Low Consultants,1,Corporate,United Kingdom,,FALSE,Named
Professional and Business Service,Escala Capital,1,Private Equity and Venture Capital,Spain,,FALSE,Named
Professional and Business Service,Essex Innovation,1,Local and Regional Government,United Kingdom,,FALSE,Named
Professional and Business Service,Estancia Capital Partners,1,Private Equity and Venture Capital,United States,,FALSE,Named
Professional and Business Service,Ethereal Ventures,1,Private Equity and Venture Capital,"Virgin Islands, British",,FALSE,Named
Professional and Business Service,European Investment Bank (EIB),1,Bank,Luxembourg,,FALSE,Bank/Loan
Professional and Business Service,Eurovestech,1,Private Equity and Venture Capital,United Kingdom,,FALSE,Named
Professional and Business Service,Exor,1,Family Office,Netherlands,,FALSE,Named
Professional and Business Service,Exponential Ventures,1,Private Equity and Venture Capital,United Kingdom,,FALSE,Named
Professional and Business Service,F-Prime Capital Partners,1,Private Equity and Venture Capital,United States,,FALSE,Named
Professional and Business Service,FIS,1,Corporate,United States,,FALSE,Named
Professional and Business Service,FLUXUNIT,1,Corporate,Germany,,FALSE,Named
Professional and Business Service,FMZ Ventures,1,Private Investment Vehicle,United States,,FALSE,Named
Professional and Business Service,FNZ Group,1,Corporate,United Kingdom,,FALSE,Named
Professional and Business Service,FPE Capital,1,Private Equity and Venture Capital,United Kingdom,,TRUE,Named
Professional and Business Service,FactSet,1,Corporate,United States,,FALSE,Named
Professional and Business Service,Federated Hermes,1,Asset Management,United States,,TRUE,Named
Professional and Business Service,Felicis Ventures,1,Private Equity and Venture Capital,United States,,FALSE,Named
Professional and Business Service,Fidelity Investments,1,Asset Management,United States,,FALSE,Named
Professional and Business Service,Fieldfisher,1,Corporate,United Kingdom,,FALSE,Named
Professional and Business Service,Fifth Era,1,Private Equity and Venture Capital,United States,,FALSE,Named
Professional and Business Service,FinTech Collective,1,Private Equity and Venture Capital,United States,,FALSE,Named
Professional and Business Service,First Capital Ventures,1,Private Equity and Venture Capital,United States,,FALSE,Named
Professional and Business Service,FirstCape,1,Private Equity and Venture Capital,New Zealand,,FALSE,Named
Professional and Business Service,Five Seasons Ventures,1,Private Equity and Venture Capital,France,,FALSE,Named
Professional and Business Service,Fjord Capital,1,Private Equity and Venture Capital,United Kingdom,,FALSE,Named
Professional and Business Service,Flashpoint Venture Capital,1,Private Equity and Venture Capital,United Kingdom,,FALSE,Named
Professional and Business Service,Flerie Invest,1,Private Equity and Venture Capital,Sweden,,FALSE,Named
Professional and Business Service,Flow Capital,1,Private Equity and Venture Capital,Canada,,FALSE,Named
Professional and Business Service,Folklore Ventures,1,Private Equity and Venture Capital,Australia,,FALSE,Named
Professional and Business Service,Fondazione di Sardegna,1,Corporate,Italy,,FALSE,Named
Professional and Business Service,Fontinalis Partners,1,Private Equity and Venture Capital,United Kingdom,,FALSE,Named
Professional and Business Service,Forbion Capital Partners,1,Private Equity and Venture Capital,Netherlands,,FALSE,Named
Professional and Business Service,Fordhouse Equity,1,Private Equity and Venture Capital,United Kingdom,,FALSE,Named
Professional and Business Service,Fortress Investment Group,1,Asset Management / Private Equity,United States,,FALSE,Named
Professional and Business Service,Forum Foundry,1,Corporate,United States,,FALSE,Named
Professional and Business Service,Founder Collective,1,Private Equity and Venture Capital,United States,,FALSE,Named
Professional and Business Service,Founders Circle Capital,1,Private Equity and Venture Capital,United States,,FALSE,Named
Professional and Business Service,Framework Venture Partners,1,Private Equity and Venture Capital,Canada,,FALSE,Named
Professional and Business Service,Franklin Templeton,1,Private Equity and Venture Capital,United States,,FALSE,Named
Professional and Business Service,FrestonVentures,1,Family Office,United Kingdom,,FALSE,Named
Professional and Business Service,Furukawa Electric,1,Private Equity and Venture Capital,Japan,,FALSE,Named
Professional and Business Service,Fushia,1,Private Equity and Venture Capital,United Kingdom,,FALSE,Named
Professional and Business Service,Future Energy Ventures Management,1,Private Equity and Venture Capital,Germany,,FALSE,Named
Professional and Business Service,Future Shape,1,Private Investment Vehicle,France,,FALSE,Named
Professional and Business Service,GC Angels,1,Angel Network,United Kingdom,,FALSE,Named
Professional and Business Service,GE Healthcare,1,Corporate,United States,,FALSE,Named
Professional and Business Service,GIA Surveyors,1,Corporate,United Kingdom,,FALSE,Named
Professional and Business Service,GLy Capital Management,1,Private Equity and Venture Capital,Hong Kong,,FALSE,Named
Professional and Business Service,GP Bullhound,1,Merchant Bank,United Kingdom,,FALSE,Named
Professional and Business Service,GRIDSERVE,1,Corporate,United Kingdom,,FALSE,Named
Professional and Business Service,GT Healthcare,1,Private Equity and Venture Capital,United Kingdom,,FALSE,Named
Professional and Business Service,Galvanise,1,Angel Network,United Kingdom,,FALSE,Named
Professional and Business Service,GameTech Ventures,1,Private Equity and Venture Capital,United Kingdom,,FALSE,Named
Professional and Business Service,Gauss Ventures,1,Private Equity and Venture Capital,Cayman Islands,,FALSE,Named
Professional and Business Service,GenZero,1,Private Equity and Venture Capital,Singapore,,FALSE,Named
Professional and Business Service,General Electric,1,Corporate,United States,,FALSE,Named
Professional and Business Service,Generation Investment Management,1,Asset Management,United Kingdom,,FALSE,Named
Professional and Business Service,Genoa Ventures,1,Private Equity and Venture Capital,United States,,FALSE,Named
Professional and Business Service,German Media Pool,1,Private Equity and Venture Capital,Germany,,FALSE,Named
Professional and Business Service,Getting Building Fund,1,Central Government,United Kingdom,,FALSE,Named
Professional and Business Service,Glenrinnes Farms,1,Corporate,United Kingdom,,FALSE,Named
Professional and Business Service,Global Brain Corporation,1,Private Equity and Venture Capital,Japan,,FALSE,Named
Professional and Business Service,Goldwind,1,Corporate,China,,FALSE,Named
Professional and Business Service,Goodwater Capital LLC,1,Private Equity and Venture Capital,United States,,FALSE,Named
Professional and Business Service,Gorkana Group,1,Corporate,United Kingdom,,FALSE,Named
Professional and Business Service,Grafton Capital,1,Private Equity and Venture Capital,United Kingdom,,FALSE,Named
Professional and Business Service,Green Distilleries Competition,1,Central Government,United Kingdom,,FALSE,Named
Professional and Business Service,Greenoaks Capital Management,1,Private Equity and Venture Capital,United States,,FALSE,Named
Professional and Business Service,Grosvenor Hill Ventures,1,Private Equity and Venture Capital,United Kingdom,,FALSE,Named
Professional and Business Service,Grosvenor's Tenant Investment Fund,1,Corporate,United Kingdom,,FALSE,Named
Professional and Business Service,Growth Capital Ventures,1,Private Equity and Venture Capital,United Kingdom,,FALSE,Named
Professional and Business Service,GrowthAccelerator,1,Devolved Government,United Kingdom,,FALSE,Named
Professional and Business Service,Growthdeck,1,Crowd funding,United Kingdom,,FALSE,Named
Professional and Business Service,Guanqun Chi Cheng,1,Specialist Lender,China,,FALSE,Named
Professional and Business Service,GuoGuang Electric Co,1,Corporate,China,,FALSE,Named
Professional and Business Service,HAVAÍC,1,,,,,Named
Professional and Business Service,HB Investments,1,Private Investment Vehicle,United Arab Emirates,,FALSE,Named
Professional and Business Service,HCOB,1,Bank,Germany,,FALSE,Named
Professional and Business Service,HICO Investment Group,1,Private Equity and Venture Capital,Singapore / United Kingdom,,FALSE,Named
Professional and Business Service,HM Treasury,1,Central Government,United Kingdom,,FALSE,Named
Professional and Business Service,Halma,1,Corporate,United Kingdom,,FALSE,Named
Professional and Business Service,Handelsbanken,1,Bank,Sweden,,FALSE,Bank/Loan
Professional and Business Service,Harbert Management Capital,1,Asset Management / Private Equity,United States,,FALSE,Named
Professional and Business Service,Hardware Club,1,Private Equity and Venture Capital,United States,,FALSE,Named
Professional and Business Service,Harrock Investments,1,Private Equity and Venture Capital,United Kingdom,,FALSE,Named
Professional and Business Service,HealthQuest Capital,1,Private Equity and Venture Capital,United States,,FALSE,Named
Professional and Business Service,Healthlink Capital,1,Private Equity and Venture Capital,China,,FALSE,Named
Professional and Business Service,Hearst,1,Corporate,United States,,FALSE,Named
Professional and Business Service,Hedosophia,1,Private Equity and Venture Capital,United Kingdom,,FALSE,Named
Professional and Business Service,Helsinn Investment Fund S.A.,1,Private Equity and Venture Capital,Monaco,,FALSE,Named
Professional and Business Service,Henley,1,Asset Management,United Kingdom,,FALSE,Named
Professional and Business Service,Hillhouse Capital Group,1,Private Equity and Venture Capital,China,,FALSE,Named
Professional and Business Service,Holzbrinck Publishing Group,1,Corporate,Germany,,FALSE,Named
Professional and Business Service,Homes England,1,Central Government,United Kingdom,,FALSE,Named
Professional and Business Service,Honeywell,1,Corporate,United States,,FALSE,Named
Professional and Business Service,HongShan,1,Private Equity and Venture Capital,China,,FALSE,Named
Professional and Business Service,Horizons Labs,1,Private Equity and Venture Capital,Hong Kong,,FALSE,Named
Professional and Business Service,Housing Growth Partnership,1,Property Lender,United Kingdom,,FALSE,Named
Professional and Business Service,Hoxton Ventures,1,Private Equity and Venture Capital,United Kingdom,,TRUE,Named
Professional and Business Service,Humber Local Enterprise Partnership,1,Government,United Kingdom,,FALSE,Named
Professional and Business Service,Hummingbird Ventures,1,Private Equity and Venture Capital,Belgium,,FALSE,Named
Professional and Business Service,ICG-Longbow,1,Property Lender,Guernsey,,FALSE,Named
Professional and Business Service,ICONIQ Capital,1,Family Office,United States,,FALSE,Named
Professional and Business Service,IDO Investments,1,Private Equity and Venture Capital,Oman,,FALSE,Named
Professional and Business Service,IHS Markit,1,Corporate,United Kingdom,,FALSE,Named
Professional and Business Service,IMM Investment,1,Private Equity and Venture Capital,"Korea, Republic Of (South Korea)",,FALSE,Named
Professional and Business Service,IRIS,1,Corporate,United Kingdom,,FALSE,Named
Professional and Business Service,ITV,1,Corporate,United Kingdom,,FALSE,Named
Professional and Business Service,IW Capital,1,Private Equity and Venture Capital,United Kingdom,,FALSE,Named
Professional and Business Service,Imbiba,1,Private Equity and Venture Capital,United Kingdom,,TRUE,Named
Professional and Business Service,Impulse VC,1,Private Equity and Venture Capital,Russian Federation,,FALSE,Named
Professional and Business Service,InHealth Group,1,Corporate,United Kingdom,,FALSE,Named
Professional and Business Service,InMotion Ventures,1,Corporate,United Kingdom,,FALSE,Named
Professional and Business Service,InReach Ventures,1,Private Equity and Venture Capital,United Kingdom,,FALSE,Named
Professional and Business Service,Indigo 7 Ventures (i7v),1,Private Equity and Venture Capital,United Kingdom,,FALSE,Named
Professional and Business Service,Indigo IP Holdings,1,Private Investment Vehicle,Antigua & Barbuda,,FALSE,Named
Professional and Business Service,Indorama Ventures,1,Corporate,Thailand,,FALSE,Named
Professional and Business Service,Infinity Asset Management LLP,1,Asset Management,United Kingdom,,FALSE,Named
Professional and Business Service,Infinity Investment Partners,1,Asset Management,United Kingdom,,FALSE,Named
Professional and Business Service,Infocomm Investments,1,Accelerator,Singapore,,FALSE,Named
Professional and Business Service,InfraVia Capital Partners,1,Private Equity and Venture Capital,France,,FALSE,Named
Professional and Business Service,Ingevity,1,Corporate,United States,,FALSE,Named
Professional and Business Service,Initial Capital,1,Private Equity and Venture Capital,United Kingdom,,FALSE,Named
Professional and Business Service,Innovation SuperNetwork,1,Accelerator,United Kingdom,,FALSE,Named
Professional and Business Service,Inovia Capital,1,Private Equity and Venture Capital,Canada,,FALSE,Named
Professional and Business Service,Intel,1,Corporate,United States,,FALSE,Named
Professional and Business Service,Intermediate Capital Group,1,Asset Management / Private Equity,United Kingdom,,FALSE,Named
Professional and Business Service,International Biotechnology Trust,1,Asset Management,United Kingdom,,FALSE,Named
Professional and Business Service,International Finance Corporation (IFC),1,Private Equity and Venture Capital,United States,,FALSE,Named
Professional and Business Service,Inventure,1,Private Equity and Venture Capital,Finland,,FALSE,Named
Professional and Business Service,Isomer Capital,1,Private Equity and Venture Capital,United Kingdom,,TRUE,Named
Professional and Business Service,JC Flowers,1,Private Equity and Venture Capital,United States,,FALSE,Named
Professional and Business Service,JRJ Group,1,Private Equity and Venture Capital,United Kingdom,,FALSE,Named
Professional and Business Service,Jafco Ventures,1,Private Equity and Venture Capital,United States,,FALSE,Named
Professional and Business Service,Japan Energy Fund,1,Private Equity and Venture Capital,Japan,,FALSE,Named
Professional and Business Service,Jefferies,1,Merchant Bank,United States,,FALSE,Named
Professional and Business Service,Jeito Capital,1,Private Equity and Venture Capital,France,,FALSE,Named
Professional and Business Service,Jigsaw VC,1,Private Equity and Venture Capital,Jersey,,FALSE,Named
Professional and Business Service,Joseph Rowntree Charitable Trust,1,Charity/Not-for-profit company,United Kingdom,,FALSE,Named
Professional and Business Service,Juno Capital,1,Angel Network,United Kingdom,,FALSE,Named
Professional and Business Service,K Nominees,1,Private Investment Vehicle,United Kingdom,,FALSE,Named
Professional and Business Service,KRW Schindler Private Ventures,1,Private Equity and Venture Capital,Luxembourg,,FALSE,Named
Professional and Business Service,KV Management,1,Private Investment Vehicle,United States,,FALSE,Named
Professional and Business Service,Kaiser Permanente Ventures,1,Corporate,United States,,FALSE,Named
Professional and Business Service,Kamet Ventures,1,Private Equity and Venture Capital,France,,FALSE,Named
Professional and Business Service,Kennet Partners,1,Private Equity and Venture Capital,United Kingdom,,FALSE,Named
Professional and Business Service,Keolis,1,Corporate,France,,FALSE,Named
Professional and Business Service,Kernel Capital,1,Private Equity and Venture Capital,Ireland,,FALSE,Named
Professional and Business Service,Kero Limited,1,Private Equity and Venture Capital,United Kingdom,,FALSE,Named
Professional and Business Service,Kibo Invest,1,Family Office,Singapore,,FALSE,Named
Professional and Business Service,Kineticos Life Sciences,1,Private Equity and Venture Capital,United States,,FALSE,Named
Professional and Business Service,Kiwoom,1,Merchant Bank,"Korea, Republic Of (South Korea)",,FALSE,Named
Professional and Business Service,Kommunal Credit,1,Bank,Austria,,FALSE,Named
Professional and Business Service,Kouros,1,Family Office,France,,FALSE,Named
Professional and Business Service,LBO France,1,Private Equity and Venture Capital,France,,FALSE,Named
Professional and Business Service,LCA Investments,1,Family Office,United Kingdom,,FALSE,Named
Professional and Business Service,LG Technology Ventures,1,Corporate,United States,,FALSE,Named
Professional and Business Service,LGT Capital Partners,1,Asset Management,Switzerland,,TRUE,Named
Professional and Business Service,LSP Health Economics Fund,1,Private Equity and Venture Capital,Netherlands,,FALSE,Named
Professional and Business Service,LVMH,1,Corporate,France,,FALSE,Named
Professional and Business Service,Latitude Investment Management,1,Asset Management,United Kingdom,,FALSE,Named
Professional and Business Service,Latitude fund,1,Private Equity and Venture Capital,United Kingdom,,FALSE,Named
Professional and Business Service,Launchbay Capital,1,Private Equity and Venture Capital,United Kingdom,,FALSE,Named
Professional and Business Service,Lehman Brothers European Venture Capital Group,1,Private Equity and Venture Capital,United Kingdom,,FALSE,Named
Professional and Business Service,Lendahand Ethex,1,Crowd funding,United Kingdom,,FALSE,Named
Professional and Business Service,Lepe Partners,1,Merchant Bank,United Kingdom,,FALSE,Named
Professional and Business Service,Lerer Hippeau Ventures,1,Private Equity and Venture Capital,United States,,FALSE,Named
Professional and Business Service,Leucadia National Corporation,1,Merchant Bank,United States,,FALSE,Named
Professional and Business Service,Levine Leichtman Capital Partners,1,Private Equity and Venture Capital,United States,,FALSE,Named
Professional and Business Service,Levy-Weiss,1,Business Angel(s),Israel,,FALSE,Named
Professional and Business Service,Liberty Global Ventures,1,Corporate,United Kingdom,,FALSE,Named
Professional and Business Service,LifeSci Capital,1,Merchant Bank,United States,,FALSE,Named
Professional and Business Service,Lightbank,1,Private Equity and Venture Capital,United States,,FALSE,Bank/Loan
Professional and Business Service,Lightspeed Management,1,Private Equity and Venture Capital,United States,,FALSE,Named
Professional and Business Service,Lingotto,1,Asset Management,Netherlands,,FALSE,Named
Professional and Business Service,Link Group,1,Corporate,Australia,,FALSE,Named
Professional and Business Service,LionTree,1,Asset Management,United States,,FALSE,Named
Professional and Business Service,Lombard Odier,1,Asset Management,Switzerland,,FALSE,Named
Professional and Business Service,London & Scottish Investment Partners,1,Private Equity and Venture Capital,United Kingdom,,FALSE,Named
Professional and Business Service,London Stock Exchange Group (LSEG),1,Private Investment Vehicle,United Kingdom,,FALSE,Named
Professional and Business Service,London Venture Partners,1,Private Equity and Venture Capital,United Kingdom,,FALSE,Named
Professional and Business Service,Long Ridge Equity Partners,1,Private Equity and Venture Capital,United States,,FALSE,Named
Professional and Business Service,Longbow,1,Private Equity and Venture Capital,United Kingdom,,FALSE,Named
Professional and Business Service,Love Ventures,1,Private Equity and Venture Capital,United Kingdom,,FALSE,Named
Professional and Business Service,Lugard Road Capital,1,Private Equity and Venture Capital,United States,,FALSE,Named
Professional and Business Service,Lumia Capital,1,Private Equity and Venture Capital,United States,,FALSE,Named
Professional and Business Service,Lunate Holding,1,Asset Management,United Arab Emirates,,FALSE,Named
Professional and Business Service,Lux Capital,1,Private Equity and Venture Capital,United States,,FALSE,Named
Professional and Business Service,Lux Nordic,1,Asset Management,Norway,,FALSE,Named
Professional and Business Service,M&G,1,Asset Management,United Kingdom,UK pension funds,FALSE,Named
Professional and Business Service,MI Investment Holding,1,Private Investment Vehicle,United Kingdom,,FALSE,Named
Professional and Business Service,MML Capital Partners,1,Private Equity and Venture Capital,United Kingdom,,TRUE,Named
Professional and Business Service,MTI Capital Partners,1,University,United Kingdom,,FALSE,Named
Professional and Business Service,MUSIC,1,Private Equity and Venture Capital,United States,,FALSE,Named
Professional and Business Service,MVM Life Science Partners,1,Private Equity and Venture Capital,United States,,FALSE,Named
Professional and Business Service,MVolution Partners,1,Private Equity and Venture Capital,United States,,FALSE,Named
Professional and Business Service,MW&L Capital Partners,1,Private Investment Vehicle,United Kingdom,,FALSE,Named
Professional and Business Service,Macdoch Ventures,1,Corporate,Australia,,FALSE,Named
Professional and Business Service,Mandatum Life,1,Asset Management,Finland,,FALSE,Named
Professional and Business Service,Mansefield Investments,1,Family Office,United Kingdom,,FALSE,Named
Professional and Business Service,Marketech International,1,Private Equity and Venture Capital,Taiwan,,FALSE,Named
Professional and Business Service,Marlin Equity Partners,1,Private Equity and Venture Capital,United States,,FALSE,Named
Professional and Business Service,Marqeta,1,Corporate,United States,,FALSE,Named
Professional and Business Service,Marubeni Ventures,1,Corporate,Japan,,FALSE,Named
Professional and Business Service,Material Impact,1,Private Equity and Venture Capital,United States,,FALSE,Named
Professional and Business Service,Matrix,1,Private Equity and Venture Capital,United States,,FALSE,Named
Professional and Business Service,Maxfield Capital,1,Private Equity and Venture Capital,Russian Federation,,FALSE,Named
Professional and Business Service,Mayo Clinic,1,Private Equity and Venture Capital,United States,,FALSE,Named
Professional and Business Service,Mazda,1,Corporate,Japan,,FALSE,Named
Professional and Business Service,Megger Group,1,Corporate,United Kingdom,,FALSE,Named
Professional and Business Service,Menlo Ventures,1,Private Equity and Venture Capital,United States,,FALSE,Named
Professional and Business Service,Mercedes-Benz Group,1,Corporate,Germany,,FALSE,Named
Professional and Business Service,Meridian Health Ventures,1,Private Equity and Venture Capital,United Kingdom,,FALSE,Named
Professional and Business Service,Merifin Capital,1,Private Equity and Venture Capital,Belgium,,FALSE,Named
Professional and Business Service,Metrea Discovery,1,Private Equity and Venture Capital,United Kingdom,,FALSE,Named
Professional and Business Service,Metric Capital Partners,1,Private Equity and Venture Capital,United Kingdom,,FALSE,Named
Professional and Business Service,Meyer Bergman,1,Private Equity and Venture Capital,United Kingdom,,FALSE,Named
Professional and Business Service,Meyer Burger,1,Corporate,Switzerland,,FALSE,Named
Professional and Business Service,Microsoft,1,Corporate,United States,,FALSE,Named
Professional and Business Service,Middle East Venture Partners (MEVP),1,Private Equity and Venture Capital,United Arab Emirates,,FALSE,Named
Professional and Business Service,Middleton Enterprises,1,Family Office,United Kingdom,,FALSE,Named
Professional and Business Service,Milky Way Investments,1,Family Office,United States,,FALSE,Named
Professional and Business Service,Mirabaud Private Equity,1,Private Equity and Venture Capital,Switzerland,,FALSE,Named
Professional and Business Service,Mirana Ventures,1,Private Equity and Venture Capital,Singapore,,FALSE,Named
Professional and Business Service,MissionOG,1,Private Equity and Venture Capital,United States,,FALSE,Named
Professional and Business Service,Mithril,1,Private Equity and Venture Capital,United States,,FALSE,Named
Professional and Business Service,Miyako Capital,1,Private Equity and Venture Capital,Japan,,FALSE,Named
Professional and Business Service,Monashee Investment Management,1,Asset Management,United States,,FALSE,Named
Professional and Business Service,Monashees,1,Private Equity and Venture Capital,Brazil,,FALSE,Named
Professional and Business Service,Moneysupermarket.com,1,Corporate,United Kingdom,,FALSE,Named
Professional and Business Service,Montreux Capital Management,1,Private Equity and Venture Capital,United Kingdom,,FALSE,Named
Professional and Business Service,Moreira Salles,1,Family Office,Brazil,,FALSE,Named
Professional and Business Service,Mosaic Ventures,1,Private Equity and Venture Capital,United Kingdom,,FALSE,Named
Professional and Business Service,Mosaik Partners,1,Private Equity and Venture Capital,United States,,FALSE,Named
Professional and Business Service,Motive Partners,1,Private Equity and Venture Capital,United States,,FALSE,Named
Professional and Business Service,Mott Macdonald,1,Corporate,United Kingdom,,FALSE,Named
Professional and Business Service,Mouro Capital,1,Private Equity and Venture Capital,United Kingdom,,FALSE,Named
Professional and Business Service,Move Energy,1,Private Equity and Venture Capital,Netherlands,,FALSE,Named
Professional and Business Service,Mudrick Capital Management,1,Private Equity and Venture Capital,United States,,FALSE,Named
Professional and Business Service,MultiversX,1,Private Equity and Venture Capital,Malta,,FALSE,Named
Professional and Business Service,Murray Capital,1,Family Office,United Kingdom,,FALSE,Named
Professional and Business Service,NFT Ventures,1,Private Equity and Venture Capital,Sweden,,FALSE,Named
Professional and Business Service,NFU Mutual,1,Corporate,United Kingdom,,FALSE,Named
Professional and Business Service,NIBC Bank,1,Bank,Netherlands,,FALSE,Bank/Loan
Professional and Business Service,NM Capital,1,Private Equity and Venture Capital,United Kingdom,,FALSE,Named
Professional and Business Service,NOVIT Ventures,1,Private Equity and Venture Capital,United States,,FALSE,Named
Professional and Business Service,Nasdaq,1,Corporate,United States,,FALSE,Named
Professional and Business Service,National Australia Bank,1,Bank,Australia,,FALSE,Bank/Loan
Professional and Business Service,National Grid Partners,1,Private Equity and Venture Capital,United States,,FALSE,Named
Professional and Business Service,National Resilience,1,Corporate,United States,,FALSE,Named
Professional and Business Service,National Tooling Loan Fund,1,Private Equity and Venture Capital,United Kingdom,,FALSE,Named
Professional and Business Service,Nationwide Building Society,1,Bank,United Kingdom,,FALSE,Named
Professional and Business Service,Natixis,1,Merchant Bank,France,,FALSE,Named
Professional and Business Service,Nauta Capital,1,Private Equity and Venture Capital,United Kingdom,,TRUE,Named
Professional and Business Service,Neptune,1,Private Equity and Venture Capital,United Kingdom,,FALSE,Named
Professional and Business Service,NetEase (NTES) Capital,1,Corporate,China,,FALSE,Named
Professional and Business Service,New Science Ventures,1,Private Equity and Venture Capital,United States,,FALSE,Named
Professional and Business Service,New Wave Ventures,1,Private Equity and Venture Capital,United Kingdom,,FALSE,Named
Professional and Business Service,Newcastle City Council,1,Local and Regional Government,United Kingdom,,FALSE,Named
Professional and Business Service,Nexo,1,Corporate,Switzerland,,FALSE,Named
Professional and Business Service,Next Fifteen,1,Corporate,United Kingdom,,FALSE,Named
Professional and Business Service,NextLaw Labs,1,Corporate,United States,,FALSE,Named
Professional and Business Service,Nina Capital,1,Private Equity and Venture Capital,Spain,,FALSE,Named
Professional and Business Service,Ninety One,1,Private Equity and Venture Capital,United Kingdom,,FALSE,Named
Professional and Business Service,Nomura,1,Bank,Japan,,FALSE,Named
Professional and Business Service,NordicNinja,1,Private Equity and Venture Capital,Finland,,FALSE,Named
Professional and Business Service,Norrsken Foundation,1,Charity/Not-for-profit company,Sweden,,FALSE,Named
Professional and Business Service,North East Local Enterprise Partnership,1,Local and Regional Government,United Kingdom,,FALSE,Named
Professional and Business Service,Northstar Equity Investors,1,Private Equity and Venture Capital,United Kingdom,,FALSE,Named
Professional and Business Service,Northzone Ventures,1,Private Equity and Venture Capital,United Kingdom,,FALSE,Named
Professional and Business Service,Nottinghamshire Council,1,Local and Regional Government,United Kingdom,,FALSE,Named
Professional and Business Service,Novalis LifeSciences,1,Private Equity and Venture Capital,United States,,FALSE,Named
Professional and Business Service,Novax,1,Corporate,Sweden,,FALSE,Named
Professional and Business Service,Novel TMT Ventures,1,Private Equity and Venture Capital,United States,,FALSE,Named
Professional and Business Service,Novo,1,Private Investment Vehicle,Denmark,,FALSE,Named
Professional and Business Service,Nucleus Financial Platforms,1,Private Equity and Venture Capital,United Kingdom,,FALSE,Named
Professional and Business Service,Numis,1,Asset Management,United Kingdom,,FALSE,Named
Professional and Business Service,OPG Ventures,1,Corporate,Isle Of Man,,FALSE,Named
Professional and Business Service,ORA Capital Partners,1,Private Equity and Venture Capital,Guernsey,,FALSE,Named
Professional and Business Service,Oak HC/FT,1,Private Equity and Venture Capital,United States,,FALSE,Named
Professional and Business Service,Oak Hill Advisors,1,Private Equity and Venture Capital,United States,,FALSE,Named
Professional and Business Service,Obvious Ventures,1,Private Equity and Venture Capital,United States,,FALSE,Named
Professional and Business Service,Ocado,1,Corporate,United States,,FALSE,Named
Professional and Business Service,Oceanwood Capital Management,1,Asset Management,United Kingdom,,FALSE,Named
Professional and Business Service,Octahedron Capital,1,Private Equity and Venture Capital,United States,,FALSE,Named
Professional and Business Service,Offshore Wind Manufacturing Investment Scheme,1,Central Government,United Kingdom,,FALSE,Named
Professional and Business Service,Oil & Gas Technology Centre,1,Charity/Not-for-profit company,United Kingdom,,FALSE,Named
Professional and Business Service,Omega Funds,1,Private Equity and Venture Capital,United States,,FALSE,Named
Professional and Business Service,Omni Partners,1,Private Equity and Venture Capital,United Kingdom,,FALSE,Named
Professional and Business Service,One Peak Partners,1,Private Equity and Venture Capital,United Kingdom,,FALSE,Named
Professional and Business Service,Open Ocean Capital,1,Private Equity and Venture Capital,Finland,,FALSE,Named
Professional and Business Service,Optiver,1,Asset Management,Netherlands,,FALSE,Named
Professional and Business Service,Optum Ventures,1,Private Equity and Venture Capital,United States,,FALSE,Named
Professional and Business Service,Orange,1,Corporate,France,,FALSE,Named
Professional and Business Service,OrbiMed,1,Asset Management,United States,,FALSE,Named
Professional and Business Service,OurCrowd,1,Crowd funding,Israel,,FALSE,Crowdfunding
Professional and Business Service,Outrun Ventures,1,Private Equity and Venture Capital,United Kingdom,,FALSE,Named
Professional and Business Service,Oxford Finance,1,Private Equity and Venture Capital,United States,,FALSE,Named
Professional and Business Service,Oxford Instruments,1,Corporate,United Kingdom,,FALSE,Named
Professional and Business Service,Oxford Technology,1,Private Equity and Venture Capital,United Kingdom,,FALSE,Named
Professional and Business Service,Oxford University Hospitals NHS Trust,1,Charity/Not-for-profit company,United Kingdom,,FALSE,Named
Professional and Business Service,Oyster Capital,1,Private Equity and Venture Capital,Ireland,,FALSE,Named
Professional and Business Service,PATRIZIA,1,Asset Management,Germany,,FALSE,Named
Professional and Business Service,PFM Health Sciences,1,Asset Management,United States,,FALSE,Named
Professional and Business Service,PGIM Private Capital,1,Asset Management,United States,,FALSE,Named
Professional and Business Service,PPF Group,1,Private Investment Vehicle,Czech Republic,,FALSE,Named
Professional and Business Service,Panacea Venture Healthcare Fund,1,Private Equity and Venture Capital,China,,FALSE,Named
Professional and Business Service,Parkway Venture Capital,1,Private Equity and Venture Capital,United States,,FALSE,Named
Professional and Business Service,Partners Investment Company,1,Private Equity and Venture Capital,United Kingdom,,FALSE,Named
Professional and Business Service,Partnership Fund for New York City,1,Charity/Not-for-profit company,United States,,FALSE,Named
Professional and Business Service,Partnerships UK,1,Government,United Kingdom,,FALSE,Named
Professional and Business Service,Pavilion Capital,1,Private Equity and Venture Capital,United States,,FALSE,Named
Professional and Business Service,Pearson,1,Corporate,United Kingdom,,FALSE,Named
Professional and Business Service,Pembroke Investment Managers LLP,1,Private Equity and Venture Capital,United Kingdom,,FALSE,Named
Professional and Business Service,Pentland Group,1,Corporate,United Kingdom,,FALSE,Named
Professional and Business Service,Permira,1,Private Equity and Venture Capital,United Kingdom,,FALSE,Named
Professional and Business Service,Pinorena Capital,1,Private Equity and Venture Capital,Estonia,,FALSE,Named
Professional and Business Service,Piper Heartland Healthcare Capital,1,Private Equity and Venture Capital,United States,,FALSE,Named
Professional and Business Service,Piton Capital,1,Private Equity and Venture Capital,United Kingdom,,FALSE,Named
Professional and Business Service,Plaid,1,Corporate,United States,,FALSE,Named
Professional and Business Service,Planet First Partners,1,Private Equity and Venture Capital,Luxembourg,,FALSE,Named
Professional and Business Service,Polar Capital,1,Private Equity and Venture Capital,United Kingdom,,FALSE,Named
Professional and Business Service,Pontifax,1,Private Equity and Venture Capital,Israel,,FALSE,Named
Professional and Business Service,Port Growth Partners,1,Private Investment Vehicle,United Kingdom,,FALSE,Named
Professional and Business Service,Porton Capital,1,Private Equity and Venture Capital,United Kingdom,,FALSE,Named
Professional and Business Service,Possible Ventures,1,Private Equity and Venture Capital,Germany,,FALSE,Named
Professional and Business Service,Poste Italiane,1,State-owned enterprise (SOE) / Corporate strategic investor,Italy,,FALSE,Named
Professional and Business Service,Potential,1,Private Equity and Venture Capital,United Kingdom,,FALSE,Named
Professional and Business Service,Prelude Trust plc,1,Private Equity and Venture Capital,United Kingdom,,FALSE,Named
Professional and Business Service,Prime Ventures,1,Private Equity and Venture Capital,Netherlands,,TRUE,Named
Professional and Business Service,Project A,1,Private Equity and Venture Capital,Germany,,FALSE,Named
Professional and Business Service,Promethean Investments LLP,1,Private Equity and Venture Capital,United Kingdom,,FALSE,Named
Professional and Business Service,Proprium Capital,1,Private Equity and Venture Capital,United States,,FALSE,Named
Professional and Business Service,Proserv,1,Corporate,United Kingdom,,FALSE,Named
Professional and Business Service,Prosperity7 Ventures,1,Private Equity and Venture Capital,United States,,FALSE,Named
Professional and Business Service,Providence Investment Company,1,Private Equity and Venture Capital,United States,,FALSE,Named
Professional and Business Service,QinetiQ plc,1,Corporate,United Kingdom,,FALSE,Named
Professional and Business Service,Quan Capital,1,Private Equity and Venture Capital,China,,FALSE,Named
Professional and Business Service,R204 Partners,1,Private Equity and Venture Capital,Italy,,FALSE,Named
Professional and Business Service,R42 Group,1,Private Equity and Venture Capital,United States,,FALSE,Named
Professional and Business Service,RA Capital Management,1,Asset Management / Private Equity,United States,,FALSE,Named
Professional and Business Service,RAB Capital,1,Asset Management,United Kingdom,,FALSE,Named
Professional and Business Service,RB Capital,1,Property Lender,Singapore,,FALSE,Named
Professional and Business Service,RGAX,1,Corporate,United States,,FALSE,Named
Professional and Business Service,RTW Investments,1,Asset Management / Private Equity,United States,,FALSE,Named
Professional and Business Service,RXR Digital Ventures,1,Corporate,United States,,FALSE,Named
Professional and Business Service,Railpen,1,Asset Management,United Kingdom,,FALSE,Named
Professional and Business Service,Rainfall Ventures,1,Private Equity and Venture Capital,United States,,FALSE,Named
Professional and Business Service,Ramboll,1,Corporate,Denmark,,FALSE,Named
Professional and Business Service,Recurring Capital Partners,1,Private Equity and Venture Capital,United States,,FALSE,Named
Professional and Business Service,Redline Capital Management,1,Private Equity and Venture Capital,United Kingdom,,FALSE,Named
Professional and Business Service,Redmile Group,1,Private Equity and Venture Capital,United States,,FALSE,Named
Professional and Business Service,Reed Elsevier Ventures,1,Corporate,United Kingdom,,FALSE,Named
Professional and Business Service,ReefKNoT Investments,1,Private Equity and Venture Capital,Singapore,,FALSE,Named
Professional and Business Service,Reference Capital,1,Private Equity and Venture Capital,United States,,FALSE,Named
Professional and Business Service,Renaissance Capital Partners,1,Private Equity and Venture Capital,United Kingdom,,FALSE,Named
Professional and Business Service,Revolt Ventures,1,Private Equity and Venture Capital,United Kingdom,,FALSE,Named
Professional and Business Service,Ridgeback Capital Management,1,Private Equity and Venture Capital,United States,,FALSE,Named
Professional and Business Service,Rising Tide Fund,1,Private Equity and Venture Capital,United States,,FALSE,Named
Professional and Business Service,Rivers Capital Partners,1,Private Equity and Venture Capital,United Kingdom,,FALSE,Named
Professional and Business Service,Road King,1,Corporate,Hong Kong,,FALSE,Named
Professional and Business Service,Rockridge Investment Partners,1,Private Equity and Venture Capital,United Kingdom,,FALSE,Named
Professional and Business Service,Rockspring,1,Family Office,United Kingdom,,FALSE,Named
Professional and Business Service,Rolls-Royce,1,Corporate,United Kingdom,,FALSE,Named
Professional and Business Service,Round Hill Ventures,1,Private Equity and Venture Capital,United Kingdom,,FALSE,Named
Professional and Business Service,Round13,1,Private Equity and Venture Capital,Canada,,FALSE,Named
Professional and Business Service,Runa Capital,1,Private Equity and Venture Capital,United States,,FALSE,Named
Professional and Business Service,Ruttenberg Gordon,1,Private Equity and Venture Capital,United States,,FALSE,Named
Professional and Business Service,Ryan Sports Ventures,1,Family Office,United States,,FALSE,Named
Professional and Business Service,Ryecroft Glenton Corporate Finance,1,Corporate,United Kingdom,,FALSE,Named
Professional and Business Service,SAIC Capital,1,Private Equity and Venture Capital,United States,,FALSE,Named
Professional and Business Service,SB ISAT Fund,1,Private Equity and Venture Capital,Indonesia,,FALSE,Named
Professional and Business Service,SGInnovate,1,Private Equity and Venture Capital,Singapore,,FALSE,Named
Professional and Business Service,SJL Partners,1,Private Equity and Venture Capital,"Korea, Republic Of (South Korea)",,FALSE,Named
Professional and Business Service,SKC Co,1,Corporate,"Korea, Republic Of (South Korea)",,FALSE,Named
Professional and Business Service,SLB Ventures,1,Corporate,United States,,FALSE,Named
Professional and Business Service,SOSV,1,Accelerator,United States,,FALSE,Named
Professional and Business Service,SPWOne,1,Private Investment Vehicle,United Kingdom,,FALSE,Named
Professional and Business Service,SSE Ventures,1,Corporate,United Kingdom,,FALSE,Named
Professional and Business Service,SV7 Impact Medicine Fund,1,Private Equity and Venture Capital,United Kingdom,,FALSE,Named
Professional and Business Service,SWEN Blue Ocean,1,Private Equity and Venture Capital,France,,FALSE,Named
Professional and Business Service,Saatchi & Saatchi,1,Corporate,United Kingdom,,FALSE,Named
Professional and Business Service,Sabadell Capital,1,Corporate,Spain,,FALSE,Named
Professional and Business Service,Sabanci,1,Private Equity and Venture Capital,Turkey,,FALSE,Named
Professional and Business Service,Sabre Insurance,1,Corporate,United Kingdom,,FALSE,Named
Professional and Business Service,Sage,1,Corporate,United Kingdom,,FALSE,Named
Professional and Business Service,Sana Kliniken AG,1,Corporate,Germany,,FALSE,Named
Professional and Business Service,Sanctor Capital,1,Private Equity and Venture Capital,Puerto Rico,,FALSE,Named
Professional and Business Service,Sanofi,1,Private Equity and Venture Capital,United States,,FALSE,Named
Professional and Business Service,Sapphire Capital Partners,1,Private Equity and Venture Capital,United Kingdom,,FALSE,Named
Professional and Business Service,Saranac Partners,1,Private Investment Vehicle,United Kingdom,,FALSE,Named
Professional and Business Service,Saudi Aramco,1,Corporate,Saudi Arabia,,FALSE,Named
Professional and Business Service,Scalar North Capital,1,Family Office,United Kingdom,,FALSE,Named
Professional and Business Service,Schneider,1,Corporate,France,,FALSE,Named
Professional and Business Service,Scopely,1,Corporate,United States,,FALSE,Named
Professional and Business Service,SeAH Wind,1,Corporate,"Korea, Republic Of (South Korea)",,FALSE,Named
Professional and Business Service,Searchlight Capital Partners,1,Private Equity and Venture Capital,United States,,FALSE,Named
Professional and Business Service,Sectoral Asset Management,1,Specialist Lender,Canada,,FALSE,Named
Professional and Business Service,Seedrocket 4Founders Capital,1,Private Equity and Venture Capital,Spain,,FALSE,Named
Professional and Business Service,SemperVirens,1,Private Equity and Venture Capital,United States,,FALSE,Named
Professional and Business Service,Seneca Partners,1,Private Equity and Venture Capital,United Kingdom,,FALSE,Named
Professional and Business Service,Seventure Partners,1,Private Equity and Venture Capital,France,,FALSE,Named
Professional and Business Service,Shackleton Ventures,1,Private Equity and Venture Capital,United Kingdom,,FALSE,Named
Professional and Business Service,Shard Capital,1,Asset Management,United Kingdom,,FALSE,Named
Professional and Business Service,Shearwater Healthcare Solutions,1,Corporate,United Kingdom,,FALSE,Named
Professional and Business Service,Sheffield City Region Local Enterprise Partnership (LEP),1,Local and Regional Government,United Kingdom,,FALSE,Named
Professional and Business Service,Shell,1,Corporate,United Kingdom,,FALSE,Named
Professional and Business Service,Shinhan Investment Private Equity,1,Private Equity and Venture Capital,"Korea, Republic Of (South Korea)",,FALSE,Named
Professional and Business Service,Shopify,1,Corporate,Canada,,FALSE,Named
Professional and Business Service,SignalFire,1,Private Equity and Venture Capital,United States,,FALSE,Named
Professional and Business Service,SilverTree Equity,1,Private Equity and Venture Capital,United Kingdom,,FALSE,Named
Professional and Business Service,Simcah Management,1,Asset Management,United States,,FALSE,Named
Professional and Business Service,Singapore Power,1,Corporate,Singapore,,FALSE,Named
Professional and Business Service,SixThirty Ventures,1,Private Equity and Venture Capital,United States,,FALSE,Named
Professional and Business Service,Sixth Element Capital,1,Private Equity and Venture Capital,United Kingdom,,FALSE,Named
Professional and Business Service,Sky,1,Corporate,United Kingdom,,FALSE,Named
Professional and Business Service,Skyviews Life Science,1,Private Equity and Venture Capital,Switzerland,,FALSE,Named
Professional and Business Service,Smash Capital,1,Private Equity and Venture Capital,United States,,FALSE,Named
Professional and Business Service,Snam,1,State-owned enterprise (SOE) / Corporate strategic investor,Italy,,FALSE,Named
Professional and Business Service,Snowflake,1,Corporate,United States,,FALSE,Named
Professional and Business Service,Social Investment Scotland (SIS),1,Charity/Not-for-profit company,United Kingdom,,FALSE,Named
Professional and Business Service,Sofina,1,Private Equity and Venture Capital,Belgium,,FALSE,Named
Professional and Business Service,Solano Partners,1,Bank,United Kingdom,,FALSE,Named
Professional and Business Service,Soleus Capital,1,Private Equity and Venture Capital,United States,,FALSE,Named
Professional and Business Service,Solon Ventures,1,Private Equity and Venture Capital,United Kingdom,,FALSE,Named
Professional and Business Service,Sonae IM,1,Corporate,Portugal,,FALSE,Named
Professional and Business Service,Sony Corporation,1,Corporate,Japan,,FALSE,Named
Professional and Business Service,Sosei,1,Corporate,Japan,,FALSE,Named
Professional and Business Service,Souter Investments LLP,1,Family Office,United Kingdom,,FALSE,Named
Professional and Business Service,Space Angels,1,Angel Network,United States,,FALSE,Named
Professional and Business Service,Spark Capital Partners,1,Private Equity and Venture Capital,United States,,FALSE,Named
Professional and Business Service,Speedinvest,1,Private Equity and Venture Capital,Austria,,FALSE,Named
Professional and Business Service,Spice Capital,1,Family Office,United Kingdom,,FALSE,Named
Professional and Business Service,Spire Ventures,1,Private Equity and Venture Capital,United Kingdom,,FALSE,Named
Professional and Business Service,Spring Partners,1,Private Equity and Venture Capital,Japan,,FALSE,Named
Professional and Business Service,Standard Chartered,1,Bank,United Kingdom,,FALSE,Named
Professional and Business Service,Standard Life Aberdeen,1,Asset Management,United Kingdom,UK pension funds,FALSE,Named
Professional and Business Service,StepStone Group,1,Asset Management,United Kingdom,,FALSE,Named
Professional and Business Service,Stone Point Capital,1,Private Equity and Venture Capital,United States,,FALSE,Named
Professional and Business Service,Strategic Innovation Fund,1,Central Government,United Kingdom,,FALSE,Named
Professional and Business Service,Stride.VC,1,Private Equity and Venture Capital,United Kingdom,,FALSE,Named
Professional and Business Service,Structural Capital,1,Private Equity and Venture Capital,United States,,FALSE,Named
Professional and Business Service,Sucden Ventures,1,Corporate,France,,FALSE,Named
Professional and Business Service,Suffolk Ventures,1,Private Equity and Venture Capital,United States,,FALSE,Named
Professional and Business Service,Sulis Seedcorn Fund,1,Private Equity and Venture Capital,United Kingdom,,FALSE,Named
Professional and Business Service,Sumitomo Corporation,1,Corporate,Japan,,FALSE,Named
Professional and Business Service,Summit Action Fund,1,Private Equity and Venture Capital,United States,,FALSE,Named
Professional and Business Service,Sunley House Capital Management,1,Asset Management,United States,,FALSE,Named
Professional and Business Service,Sunstone Capital,1,Private Equity and Venture Capital,Denmark,,FALSE,Named
Professional and Business Service,Surplus,1,Private Equity and Venture Capital,Germany,,FALSE,Named
Professional and Business Service,Sustainable Development Capital LLP (SDCL),1,Asset Management,United Kingdom,,FALSE,Named
Professional and Business Service,Swiss Post,1,State-owned enterprise (SOE) / Corporate strategic investor,Switzerland,,FALSE,Named
Professional and Business Service,Symphony Technology Group,1,Private Equity and Venture Capital,United States,,FALSE,Named
Professional and Business Service,Synova,1,Private Equity and Venture Capital,United Kingdom,,FALSE,Named
Professional and Business Service,System.One,1,Private Equity and Venture Capital,Germany,,FALSE,Named
Professional and Business Service,Söderberg & Partners,1,,,,,Named
Professional and Business Service,T J Morris (Investments) Ltd,1,Private Equity and Venture Capital,United Kingdom,,FALSE,Named
Professional and Business Service,TA Associates,1,Private Equity and Venture Capital,United States,,FALSE,Named
Professional and Business Service,TDR Capital,1,Private Equity and Venture Capital,United Kingdom,,FALSE,Named
Professional and Business Service,TED Global,1,Charity/Not-for-profit company,United States,,FALSE,Named
Professional and Business Service,TIRTA,1,Private Equity and Venture Capital,United States,,FALSE,Named
Professional and Business Service,TNI Fund LP,1,Private Equity and Venture Capital,United Kingdom,,FALSE,Named
Professional and Business Service,TOMS Capital,1,Asset Management,United States,,FALSE,Named
Professional and Business Service,TRICAPITAL Angels Limited,1,Angel Network,United Kingdom,,FALSE,Named
Professional and Business Service,TRINE,1,Crowd funding,Sweden,,FALSE,Named
Professional and Business Service,TTP Ventures,1,Private Equity and Venture Capital,United Kingdom,,FALSE,Named
Professional and Business Service,TTV Capital,1,Private Equity and Venture Capital,United States,,FALSE,Named
Professional and Business Service,Tapestry,1,Corporate,United States,,FALSE,Named
Professional and Business Service,TechNexus,1,Private Equity and Venture Capital,United States,,FALSE,Named
Professional and Business Service,Technology Crossover Ventures,1,Private Equity and Venture Capital,United States,,FALSE,Named
Professional and Business Service,Technology Venture Partners,1,Private Equity and Venture Capital,United States,,FALSE,Named
Professional and Business Service,Techstart Ventures,1,Private Equity and Venture Capital,United Kingdom,,FALSE,Named
Professional and Business Service,Tekfen Ventures,1,Corporate,United States,,FALSE,Named
Professional and Business Service,Tekla Capital Management,1,Private Equity and Venture Capital,United States,,FALSE,Named
Professional and Business Service,Tennants Ventures,1,Private Equity and Venture Capital,United Kingdom,,FALSE,Named
Professional and Business Service,Tern PLC,1,Private Equity and Venture Capital,United Kingdom,,FALSE,Named
Professional and Business Service,Tetragon,1,Asset Management,United States,,FALSE,Named
Professional and Business Service,The Accelerator Group,1,Accelerator,United Kingdom,,FALSE,Named
Professional and Business Service,The Autism Impact Fund,1,Private Investment Vehicle,United States,,FALSE,Named
Professional and Business Service,The Bill & Melinda Gates Foundation,1,Charity/Not-for-profit company,United Kingdom,,FALSE,Named
Professional and Business Service,The Column Group,1,Private Equity and Venture Capital,United States,,FALSE,Named
Professional and Business Service,The Dow Chemical Company,1,Corporate,United States,,FALSE,Named
Professional and Business Service,The Financial Times,1,Corporate,United Kingdom,,FALSE,Named
Professional and Business Service,The Gores Group,1,Private Equity and Venture Capital,United States,,FALSE,Named
Professional and Business Service,The New York Times Company,1,Corporate,United States,,FALSE,Named
Professional and Business Service,The Rise Fund,1,Private Equity and Venture Capital,United States,,FALSE,Named
Professional and Business Service,The Sandpit,1,Private Equity and Venture Capital,United Kingdom,,FALSE,Named
Professional and Business Service,TheFamily,1,Accelerator,France,,FALSE,Named
Professional and Business Service,Third Stream Partners,1,Private Equity and Venture Capital,United States,,FALSE,Named
Professional and Business Service,Thomson Reuters,1,Corporate,Canada,,FALSE,Named
Professional and Business Service,Threesixty,1,Corporate,United Kingdom,,FALSE,Named
Professional and Business Service,Thrive Capital,1,Private Equity and Venture Capital,United States,,FALSE,Named
Professional and Business Service,Tifosy,1,Crowd funding,United Kingdom,,FALSE,Named
Professional and Business Service,Tikehau Capital,1,Asset Management,France,,FALSE,Named
Professional and Business Service,Torch Capital,1,Private Equity and Venture Capital,United States,,FALSE,Named
Professional and Business Service,Toshiba,1,Commercialisation Company,Japan,,FALSE,Named
Professional and Business Service,Tracsis,1,Corporate,United Kingdom,,FALSE,Named
Professional and Business Service,TransUnion,1,Corporate,United States,,FALSE,Named
Professional and Business Service,Transition Level Investments,1,Private Equity and Venture Capital,Australia,,FALSE,Named
Professional and Business Service,Trend Investment Group,1,Private Investment Vehicle,United Kingdom,,FALSE,Named
Professional and Business Service,Tribe Capital,1,Private Equity and Venture Capital,United States,,FALSE,Named
Professional and Business Service,Tribeca Early Stage Partners,1,Private Equity and Venture Capital,United States,,FALSE,Named
Professional and Business Service,Trillium International,1,Private Equity and Venture Capital,United Arab Emirates,,FALSE,Named
Professional and Business Service,Trimble Ventures,1,Corporate,United States,,FALSE,Named
Professional and Business Service,True Ventures,1,Private Equity and Venture Capital,United States,,FALSE,Named
Professional and Business Service,True.,1,Private Equity and Venture Capital,United Kingdom,,FALSE,Named
Professional and Business Service,Trusted Business Partner (TBP),1,Corporate,United Kingdom,,FALSE,Named
Professional and Business Service,Tudor Group,1,Asset Management,United States,,FALSE,Named
Professional and Business Service,Turn Sports Investments,1,Family Office,Singapore,,FALSE,Named
Professional and Business Service,Turner International,1,Corporate,United States,,FALSE,Named
Professional and Business Service,Turquoise International,1,Merchant Bank,United Kingdom,,FALSE,Named
Professional and Business Service,U-Start Club,1,Private Equity and Venture Capital,Italy,,FALSE,Named
Professional and Business Service,UBS,1,Bank,Switzerland,,FALSE,Bank/Loan
Professional and Business Service,UCL Business,1,Commercialisation Company,United Kingdom,,FALSE,Named
Professional and Business Service,UFP Fintech,1,Private Equity and Venture Capital,United Kingdom,,FALSE,Named
Professional and Business Service,UPMC Enterprises,1,Corporate,United States,,FALSE,Named
Professional and Business Service,UTokyo Innovation Platform Co.,1,University,Japan,,FALSE,Named
Professional and Business Service,Uberior Investments,1,Private Equity and Venture Capital,United Kingdom,,FALSE,Named
Professional and Business Service,United Ventures,1,Private Equity and Venture Capital,Italy,,FALSE,Named
Professional and Business Service,University of Chicago Medicine,1,University,United States,,FALSE,Named
Professional and Business Service,University of Newcastle,1,University,United Kingdom,,FALSE,Named
Professional and Business Service,University of Strathclyde,1,University,United Kingdom,,FALSE,Named
Professional and Business Service,University of Tokyo Edge Capital,1,University,Japan,,FALSE,Named
Professional and Business Service,VNV Global (Vostok New Ventures),1,Private Equity and Venture Capital,Bermuda,,FALSE,Named
Professional and Business Service,VU Venture Partners,1,Private Equity and Venture Capital,United States,,FALSE,Named
Professional and Business Service,Valcor Ventures LLC,1,Private Equity and Venture Capital,United States,,FALSE,Named
Professional and Business Service,Vanderbilt University,1,University,United States,,FALSE,Named
Professional and Business Service,Various,1,Business Angel(s),,,FALSE,Named
Professional and Business Service,Venture Science,1,Private Equity and Venture Capital,United States,,FALSE,Named
Professional and Business Service,Vertex Pharmaceuticals,1,Corporate,United States,,FALSE,Named
Professional and Business Service,Vesta Ventures,1,Private Equity and Venture Capital,United States,,FALSE,Named
Professional and Business Service,VilCap,1,Accelerator,United States,,FALSE,Named
Professional and Business Service,Vipshop,1,Corporate,China,,FALSE,Named
Professional and Business Service,Vita Spring,1,Private Investment Vehicle,Hong Kong,,FALSE,Named
Professional and Business Service,Volition Capital,1,Private Equity and Venture Capital,United States,,FALSE,Named
Professional and Business Service,WACKER Chemie AG,1,Corporate,Germany,,FALSE,Named
Professional and Business Service,Wallace Equity,1,Private Equity and Venture Capital,United Kingdom,,FALSE,Named
Professional and Business Service,Warburg Pincus,1,Private Equity and Venture Capital,United States,,FALSE,Named
Professional and Business Service,Warwick Capital Partners,1,Private Equity and Venture Capital,United Kingdom,,FALSE,Named
Professional and Business Service,Watrium,1,Family Office,Norway,,FALSE,Named
Professional and Business Service,Wells Fargo,1,Private Equity and Venture Capital,United States,,FALSE,Named
Professional and Business Service,Welsh Government,1,Central Government,United Kingdom,,FALSE,Named
Professional and Business Service,West Hill Capital,1,Private Equity and Venture Capital,United Kingdom,,FALSE,Named
Professional and Business Service,West Midlands Enterprise,1,Private Equity and Venture Capital,United Kingdom,,FALSE,Named
Professional and Business Service,Wharton Asset Management,1,Family Office,United Kingdom,,FALSE,Named
Professional and Business Service,White Star Capital,1,Private Equity and Venture Capital,United Kingdom,,FALSE,Named
Professional and Business Service,Whiterock Finance,1,Specialist Lender,United Kingdom,,TRUE,Named
Professional and Business Service,Winton Ventures,1,Corporate,United Kingdom,,FALSE,Named
Professional and Business Service,WndrCo,1,Private Equity and Venture Capital,United States,,FALSE,Named
Professional and Business Service,Wonik Investments,1,Private Equity and Venture Capital,"Korea, Republic Of (South Korea)",,FALSE,Named
Professional and Business Service,World Gold Council,1,Corporate,United Kingdom,,FALSE,Named
Professional and Business Service,Worldpay Group,1,Corporate,United Kingdom,,FALSE,Named
Professional and Business Service,Wren Capital LLP,1,Private Equity and Venture Capital,United Kingdom,,FALSE,Named
Professional and Business Service,Wyelands Capital,1,Bank,United Kingdom,,FALSE,Named
Professional and Business Service,Wylie Family Trust,1,Family Office,Australia,,FALSE,Named
Professional and Business Service,XTX Markets,1,Asset Management,United Kingdom,,FALSE,Named
Professional and Business Service,XV Capital,1,Private Equity and Venture Capital,Australia,,FALSE,Named
Professional and Business Service,Xeraya Capital,1,Private Equity and Venture Capital,Malaysia,,FALSE,Named
Professional and Business Service,Xponova,1,Private Equity and Venture Capital,Australia,,FALSE,Named
Professional and Business Service,XtalPi Inc,1,Corporate,United States,,FALSE,Named
Professional and Business Service,Y Combinator,1,Accelerator,United States,,FALSE,Named
Professional and Business Service,Yorkshire Association of Business Angels,1,Angel Network,United Kingdom,,FALSE,Named
Professional and Business Service,Yuga Labs,1,Corporate,United States,,FALSE,Named
Professional and Business Service,ZAIS Group,1,Asset Management,United States,,FALSE,Named
Professional and Business Service,ZF,1,Private Equity and Venture Capital,Germany,,FALSE,Named
Professional and Business Service,Zebra Technologies,1,Corporate,United States,,FALSE,Named
Professional and Business Service,Zhejiang Silk Road Fund,1,Asset Management,China,,FALSE,Named
Professional and Business Service,Zinal Growth,1,Private Equity and Venture Capital,United Kingdom,,FALSE,Named
Professional and Business Service,Zoopla Property Group,1,Corporate,United Kingdom,,FALSE,Named
Professional and Business Service,aMoon Fund,1,Private Equity and Venture Capital,Israel,,FALSE,Named
Professional and Business Service,b2venture,1,Private Equity and Venture Capital,Germany,,FALSE,Named
Professional and Business Service,eVentures,1,Private Equity and Venture Capital,United States,,FALSE,Named
Professional and Business Service,m8 Capital,1,Private Equity and Venture Capital,United Kingdom,,FALSE,Named
Professional and Business Service,nVent,1,Corporate,United States,,FALSE,Named
Transportation and storage,NatWest Group,13,Bank,United Kingdom,,TRUE,Named
Transportation and storage,HSBC,12,Bank,United Kingdom,,TRUE,Bank/Loan
Transportation and storage,Lloyds Banking Group,12,Private Equity and Venture Capital,United Kingdom,,FALSE,Bank/Loan
Transportation and storage,BGF (formerly Business Growth Fund),11,Private Equity and Venture Capital,United Kingdom,,FALSE,Named
Transportation and storage,Santander,10,Bank,Spain,,TRUE,Named
Transportation and storage,Business Angel(s),9,Business Angel(s),,,FALSE,Named
Transportation and storage,British Business Bank,7,Central Government,United Kingdom,,FALSE,Named
Transportation and storage,Asset and Equipment Finance,5,Bank,United Kingdom,,FALSE,Named
Transportation and storage,Barclays,5,Bank,United Kingdom,,TRUE,Named
Transportation and storage,Development Bank of Wales,5,Devolved Government,United Kingdom,,FALSE,Named
Transportation and storage,IP Group,4,Commercialisation Company,United Kingdom,,FALSE,Named
Transportation and storage,Virgin Money UK,4,Bank,United Kingdom,,FALSE,Named
Transportation and storage,CIBC (Canadian Imperial Bank of Commerce),3,Bank,Canada,,FALSE,Bank/Loan
Transportation and storage,Mercia Asset Management,3,Asset Management / Private Equity,United Kingdom,,TRUE,Named
Transportation and storage,Amber Infrastructure Group,2,Asset Management / Private Equity,United Kingdom,,FALSE,Named
Transportation and storage,Finance Yorkshire,2,Private Equity and Venture Capital,United Kingdom,,FALSE,Named
Transportation and storage,Inflexion Private Equity,2,Private Equity and Venture Capital,United Kingdom,,FALSE,Named
Transportation and storage,Infracapital,2,Corporate,United Kingdom,,FALSE,Named
Transportation and storage,KfW IPEX,2,European,Germany,,FALSE,Named
Transportation and storage,Mobeus,2,Private Equity and Venture Capital,United Kingdom,,TRUE,Named
Transportation and storage,Octopus Group,2,Asset Management / Private Equity,United Kingdom,,FALSE,Named
Transportation and storage,Scottish Enterprise,2,Devolved Government,United Kingdom,,FALSE,Named
Transportation and storage,Welsh Government,2,Central Government,United Kingdom,,FALSE,Government
Transportation and storage,Whiterock Finance,2,Specialist Lender,United Kingdom,,TRUE,Named
Transportation and storage,4J Studios,1,Corporate,United Kingdom,,FALSE,Named
Transportation and storage,ACF Investors,1,Private Equity and Venture Capital,United Kingdom,,FALSE,Named
Transportation and storage,AIB,1,Bank,Ireland,,FALSE,Bank/Loan
Transportation and storage,AXA,1,Corporate,France,,FALSE,Named
Transportation and storage,Accel-KKR,1,Private Equity and Venture Capital,United States,,FALSE,Named
Transportation and storage,Aioi Nissay Dowa Insurance,1,Corporate,United Kingdom,,FALSE,Named
Transportation and storage,Alcuin Capital Partners,1,Private Equity and Venture Capital,United Kingdom,,FALSE,Named
Transportation and storage,Allied Irish Bank / AIB Group,1,Family Office,United Kingdom,,FALSE,Named
Transportation and storage,American Airlines,1,Corporate,United States,,FALSE,Named
Transportation and storage,Aqua-Spark,1,Private Equity and Venture Capital,Netherlands,,FALSE,Named
Transportation and storage,Ashridge Capital,1,Private Equity and Venture Capital,United Kingdom,,FALSE,Named
Transportation and storage,Aviva,1,Corporate,United Kingdom,UK pension funds,FALSE,Named
Transportation and storage,Avolon,1,Private Equity and Venture Capital,United States,,FALSE,Named
Transportation and storage,BNW Investment Co,1,Private Equity and Venture Capital,"Korea, Republic Of (South Korea)",,FALSE,Named
Transportation and storage,BP,1,Corporate,United Kingdom,,FALSE,Named
Transportation and storage,Balderton Capital,1,Private Equity and Venture Capital,United Kingdom,,TRUE,Named
Transportation and storage,Bank of Scotland,1,Bank,United Kingdom,,TRUE,Bank/Loan
Transportation and storage,Beauport Partners,1,Private Equity and Venture Capital,Jersey,,FALSE,Named
Transportation and storage,Bibby Financial Services,1,Specialist Lender,United Kingdom,,FALSE,Named
Transportation and storage,Capital for Colleagues,1,Private Equity and Venture Capital,United Kingdom,,FALSE,Named
Transportation and storage,Carbon Direct Capital,1,Private Equity and Venture Capital,United States,,FALSE,Named
Transportation and storage,Chalfen Ventures,1,Private Equity and Venture Capital,United Kingdom,,FALSE,Named
Transportation and storage,Chiltern Capital,1,Private Equity and Venture Capital,United Kingdom,,FALSE,Named
Transportation and storage,Clean Growth Investment Management,1,Private Equity and Venture Capital,United Kingdom,,FALSE,Named
Transportation and storage,Close Brothers,1,Merchant Bank,United Kingdom,,FALSE,Named
Transportation and storage,CommerzVentures,1,Private Equity and Venture Capital,Germany,,FALSE,Named
Transportation and storage,Communitas Capital Partners,1,Private Equity and Venture Capital,United States,,FALSE,Named
Transportation and storage,Corporate Growth Capital,1,Bank,United Kingdom,,FALSE,Named
Transportation and storage,DST Global,1,Private Equity and Venture Capital,United States,,FALSE,Named
Transportation and storage,Daishin Private Equity,1,Private Equity and Venture Capital,"Korea, Republic Of (South Korea)",,FALSE,Named
Transportation and storage,Danish Green Futures Fund,1,Government,Denmark,,FALSE,Named
Transportation and storage,Danske Bank,1,Bank,Denmark,,FALSE,Bank/Loan
Transportation and storage,"Department for Science, Innovation and Technology (DSIT)",1,Central Government,United Kingdom,,FALSE,Named
Transportation and storage,Doxa Partners,1,Private Equity and Venture Capital,United Kingdom,,FALSE,Named
Transportation and storage,ENEOS Innovation Partners,1,Corporate,Japan,,FALSE,Named
Transportation and storage,Earth Capital,1,Private Equity and Venture Capital,United Kingdom,,FALSE,Named
Transportation and storage,East Lodge Capital,1,Private Equity and Venture Capital,United Kingdom,,FALSE,Named
Transportation and storage,Eguchi Iwao,1,Corporate,United Kingdom,,FALSE,Named
Transportation and storage,Elecnor Deimos Space,1,Corporate,Spain,,FALSE,Named
Transportation and storage,Export & Investment Fund of Denmark,1,Central Government,Denmark,,FALSE,Named
Transportation and storage,FJ Labs,1,Private Equity and Venture Capital,United States,,FALSE,Named
Transportation and storage,FSE Group,1,Private Equity and Venture Capital,United Kingdom,,TRUE,Named
Transportation and storage,Fontinalis Partners,1,Private Equity and Venture Capital,United Kingdom,,FALSE,Named
Transportation and storage,Frontier Development Capital,1,Private Equity and Venture Capital,United Kingdom,,TRUE,Named
Transportation and storage,Funding Circle,1,Crowd funding,United Kingdom,,TRUE,Named
Transportation and storage,GK Goh Group,1,Corporate,Singapore,,FALSE,Named
Transportation and storage,GLy Capital Management,1,Private Equity and Venture Capital,Hong Kong,,FALSE,Named
Transportation and storage,GenZero,1,Private Equity and Venture Capital,Singapore,,FALSE,Named
Transportation and storage,General Catalyst,1,Private Equity and Venture Capital,United States,,FALSE,Named
Transportation and storage,Getting Building Fund,1,Central Government,United Kingdom,,FALSE,Named
Transportation and storage,Google,1,Corporate,United States,,FALSE,Named
Transportation and storage,Gravis Capital Partners (GCP) Infrastructure Fund,1,Private Equity and Venture Capital,United Kingdom,,FALSE,Named
Transportation and storage,Greater Manchester Combined Authority,1,Local and Regional Government,United Kingdom,,FALSE,Named
Transportation and storage,Growth Lending Group,1,Specialist Lender,United Kingdom,,FALSE,Bank/Loan
Transportation and storage,Gulf Oil International,1,Corporate,Cayman Islands,,FALSE,Named
Transportation and storage,GuoGuang Electric Co,1,Corporate,China,,FALSE,Named
Transportation and storage,HM Treasury,1,Central Government,United Kingdom,,FALSE,Named
Transportation and storage,Halma,1,Corporate,United Kingdom,,FALSE,Named
Transportation and storage,Handelsbanken,1,Bank,Sweden,,FALSE,Bank/Loan
Transportation and storage,Harrock Investments,1,Private Equity and Venture Capital,United Kingdom,,FALSE,Named
Transportation and storage,Heartcore Capital,1,Private Equity and Venture Capital,Denmark,,FALSE,Named
Transportation and storage,High-Tech Gründerfonds (HTGF),1,,,,,Named
Transportation and storage,Highlands and Islands Enterprise,1,Local and Regional Government,United Kingdom,,FALSE,Named
Transportation and storage,Honeywell,1,Corporate,United States,,FALSE,Named
Transportation and storage,Hoplon Investment Partners,1,Private Equity and Venture Capital,United Kingdom,,FALSE,Named
Transportation and storage,Hostplus,1,Asset Management,Australia,,FALSE,Named
Transportation and storage,Humber Local Enterprise Partnership,1,Government,United Kingdom,,FALSE,Named
Transportation and storage,InMotion Ventures,1,Corporate,United Kingdom,,FALSE,Named
Transportation and storage,Index Ventures,1,Private Equity and Venture Capital,United Kingdom,,FALSE,Named
Transportation and storage,Ingevity,1,Corporate,United States,,FALSE,Named
Transportation and storage,Innovate UK (IUK),1,Central Government,United Kingdom,,FALSE,Named
Transportation and storage,Insight Partners,1,Private Equity and Venture Capital,United States,,FALSE,Named
Transportation and storage,Insurtech Gateway,1,Private Equity and Venture Capital,United Kingdom,,FALSE,Named
Transportation and storage,Intermediate Capital Group,1,Asset Management / Private Equity,United Kingdom,,FALSE,Named
Transportation and storage,Invesco,1,Asset Management,United States,,FALSE,Named
Transportation and storage,Investec Bank,1,Bank,United Kingdom,,FALSE,Named
Transportation and storage,JPMorgan Chase & Co,1,Asset Management,United States,,FALSE,Named
Transportation and storage,Jacobs,1,Corporate,United States,,FALSE,Named
Transportation and storage,JamJar Investments,1,Private Investment Vehicle,United Kingdom,,TRUE,Named
Transportation and storage,Jera,1,Corporate,Japan,,FALSE,Named
Transportation and storage,KKR,1,Private Equity and Venture Capital,United States,,FALSE,Named
Transportation and storage,Keolis,1,Corporate,France,,FALSE,Named
Transportation and storage,Key Capital Partners,1,Private Equity and Venture Capital,United Kingdom,,FALSE,Named
Transportation and storage,Keyhaven Capital Partners,1,Private Equity and Venture Capital,United Kingdom,,FALSE,Named
Transportation and storage,Kibo Invest,1,Family Office,Singapore,,FALSE,Named
Transportation and storage,Kiwoom,1,Merchant Bank,"Korea, Republic Of (South Korea)",,FALSE,Named
Transportation and storage,Kouros,1,Family Office,France,,FALSE,Named
Transportation and storage,LCA Investments,1,Family Office,United Kingdom,,FALSE,Named
Transportation and storage,Latitude Investment Management,1,Asset Management,United Kingdom,,FALSE,Named
Transportation and storage,Legal & General,1,Corporate,United Kingdom,UK pension funds,FALSE,Named
Transportation and storage,Lepe Partners,1,Merchant Bank,United Kingdom,,FALSE,Named
Transportation and storage,Lightrock,1,Private Equity and Venture Capital,United Kingdom,,FALSE,Named
Transportation and storage,Livingbridge EP,1,Private Equity and Venture Capital,United Kingdom,,FALSE,Named
Transportation and storage,Longwall Venture Partners,1,Private Equity and Venture Capital,United Kingdom,,FALSE,Named
Transportation and storage,MMC Ventures,1,Private Equity and Venture Capital,United Kingdom,,TRUE,Named
Transportation and storage,MUFG Innovation Partners,1,Corporate,Japan,,FALSE,Named
Transportation and storage,Macquarie Group,1,Merchant Bank,Australia,,FALSE,Named
Transportation and storage,Magnetar,1,Corporate,United States,,FALSE,Named
Transportation and storage,MasterCard,1,Corporate,United States,,FALSE,Named
Transportation and storage,Maven Capital Partners UK LLP,1,Private Equity and Venture Capital,United Kingdom,,FALSE,Named
Transportation and storage,Metaplanet,1,Corporate,Estonia,,FALSE,Named
Transportation and storage,Metrea Discovery,1,Private Equity and Venture Capital,United Kingdom,,FALSE,Named
Transportation and storage,Microsoft,1,Corporate,United States,,FALSE,Named
Transportation and storage,Midven,1,Private Equity and Venture Capital,United Kingdom,,FALSE,Named
Transportation and storage,Mitsubishi HC Capital UK PLC,1,Corporate,Japan,,FALSE,Named
Transportation and storage,Monashees,1,Private Equity and Venture Capital,Brazil,,FALSE,Named
Transportation and storage,Morgan Stanley,1,Merchant Bank,United States,,FALSE,Named
Transportation and storage,Mosaic Ventures,1,Private Equity and Venture Capital,United Kingdom,,FALSE,Named
Transportation and storage,Mudrick Capital Management,1,Private Equity and Venture Capital,United States,,FALSE,Named
Transportation and storage,NEL Fund Managers,1,Private Equity and Venture Capital,United Kingdom,,TRUE,Named
Transportation and storage,NFU Mutual,1,Corporate,United Kingdom,,FALSE,Named
Transportation and storage,National Tooling Loan Fund,1,Private Equity and Venture Capital,United Kingdom,,FALSE,Named
Transportation and storage,Natixis,1,Merchant Bank,France,,FALSE,Named
Transportation and storage,Northstar Ventures,1,Private Equity and Venture Capital,United Kingdom,,FALSE,Named
Transportation and storage,Notion Capital Partners LLP,1,Private Equity and Venture Capital,United Kingdom,,FALSE,Named
Transportation and storage,Novuna,1,Corporate,United Kingdom,,FALSE,Named
Transportation and storage,OVO Energy,1,Corporate,United Kingdom,,FALSE,Named
Transportation and storage,Ocado,1,Corporate,United States,,FALSE,Named
Transportation and storage,Offshore Wind Manufacturing Investment Scheme,1,Central Government,United Kingdom,,FALSE,Named
Transportation and storage,Oxford Innovation Finance,1,Angel Network,United Kingdom,,FALSE,Named
Transportation and storage,Par Equity,1,Private Equity and Venture Capital,United Kingdom,,FALSE,Named
Transportation and storage,Partnerships UK,1,Government,United Kingdom,,FALSE,Named
Transportation and storage,Pembroke Investment Managers LLP,1,Private Equity and Venture Capital,United Kingdom,,FALSE,Named
Transportation and storage,Penta Capital,1,Private Equity and Venture Capital,United Kingdom,,FALSE,Named
Transportation and storage,Phoenix Court Group,1,Private Equity and Venture Capital,United Kingdom,,FALSE,Named
Transportation and storage,Porton Capital,1,Private Equity and Venture Capital,United Kingdom,,FALSE,Named
Transportation and storage,Primary Capital,1,Private Equity and Venture Capital,United Kingdom,,FALSE,Named
Transportation and storage,Promethean Investments LLP,1,Private Equity and Venture Capital,United Kingdom,,FALSE,Named
Transportation and storage,Raven Ventures,1,Private Equity and Venture Capital,Australia,,FALSE,Named
Transportation and storage,Republic,1,Crowd funding,United States,,FALSE,Named
Transportation and storage,Risk Capital Partners,1,Private Equity and Venture Capital,United Kingdom,,FALSE,Named
Transportation and storage,Rolls-Royce,1,Corporate,United Kingdom,,FALSE,Named
Transportation and storage,SAP,1,Corporate,United States,,FALSE,Named
Transportation and storage,SJL Partners,1,Private Equity and Venture Capital,"Korea, Republic Of (South Korea)",,FALSE,Named
Transportation and storage,SKC Co,1,Corporate,"Korea, Republic Of (South Korea)",,FALSE,Named
Transportation and storage,Saker Capital,1,Private Equity and Venture Capital,United Arab Emirates,,FALSE,Named
Transportation and storage,Salica Investments,1,Asset Management / Private Equity,United Kingdom,,TRUE,Named
Transportation and storage,Sandton Capital Partners,1,Specialist Lender,United States,,FALSE,Named
Transportation and storage,Scottish Government,1,Devolved Government,United Kingdom,,FALSE,Bank/Loan
Transportation and storage,SeAH Wind,1,Corporate,"Korea, Republic Of (South Korea)",,FALSE,Named
Transportation and storage,Secure Trust Commercial Finance,1,Bank,United Kingdom,,FALSE,Named
Transportation and storage,Shawbrook Bank,1,Bank,United Kingdom,,TRUE,Named
Transportation and storage,Shell,1,Corporate,United Kingdom,,FALSE,Named
Transportation and storage,Shinhan Investment Private Equity,1,Private Equity and Venture Capital,"Korea, Republic Of (South Korea)",,FALSE,Named
Transportation and storage,Smedvig Capital,1,Family Office,United Kingdom,,FALSE,Named
Transportation and storage,Souter Investments LLP,1,Family Office,United Kingdom,,FALSE,Named
Transportation and storage,Stolt-Nielsen,1,Corporate,United Kingdom,,FALSE,Named
Transportation and storage,Stride.VC,1,Private Equity and Venture Capital,United Kingdom,,FALSE,Named
Transportation and storage,SyndicateRoom,1,Crowd funding,United Kingdom,,TRUE,Named
Transportation and storage,T J Morris (Investments) Ltd,1,Private Equity and Venture Capital,United Kingdom,,FALSE,Named
Transportation and storage,TDR Capital,1,Private Equity and Venture Capital,United Kingdom,,FALSE,Named
Transportation and storage,TEPCO,1,State-owned enterprise (SOE) / Corporate strategic investor,Japan,,FALSE,Named
Transportation and storage,TPG,1,Private Equity and Venture Capital,United States,,FALSE,Named
Transportation and storage,Target Global,1,Private Equity and Venture Capital,Germany,,FALSE,Named
Transportation and storage,Tencent,1,Corporate,China,,FALSE,Named
Transportation and storage,ThinCats,1,Specialist Lender,United Kingdom,,TRUE,Named
Transportation and storage,Tiger Infrastructure Partners,1,Asset Management / Private Equity,United States,,FALSE,Named
Transportation and storage,Toscafund Asset Management,1,Specialist Lender,United Kingdom,,FALSE,Named
Transportation and storage,Trimble Ventures,1,Corporate,United States,,FALSE,Named
Transportation and storage,Tudor Group,1,Asset Management,United States,,FALSE,Named
Transportation and storage,Turquoise International,1,Merchant Bank,United Kingdom,,FALSE,Named
Transportation and storage,University of Warwick Science Park,1,University,United Kingdom,,FALSE,Named
Transportation and storage,Venture Science,1,Private Equity and Venture Capital,United States,,FALSE,Named
Transportation and storage,Verve Ventures,1,Private Equity and Venture Capital,Switzerland,,FALSE,Named
Transportation and storage,WACKER Chemie AG,1,Corporate,Germany,,FALSE,Named
Transportation and storage,Wallenius Wilhelmsen,1,Private Equity and Venture Capital,Norway,,FALSE,Named
Transportation and storage,Wealth Club,1,Angel Network,United Kingdom,,FALSE,Named
Transportation and storage,West Midlands Combined Authority (WMCA),1,Local and Regional Government,United Kingdom,,FALSE,Named
Transportation and storage,Woodford Investment Management,1,Private Equity and Venture Capital,United Kingdom,,FALSE,Named
Transportation and storage,ZF,1,Private Equity and Venture Capital,Germany,,FALSE,Named
Transportation and storage,m8 Capital,1,Private Equity and Venture Capital,United Kingdom,,FALSE,Named
Wholesale and retail,HSBC,65,Bank,United Kingdom,,TRUE,Named
Wholesale and retail,Business Angel(s),47,Business Angel(s),,,FALSE,Named
Wholesale and retail,British Business Bank,41,Central Government,United Kingdom,,FALSE,Government
Wholesale and retail,Lloyds Banking Group,35,Private Equity and Venture Capital,United Kingdom,,FALSE,Named
Wholesale and retail,BGF (formerly Business Growth Fund),26,Private Equity and Venture Capital,United Kingdom,,FALSE,Named
Wholesale and retail,NatWest Group,25,Bank,United Kingdom,,TRUE,Named
Wholesale and retail,Barclays,23,Bank,United Kingdom,,TRUE,Named
Wholesale and retail,Crowdcube,21,Crowd funding,United Kingdom,,FALSE,Crowdfunding
Wholesale and retail,Santander,21,Bank,Spain,,TRUE,Named
Wholesale and retail,Virgin Money UK,20,Bank,United Kingdom,,FALSE,Named
Wholesale and retail,Republic,13,Crowd funding,United States,,FALSE,Named
Wholesale and retail,Development Bank of Wales,10,Devolved Government,United Kingdom,,FALSE,Named
Wholesale and retail,FW Capital,10,Private Equity and Venture Capital,United Kingdom,,TRUE,Named
Wholesale and retail,Asset and Equipment Finance,9,Bank,United Kingdom,,FALSE,Named
Wholesale and retail,Mercia Asset Management,7,Asset Management / Private Equity,United Kingdom,,TRUE,Named
Wholesale and retail,Mobeus,7,Private Equity and Venture Capital,United Kingdom,,TRUE,Named
Wholesale and retail,Beringea,6,Private Equity and Venture Capital,United States,,FALSE,Named
Wholesale and retail,FSE Group,6,Private Equity and Venture Capital,United Kingdom,,TRUE,Named
Wholesale and retail,Piper Private Equity,6,Private Equity and Venture Capital,United Kingdom,,FALSE,Named
Wholesale and retail,Active Partners,5,Private Equity and Venture Capital,United Kingdom,,TRUE,Named
Wholesale and retail,Foresight Group,5,Asset Management / Private Equity,United Kingdom,,TRUE,Named
Wholesale and retail,Phoenix Court Group,5,Private Equity and Venture Capital,United Kingdom,,FALSE,Named
Wholesale and retail,Tata Steel,5,Corporate,India,,FALSE,Named
Wholesale and retail,Index Ventures,4,Private Equity and Venture Capital,United Kingdom,,FALSE,Named
Wholesale and retail,Maven Capital Partners UK LLP,4,Private Equity and Venture Capital,United Kingdom,,FALSE,Named
Wholesale and retail,Scottish EDGE,4,Charity/Not-for-profit company,United Kingdom,,FALSE,Named
Wholesale and retail,Whiterock Finance,4,Specialist Lender,United Kingdom,,TRUE,Named
Wholesale and retail,Balderton Capital,3,Private Equity and Venture Capital,United Kingdom,,TRUE,Named
Wholesale and retail,Carmen Busquets,3,Private Investment Vehicle,United Kingdom,,FALSE,Named
Wholesale and retail,General Catalyst,3,Private Equity and Venture Capital,United States,,FALSE,Named
Wholesale and retail,Growth Partner,3,Family Office,United Kingdom,,FALSE,Named
Wholesale and retail,Highland Europe,3,Private Equity and Venture Capital,United Kingdom,,FALSE,Named
Wholesale and retail,IW Capital,3,Private Equity and Venture Capital,United Kingdom,,FALSE,Named
Wholesale and retail,MMC Ventures,3,Private Equity and Venture Capital,United Kingdom,,TRUE,Named
Wholesale and retail,Molten Ventures,3,Private Equity and Venture Capital,United Kingdom,,FALSE,Named
Wholesale and retail,Scottish Enterprise,3,Devolved Government,United Kingdom,,FALSE,Named
Wholesale and retail,Techstart Ventures,3,Private Equity and Venture Capital,United Kingdom,,FALSE,Named
Wholesale and retail,UK Export Finance,3,Central Government,United Kingdom,,FALSE,Named
Wholesale and retail,Various,3,Business Angel(s),,,FALSE,Named
Wholesale and retail,24Haymarket,2,Angel Network,United Kingdom,,TRUE,Named
Wholesale and retail,Acton Capital Partners,2,Private Equity and Venture Capital,Germany,,FALSE,Named
Wholesale and retail,Albion Capital Group,2,Private Equity and Venture Capital,United Kingdom,,FALSE,Named
Wholesale and retail,Allied Irish Bank / AIB Group,2,Family Office,United Kingdom,,FALSE,Bank/Loan
Wholesale and retail,Angels Den,2,Angel Network,United Kingdom,,FALSE,Named
Wholesale and retail,Bank of Scotland,2,Bank,United Kingdom,,TRUE,Bank/Loan
Wholesale and retail,Bibby Financial Services,2,Specialist Lender,United Kingdom,,FALSE,Named
Wholesale and retail,Brookfield,2,Asset Management / Private Equity,Canada,,FALSE,Named
Wholesale and retail,Burda Principal Investments,2,Private Equity and Venture Capital,Germany,,FALSE,Named
Wholesale and retail,C4 Ventures,2,Private Equity and Venture Capital,France,,FALSE,Named
Wholesale and retail,Capital for Colleagues,2,Private Equity and Venture Capital,United Kingdom,,FALSE,Named
Wholesale and retail,Channel 4,2,State-owned enterprise (SOE) / Corporate strategic investor,United Kingdom,,FALSE,Named
Wholesale and retail,Close Brothers,2,Merchant Bank,United Kingdom,,FALSE,Named
Wholesale and retail,Connect Ventures,2,Private Equity and Venture Capital,United Kingdom,,FALSE,Named
Wholesale and retail,CrowdBnk,2,Crowd funding,United Kingdom,,FALSE,Named
Wholesale and retail,Downing,2,Private Equity and Venture Capital,United Kingdom,,FALSE,Named
Wholesale and retail,Felix Capital,2,Private Equity and Venture Capital,United Kingdom,,FALSE,Named
Wholesale and retail,First Enterprise,2,Specialist Lender,United Kingdom,,TRUE,Bank/Loan
Wholesale and retail,Forward Partners,2,Private Equity and Venture Capital,United Kingdom,,FALSE,Named
Wholesale and retail,Fuel Ventures,2,Private Equity and Venture Capital,United Kingdom,,FALSE,Named
Wholesale and retail,IP Group,2,Commercialisation Company,United Kingdom,,FALSE,Named
Wholesale and retail,Imbiba,2,Private Equity and Venture Capital,United Kingdom,,TRUE,Named
Wholesale and retail,Invest NI,2,Devolved Government,United Kingdom,,FALSE,Named
Wholesale and retail,JamJar Investments,2,Private Investment Vehicle,United Kingdom,,TRUE,Named
Wholesale and retail,L Catterton,2,Private Equity and Venture Capital,United States,,FALSE,Named
Wholesale and retail,LVMH,2,Corporate,France,,FALSE,Named
Wholesale and retail,Lansdowne Partners,2,Asset Management,United Kingdom,,FALSE,Named
Wholesale and retail,Livingbridge EP,2,Private Equity and Venture Capital,United Kingdom,,FALSE,Named
Wholesale and retail,Midmar Capital,2,Private Equity and Venture Capital,United Kingdom,,FALSE,Named
Wholesale and retail,Novator Partners,2,Private Investment Vehicle,Switzerland,,FALSE,Named
Wholesale and retail,OakNorth,2,Bank,United Kingdom,,FALSE,Bank/Loan
Wholesale and retail,Octopus Group,2,Asset Management / Private Equity,United Kingdom,,FALSE,Named
Wholesale and retail,PNC Financial Services,2,Specialist Lender,United Kingdom,,FALSE,Named
Wholesale and retail,Pembroke Investment Managers LLP,2,Private Equity and Venture Capital,United Kingdom,,FALSE,Named
Wholesale and retail,Praetura Group,2,Private Equity and Venture Capital,United Kingdom,,FALSE,Named
Wholesale and retail,Puma Investment Management,2,Asset Management,United Kingdom,,FALSE,Named
Wholesale and retail,Secure Trust Commercial Finance,2,Bank,United Kingdom,,FALSE,Named
Wholesale and retail,Soho Square Capital,2,Private Equity and Venture Capital,United Kingdom,,FALSE,Named
Wholesale and retail,South Yorkshire Investment Fund,2,Private Equity and Venture Capital,United Kingdom,,FALSE,Named
Wholesale and retail,SyndicateRoom,2,Crowd funding,United Kingdom,,TRUE,Named
Wholesale and retail,Target Global,2,Private Equity and Venture Capital,Germany,,FALSE,Named
Wholesale and retail,ThinCats,2,Specialist Lender,United Kingdom,,TRUE,Named
Wholesale and retail,Venrex Investment Management,2,Private Equity and Venture Capital,United Kingdom,,FALSE,Named
Wholesale and retail,1/0 Capital,1,Private Equity and Venture Capital,United States,,FALSE,Named
Wholesale and retail,13books Capital,1,Private Equity and Venture Capital,United Kingdom,,TRUE,Named
Wholesale and retail,14W,1,Private Equity and Venture Capital,United States,,FALSE,Named
Wholesale and retail,301 Inc,1,Corporate,United States,,FALSE,Named
Wholesale and retail,3i,1,Private Equity and Venture Capital,United Kingdom,,FALSE,Named
Wholesale and retail,500 Global,1,Private Equity and Venture Capital,United States,,FALSE,Named
Wholesale and retail,8 Miles,1,Private Equity and Venture Capital,United Kingdom,,FALSE,Named
Wholesale and retail,A.P. Moller Holding,1,Corporate,Denmark,,FALSE,Named
Wholesale and retail,ACE Ventures,1,Private Equity and Venture Capital,India,,FALSE,Named
Wholesale and retail,ACF Investors,1,Private Equity and Venture Capital,United Kingdom,,FALSE,Named
Wholesale and retail,ADM Capital,1,Private Equity and Venture Capital,Hong Kong,,FALSE,Named
Wholesale and retail,ADM Ventures,1,Private Equity and Venture Capital,United States,,FALSE,Named
Wholesale and retail,AIB,1,Bank,Ireland,,FALSE,Bank/Loan
Wholesale and retail,AURELIUS Group,1,Private Equity and Venture Capital,Germany,,FALSE,Named
Wholesale and retail,Abbey Commercial,1,Bank,Spain,,FALSE,Named
Wholesale and retail,Accel Partners,1,Private Equity and Venture Capital,United States,,FALSE,Named
Wholesale and retail,Aeternum Holdings,1,Family Office,Germany,,FALSE,Named
Wholesale and retail,Alliance Ventures,1,Corporate,Netherlands,,FALSE,Named
Wholesale and retail,Amadeus Capital Partners,1,Private Equity and Venture Capital,United Kingdom,,FALSE,Named
Wholesale and retail,Amsvest,1,Private Investment Vehicle,United Kingdom,,FALSE,Named
Wholesale and retail,Angel Capital Group,1,Angel Network,United Kingdom,,FALSE,Named
Wholesale and retail,Apater Capital,1,Private Equity and Venture Capital,United Kingdom,,FALSE,Named
Wholesale and retail,Ascension,1,Private Equity and Venture Capital,United Kingdom,,FALSE,Named
Wholesale and retail,Ashridge Capital,1,Private Equity and Venture Capital,United Kingdom,,FALSE,Named
Wholesale and retail,Asia West,1,Private Equity and Venture Capital,United States,,FALSE,Named
Wholesale and retail,Asset finance,1,Bank,United Kingdom,,FALSE,Named
Wholesale and retail,Atami Capital,1,Private Equity and Venture Capital,Isle Of Man,,FALSE,Named
Wholesale and retail,Aviva,1,Corporate,United Kingdom,UK pension funds,FALSE,Named
Wholesale and retail,BLUE14,1,Private Equity and Venture Capital,United Kingdom,,FALSE,Named
Wholesale and retail,BMS Finance,1,Specialist Lender,United Kingdom,,FALSE,Named
Wholesale and retail,BMW,1,Corporate,United States,,FALSE,Named
Wholesale and retail,Backed VC,1,Private Equity and Venture Capital,United Kingdom,,FALSE,Named
Wholesale and retail,Ballpark Ventures,1,Private Investment Vehicle,United Kingdom,,FALSE,Named
Wholesale and retail,Bank of Ireland,1,Bank,United Kingdom,,FALSE,Bank/Loan
Wholesale and retail,Barrow Cadbury Trust,1,Charity/Not-for-profit company,United Kingdom,,FALSE,Named
Wholesale and retail,Base Partners,1,Private Equity and Venture Capital,Brazil,,FALSE,Named
Wholesale and retail,Bayes Business School,1,University,United Kingdom,,FALSE,Named
Wholesale and retail,Beauport Partners,1,Private Equity and Venture Capital,Jersey,,FALSE,Named
Wholesale and retail,Berry Bros & Rudd,1,Corporate,United Kingdom,,FALSE,Named
Wholesale and retail,Bits x Bites,1,Private Equity and Venture Capital,China,,FALSE,Named
Wholesale and retail,Black River Ventures,1,Private Equity and Venture Capital,Russian Federation,,FALSE,Named
Wholesale and retail,Blazehill Capital,1,Specialist Lender,United Kingdom,,FALSE,Named
Wholesale and retail,Borski Fund,1,Private Equity and Venture Capital,Netherlands,,FALSE,Named
Wholesale and retail,Bosch,1,Corporate,Germany,,FALSE,Named
Wholesale and retail,Bridgehill Partners,1,Private Equity and Venture Capital,United Kingdom,,FALSE,Named
Wholesale and retail,Broadlake Capital,1,Private Equity and Venture Capital,Ireland,,FALSE,Named
Wholesale and retail,Business Finance Partnership Programme,1,Central Government,United Kingdom,,FALSE,Named
Wholesale and retail,CAVU Venture Partners,1,Private Equity and Venture Capital,United States,,FALSE,Named
Wholesale and retail,Canaccord Genuity Group,1,Merchant Bank,Canada,,FALSE,Named
Wholesale and retail,Capricorn Fund Managers,1,Asset Management,United Kingdom,,FALSE,Named
Wholesale and retail,Capstar Ventures,1,Private Equity and Venture Capital,United States,,FALSE,Named
Wholesale and retail,Cartesian Capital,1,Private Equity and Venture Capital,United States,,FALSE,Named
Wholesale and retail,Catamaran Ventures,1,Family Office,India,,FALSE,Named
Wholesale and retail,Chesterfield Borough Council,1,Local and Regional Government,United Kingdom,,FALSE,Named
Wholesale and retail,Chief Financial Capital,1,Private Investment Vehicle,United States,,FALSE,Named
Wholesale and retail,Chiltern Capital,1,Private Equity and Venture Capital,United Kingdom,,FALSE,Named
Wholesale and retail,Cibus Capital,1,Private Equity and Venture Capital,United Kingdom,,FALSE,Named
Wholesale and retail,Clarendon Fund Managers,1,Private Equity and Venture Capital,United Kingdom,,TRUE,Named
Wholesale and retail,Clark Group,1,Private Investment Vehicle,United Kingdom,,FALSE,Named
Wholesale and retail,Clay Capital,1,Private Equity and Venture Capital,Singapore,,FALSE,Named
Wholesale and retail,Clean Growth Investment Management,1,Private Equity and Venture Capital,United Kingdom,,FALSE,Named
Wholesale and retail,Clocktower Ventures,1,Private Equity and Venture Capital,United States,,FALSE,Named
Wholesale and retail,Cody Gate Ventures,1,Private Equity and Venture Capital,United Kingdom,,FALSE,Named
Wholesale and retail,Colle Capital,1,Private Equity and Venture Capital,United States,,FALSE,Named
Wholesale and retail,CommerzVentures,1,Private Equity and Venture Capital,Germany,,FALSE,Named
Wholesale and retail,Corporate Growth Capital,1,Bank,United Kingdom,,FALSE,Named
Wholesale and retail,Crowd2Fund,1,Crowd funding,United Kingdom,,FALSE,Crowdfunding
Wholesale and retail,D4 Ventures,1,Private Equity and Venture Capital,United Kingdom,,FALSE,Named
Wholesale and retail,DFJ,1,Private Equity and Venture Capital,United States,,FALSE,Named
Wholesale and retail,DST Global,1,Private Equity and Venture Capital,United States,,FALSE,Named
Wholesale and retail,Danske Bank,1,Bank,Denmark,,FALSE,Bank/Loan
Wholesale and retail,Derbyshire County Council,1,Local and Regional Government,United Kingdom,,FALSE,Named
Wholesale and retail,Deutsche Bank,1,Private Equity and Venture Capital,China,,FALSE,Bank/Loan
Wholesale and retail,Dr. Martens,1,Corporate,United Kingdom,,FALSE,Named
Wholesale and retail,EDP Ventures,1,Corporate,Portugal,,FALSE,Named
Wholesale and retail,ETF Partners,1,Private Equity and Venture Capital,United Kingdom,,TRUE,Named
Wholesale and retail,Edition Capital,1,Private Equity and Venture Capital,United Kingdom,,FALSE,Named
Wholesale and retail,Eguchi Iwao,1,Corporate,United Kingdom,,FALSE,Named
Wholesale and retail,Eight Roads Ventures,1,Private Equity and Venture Capital,Bermuda,,FALSE,Named
Wholesale and retail,Emerge Education,1,Private Equity and Venture Capital,United Kingdom,,FALSE,Named
Wholesale and retail,Encore Capital,1,Private Equity and Venture Capital,United Kingdom,,FALSE,Named
Wholesale and retail,Envestors,1,Angel Network,United Kingdom,,FALSE,Named
Wholesale and retail,Environmental Innovation Fund,1,Private Equity and Venture Capital,United Kingdom,,FALSE,Named
Wholesale and retail,Estée Lauder Companies,1,,,,,Named
Wholesale and retail,FJ Labs,1,Private Equity and Venture Capital,United States,,FALSE,Named
Wholesale and retail,Federated Hermes,1,Asset Management,United States,,TRUE,Named
Wholesale and retail,Fidelity International,1,Asset Management,United Kingdom,,FALSE,Named
Wholesale and retail,Fig,1,Angel Network,United Kingdom,,FALSE,Named
Wholesale and retail,Finance Yorkshire,1,Private Equity and Venture Capital,United Kingdom,,FALSE,Bank/Loan
Wholesale and retail,Foundation Capital,1,Private Equity and Venture Capital,United States,,FALSE,Named
Wholesale and retail,Four Seasons Ventures,1,Private Equity and Venture Capital,United Kingdom,,FALSE,Named
Wholesale and retail,Franco Manca,1,Corporate,United Kingdom,,FALSE,Named
Wholesale and retail,Frontline Ventures,1,Private Equity and Venture Capital,Ireland,,FALSE,Named
Wholesale and retail,Funding Circle,1,Crowd funding,United Kingdom,,TRUE,Named
Wholesale and retail,Funding London,1,Local and Regional Government,United Kingdom,,FALSE,Named
Wholesale and retail,Future Energy Ventures Management,1,Private Equity and Venture Capital,Germany,,FALSE,Named
Wholesale and retail,Future Planet Capital,1,Private Equity and Venture Capital,United Kingdom,,FALSE,Named
Wholesale and retail,G Squared,1,Private Equity and Venture Capital,United Kingdom,,FALSE,Named
Wholesale and retail,General Atlantic,1,Private Equity and Venture Capital,United States,,FALSE,Named
Wholesale and retail,Giano Capital,1,Private Equity and Venture Capital,Italy,,FALSE,Named
Wholesale and retail,Greater Manchester Combined Authority,1,Local and Regional Government,United Kingdom,,FALSE,Named
Wholesale and retail,Green Angel Ventures,1,Angel Network,United Kingdom,,TRUE,Named
Wholesale and retail,Green Business Loan Scheme,1,Bank,United Kingdom,,FALSE,Bank/Loan
Wholesale and retail,Gresham House,1,Asset Management,United Kingdom,,FALSE,Named
Wholesale and retail,Grosvenor's Tenant Investment Fund,1,Corporate,United Kingdom,,FALSE,Named
Wholesale and retail,Groupe Arnault,1,Merchant Bank,France,,FALSE,Named
Wholesale and retail,Growth Capital Partners,1,Private Equity and Venture Capital,United Kingdom,,TRUE,Named
Wholesale and retail,Guan Quan Investments,1,Private Investment Vehicle,China,,FALSE,Named
Wholesale and retail,Guinness Ventures,1,Private Equity and Venture Capital,United Kingdom,,FALSE,Named
Wholesale and retail,H2 Equity Partners,1,Private Equity and Venture Capital,Netherlands,,FALSE,Named
Wholesale and retail,Hanaco Ventures,1,Private Equity and Venture Capital,Israel,,FALSE,Named
Wholesale and retail,Handelsbanken,1,Bank,Sweden,,FALSE,Bank/Loan
Wholesale and retail,Harbert Management Capital,1,Asset Management / Private Equity,United States,,FALSE,Named
Wholesale and retail,Hedosophia,1,Private Equity and Venture Capital,United Kingdom,,FALSE,Named
Wholesale and retail,Henderson Global Investors,1,Asset Management,United Kingdom,,FALSE,Named
Wholesale and retail,Henkel,1,Private Equity and Venture Capital,Germany,,FALSE,Named
Wholesale and retail,Highlands and Islands Enterprise,1,Local and Regional Government,United Kingdom,,FALSE,Named
Wholesale and retail,Huawei Technologies,1,Corporate,China,,FALSE,Named
Wholesale and retail,Humber Local Enterprise Partnership,1,Government,United Kingdom,,FALSE,Named
Wholesale and retail,ICONIQ Capital,1,Family Office,United States,,FALSE,Named
Wholesale and retail,ITOCHU Corporation,1,Corporate,Japan,,FALSE,Named
Wholesale and retail,ITV,1,Corporate,United Kingdom,,FALSE,Named
Wholesale and retail,InMotion Ventures,1,Corporate,United Kingdom,,FALSE,Named
Wholesale and retail,Infineon,1,Corporate,Germany,,FALSE,Named
Wholesale and retail,Inflexion Private Equity,1,Private Equity and Venture Capital,United Kingdom,,FALSE,Named
Wholesale and retail,Insight Partners,1,Private Equity and Venture Capital,United States,,FALSE,Named
Wholesale and retail,Intermediate Capital Group,1,Asset Management / Private Equity,United Kingdom,,FALSE,Named
Wholesale and retail,Investec Bank,1,Bank,United Kingdom,,FALSE,Named
Wholesale and retail,Investment Fund for Northern Ireland (IFNI) - Debt,1,Private Equity and Venture Capital,United Kingdom,,FALSE,Named
Wholesale and retail,Invoice Finance and Factoring,1,Bank,United Kingdom,,FALSE,Named
Wholesale and retail,Japan Energy Fund,1,Private Equity and Venture Capital,Japan,,FALSE,Named
Wholesale and retail,KKR,1,Private Equity and Venture Capital,United States,,FALSE,Named
Wholesale and retail,Kartesia,1,Asset Management,United Kingdom,,FALSE,Named
Wholesale and retail,Keyhaven Capital Partners,1,Private Equity and Venture Capital,United Kingdom,,FALSE,Named
Wholesale and retail,KfW IPEX,1,European,Germany,,FALSE,Named
Wholesale and retail,Kin Group,1,Private Investment Vehicle,United Kingdom,,FALSE,Named
Wholesale and retail,Kuvari Partners,1,Asset Management,United Kingdom,,FALSE,Named
Wholesale and retail,LAUNCHub Ventures,1,Accelerator,Bulgaria,,FALSE,Named
Wholesale and retail,LBA EIS Roundtable Syndicate Fund 2016,1,Angel Network,United Kingdom,,FALSE,Named
Wholesale and retail,LCA Investments,1,Family Office,United Kingdom,,FALSE,Named
Wholesale and retail,Latitude Investment Management,1,Asset Management,United Kingdom,,FALSE,Named
Wholesale and retail,Lombard Odier,1,Asset Management,Switzerland,,FALSE,Named
Wholesale and retail,Longwall Venture Partners,1,Private Equity and Venture Capital,United Kingdom,,FALSE,Named
Wholesale and retail,Lumar,1,Corporate,United Kingdom,,FALSE,Named
Wholesale and retail,MCI.TechVentures,1,Private Equity and Venture Capital,Poland,,FALSE,Named
Wholesale and retail,MNL Nominees,1,Private Investment Vehicle,United Kingdom,,FALSE,Named
Wholesale and retail,Macquarie Group,1,Merchant Bank,Australia,,FALSE,Named
Wholesale and retail,Magenta Partners,1,Private Equity and Venture Capital,United Kingdom,,FALSE,Named
Wholesale and retail,Marchmont Ventures,1,Private Investment Vehicle,United Kingdom,,FALSE,Named
Wholesale and retail,Marechale Capital,1,Merchant Bank,United Kingdom,,FALSE,Named
Wholesale and retail,Material Impact,1,Private Equity and Venture Capital,United States,,FALSE,Named
Wholesale and retail,Maven Ventures,1,Private Equity and Venture Capital,United Kingdom,,FALSE,Named
Wholesale and retail,Mayhoola for Investments,1,Family Office,Qatar,,FALSE,Named
Wholesale and retail,Merseyside Special Investment Fund (MSIF),1,Private Equity and Venture Capital,United Kingdom,,FALSE,Named
Wholesale and retail,Metrea Discovery,1,Private Equity and Venture Capital,United Kingdom,,FALSE,Named
Wholesale and retail,Middleton Enterprises,1,Family Office,United Kingdom,,FALSE,Named
Wholesale and retail,Midven,1,Private Equity and Venture Capital,United Kingdom,,FALSE,Named
Wholesale and retail,Morgan Stanley,1,Merchant Bank,United States,,FALSE,Named
Wholesale and retail,Mott Macdonald,1,Corporate,United Kingdom,,FALSE,Named
Wholesale and retail,Mouro Capital,1,Private Equity and Venture Capital,United Kingdom,,FALSE,Named
Wholesale and retail,Mubadala Investment Company,1,Sovereign Wealth Fund,United Arab Emirates,SW Fund,FALSE,Named
Wholesale and retail,Mustard Seed + Partners,1,Private Equity and Venture Capital,United Kingdom,,FALSE,Named
Wholesale and retail,NVM Private Equity,1,Private Equity and Venture Capital,United Kingdom,,TRUE,Named
Wholesale and retail,Next,1,Corporate,United Kingdom,,FALSE,Named
Wholesale and retail,Norrsken Foundation,1,Charity/Not-for-profit company,Sweden,,FALSE,Named
Wholesale and retail,NorthEdge Capital,1,Private Equity and Venture Capital,United Kingdom,,FALSE,Named
Wholesale and retail,Northern & Shell Ventures,1,Corporate,United Kingdom,,FALSE,Named
Wholesale and retail,Northzone Ventures,1,Private Equity and Venture Capital,United Kingdom,,FALSE,Named
Wholesale and retail,Novel TMT Ventures,1,Private Equity and Venture Capital,United States,,FALSE,Named
Wholesale and retail,Numis,1,Asset Management,United Kingdom,,FALSE,Named
Wholesale and retail,Oxford Capital Partners,1,Private Equity and Venture Capital,United Kingdom,,FALSE,Named
Wholesale and retail,Oxford Innovation Finance,1,Angel Network,United Kingdom,,FALSE,Named
Wholesale and retail,Oxford Science Enterprises,1,Commercialisation Company,United Kingdom,,FALSE,Named
Wholesale and retail,PATRIZIA,1,Asset Management,Germany,,FALSE,Named
Wholesale and retail,PHD Industrial Holdings,1,Private Equity and Venture Capital,United Kingdom,,FALSE,Named
Wholesale and retail,Palatine Private Equity,1,Private Equity and Venture Capital,United Kingdom,,FALSE,Named
Wholesale and retail,Panoramic,1,Private Equity and Venture Capital,United Kingdom,,FALSE,Named
Wholesale and retail,Par Equity,1,Private Equity and Venture Capital,United Kingdom,,FALSE,Named
Wholesale and retail,Partech Partners,1,Private Equity and Venture Capital,France,,FALSE,Named
Wholesale and retail,Pecten Capital,1,Private Equity and Venture Capital,United Kingdom,,FALSE,Named
Wholesale and retail,Pentland Group,1,Corporate,United Kingdom,,FALSE,Named
Wholesale and retail,Percipient Capital,1,Private Equity and Venture Capital,United Kingdom,,FALSE,Named
Wholesale and retail,Phoenix Equity Partners,1,Private Equity and Venture Capital,United Kingdom,,FALSE,Named
Wholesale and retail,Pi Labs,1,Accelerator,United Kingdom,,FALSE,Named
Wholesale and retail,Playfair Capital,1,Private Equity and Venture Capital,United Kingdom,,FALSE,Named
Wholesale and retail,Prelude Trust plc,1,Private Equity and Venture Capital,United Kingdom,,FALSE,Named
Wholesale and retail,Primary Capital,1,Private Equity and Venture Capital,United Kingdom,,FALSE,Named
Wholesale and retail,Provenance Investment Partners,1,Private Equity and Venture Capital,United Kingdom,,FALSE,Named
Wholesale and retail,QinetiQ plc,1,Corporate,United Kingdom,,FALSE,Named
Wholesale and retail,R&Co4 Generations,1,Family Office,France,,FALSE,Named
Wholesale and retail,RXR Digital Ventures,1,Corporate,United States,,FALSE,Named
Wholesale and retail,Raven Ventures,1,Private Equity and Venture Capital,Australia,,FALSE,Named
Wholesale and retail,Redbus Ventures,1,Private Equity and Venture Capital,United Kingdom,,FALSE,Named
Wholesale and retail,Redrice Ventures,1,Private Equity and Venture Capital,United Kingdom,,FALSE,Named
Wholesale and retail,Reward Finance Group,1,Specialist Lender,United Kingdom,,FALSE,Named
Wholesale and retail,Risk Capital Partners,1,Private Equity and Venture Capital,United Kingdom,,FALSE,Named
Wholesale and retail,Round Hill Ventures,1,Private Equity and Venture Capital,United Kingdom,,FALSE,Named
Wholesale and retail,SAP,1,Corporate,United States,,FALSE,Named
Wholesale and retail,SFC Capital,1,Private Equity and Venture Capital,United Kingdom,,FALSE,Named
Wholesale and retail,Samos Investments,1,Private Equity and Venture Capital,United Kingdom,,FALSE,Named
Wholesale and retail,Seedcamp,1,Private Equity and Venture Capital,United Kingdom,,TRUE,Named
Wholesale and retail,Shawbrook Bank,1,Bank,United Kingdom,,TRUE,Named
Wholesale and retail,Shortlist Ventures,1,Private Equity and Venture Capital,United States,,FALSE,Named
Wholesale and retail,Siemens,1,Corporate,Germany,,FALSE,Named
Wholesale and retail,Sky,1,Corporate,United Kingdom,,FALSE,Named
Wholesale and retail,Smith Cooper Corporate Finance,1,Merchant Bank,United Kingdom,,FALSE,Named
Wholesale and retail,Social Impact Enterprises,1,Private Equity and Venture Capital,United Kingdom,,FALSE,Named
Wholesale and retail,Souter Investments LLP,1,Family Office,United Kingdom,,FALSE,Named
Wholesale and retail,Southern Cross Beverages,1,Corporate,United States,,FALSE,Named
Wholesale and retail,Spark Ventures,1,Private Equity and Venture Capital,United Kingdom,,FALSE,Named
Wholesale and retail,Speedinvest,1,Private Equity and Venture Capital,Austria,,FALSE,Named
Wholesale and retail,Stride.VC,1,Private Equity and Venture Capital,United Kingdom,,FALSE,Named
Wholesale and retail,Suntory,1,Corporate,Japan,,FALSE,Named
Wholesale and retail,TDR Capital,1,Private Equity and Venture Capital,United Kingdom,,FALSE,Named
Wholesale and retail,TPA Capital,1,Private Equity and Venture Capital,United Kingdom,,FALSE,Named
Wholesale and retail,TTP Ventures,1,Private Equity and Venture Capital,United Kingdom,,FALSE,Named
Wholesale and retail,Tapestry,1,Corporate,United States,,FALSE,Named
Wholesale and retail,Techstars,1,Accelerator,United States,,FALSE,Named
Wholesale and retail,Thairm Bio,1,Private Equity and Venture Capital,United Kingdom,,FALSE,Named
Wholesale and retail,The Craftory,1,Private Equity and Venture Capital,United Kingdom,,FALSE,Named
Wholesale and retail,The Dow Chemical Company,1,Corporate,United States,,FALSE,Named
Wholesale and retail,The Raine Group,1,Merchant Bank,United States,,FALSE,Named
Wholesale and retail,The University of Derby,1,University,United Kingdom,,FALSE,Named
Wholesale and retail,Tiger Global Management,1,Asset Management,United States,,FALSE,Named
Wholesale and retail,Toshiba,1,Commercialisation Company,Japan,,FALSE,Named
Wholesale and retail,Trillium International,1,Private Equity and Venture Capital,United Arab Emirates,,FALSE,Named
Wholesale and retail,True.,1,Private Equity and Venture Capital,United Kingdom,,FALSE,Named
Wholesale and retail,Turn Sports Investments,1,Family Office,Singapore,,FALSE,Named
Wholesale and retail,Turquoise International,1,Merchant Bank,United Kingdom,,FALSE,Named
Wholesale and retail,UMi Scotland,1,Corporate,United Kingdom,,FALSE,Named
Wholesale and retail,UNIQA Ventures,1,Corporate,Austria,,FALSE,Named
Wholesale and retail,UPSA,1,Corporate,France,,FALSE,Named
Wholesale and retail,Unbound,1,Private Equity and Venture Capital,United Kingdom,,FALSE,Named
Wholesale and retail,Unilever,1,Corporate,United Kingdom,,FALSE,Named
Wholesale and retail,University of Oxford,1,University,United Kingdom,,FALSE,Named
Wholesale and retail,University of Warwick Science Park,1,University,United Kingdom,,FALSE,Named
Wholesale and retail,VNV Global (Vostok New Ventures),1,Private Equity and Venture Capital,Bermuda,,FALSE,Named
Wholesale and retail,Valcor Ventures LLC,1,Private Equity and Venture Capital,United States,,FALSE,Named
Wholesale and retail,Vipshop,1,Corporate,China,,FALSE,Named
Wholesale and retail,Vitruvian Partners,1,Private Equity and Venture Capital,United Kingdom,,FALSE,Named
Wholesale and retail,Volution,1,Private Equity and Venture Capital,United Kingdom,,FALSE,Named
Wholesale and retail,Wealth Club,1,Angel Network,United Kingdom,,FALSE,Named
Wholesale and retail,Welsh Government,1,Central Government,United Kingdom,,FALSE,Government
Wholesale and retail,WestBridge Capital,1,Private Equity and Venture Capital,United Kingdom,,FALSE,Named
Wholesale and retail,Wharton Asset Management,1,Family Office,United Kingdom,,FALSE,Named
Wholesale and retail,Wild Blue Cohort,1,Angel Network,United Kingdom,,FALSE,Named
Wholesale and retail,Winona Capital,1,Private Equity and Venture Capital,United States,,FALSE,Named
Wholesale and retail,Xilinx,1,Corporate,United States,,FALSE,Named
Wholesale and retail,Yeo Valley,1,Corporate,United Kingdom,,FALSE,Named
Wholesale and retail,Zebra Technologies,1,Corporate,United States,,FALSE,Named
Wholesale and retail,bd-capital,1,Private Equity and Venture Capital,United Kingdom,,FALSE,Named
Wholesale and retail,noa,1,Private Equity and Venture Capital,United Kingdom,,FALSE,Named
