Sector,Investor,Country,ISO2,InvestorType,PensionSWF,BBBBacked,CompaniesBackedInSector
Advanced Manufacturing,Business Angel(s),,,Business Angel(s),,FALSE,30
Advanced Manufacturing,Santander,Spain,es,Bank,,TRUE,8
Advanced Manufacturing,Deutsche Bank,Germany,cn,Private Equity and Venture Capital,,FALSE,4
Advanced Manufacturing,Hostplus,Australia,au,Asset Management,,FALSE,4
Advanced Manufacturing,Tencent,China,cn,Corporate,,FALSE,4
Advanced Manufacturing,Goldman Sachs,United States,us,Merchant Bank,,FALSE,3
Advanced Manufacturing,IQT,United States,us,Private Equity and Venture Capital,,FALSE,3
Advanced Manufacturing,A.P. Moller Holding,Denmark,dk,Corporate,,FALSE,2
Advanced Manufacturing,ABB,Switzerland,ch,Corporate,,FALSE,2
Advanced Manufacturing,ABC Impact,Singapore,sg,Private Equity and Venture Capital,,FALSE,2
Advanced Manufacturing,Atlantic Bridge,Ireland,ie,Private Equity and Venture Capital,,TRUE,2
Advanced Manufacturing,Bits x Bites,China,cn,Private Equity and Venture Capital,,FALSE,2
Advanced Manufacturing,Citigroup,United States,us,Bank,,FALSE,2
Advanced Manufacturing,Clay Capital,Singapore,sg,Private Equity and Venture Capital,,FALSE,2
Advanced Manufacturing,Ingka Group,Netherlands,nl,Corporate,,FALSE,2
Advanced Manufacturing,Invesco,United States,us,Asset Management,,FALSE,2
Advanced Manufacturing,SoftBank Group,Japan,jp,Corporate,,FALSE,2
Advanced Manufacturing,Tata Steel,India,in,Corporate,,FALSE,2
Advanced Manufacturing,Temasek Holdings,Singapore,sg,Sovereign Wealth Fund,SW Fund,FALSE,2
Advanced Manufacturing,ADM Capital,Hong Kong,hk,Private Equity and Venture Capital,,FALSE,1
Advanced Manufacturing,ADM Ventures,United States,us,Private Equity and Venture Capital,,FALSE,1
Advanced Manufacturing,ADQ,United Arab Emirates,ae,Central Government,,FALSE,1
Advanced Manufacturing,AIB,Ireland,ie,Bank,,FALSE,1
Advanced Manufacturing,AXA,France,fr,Corporate,,FALSE,1
Advanced Manufacturing,Accel Partners,United States,us,Private Equity and Venture Capital,,FALSE,1
Advanced Manufacturing,Accion Frontier Investments Group,United States,us,Charity/Not-for-profit company,,FALSE,1
Advanced Manufacturing,Acequia Capital,United States,us,Private Equity and Venture Capital,,FALSE,1
Advanced Manufacturing,Agronomics,Isle Of Man,im,Private Equity and Venture Capital,,FALSE,1
Advanced Manufacturing,Aldea Ventures,Spain,es,Private Equity and Venture Capital,,FALSE,1
Advanced Manufacturing,Alliance Bernstein (AB),United States,us,Private Equity and Venture Capital,,FALSE,1
Advanced Manufacturing,Ally Bridge Group,United States,us,Private Equity and Venture Capital,,FALSE,1
Advanced Manufacturing,Amcor,Switzerland,ch,Corporate,,FALSE,1
Advanced Manufacturing,American Airlines,United States,us,Corporate,,FALSE,1
Advanced Manufacturing,American Express,United States,us,Corporate,,FALSE,1
Advanced Manufacturing,Apollo Global Management,United States,us,Asset Management,,FALSE,1
Advanced Manufacturing,Applied Ventures,United States,us,Private Equity and Venture Capital,,FALSE,1
Advanced Manufacturing,Aqua-Spark,Netherlands,nl,Private Equity and Venture Capital,,FALSE,1
Advanced Manufacturing,Aramex,United Arab Emirates,ae,Corporate,,FALSE,1
Advanced Manufacturing,ArcTern Ventures,Canada,ca,Private Equity and Venture Capital,,FALSE,1
Advanced Manufacturing,Archean Chemical Industries,India,in,Corporate,,FALSE,1
Advanced Manufacturing,Avery Dennison,United States,us,Corporate,,FALSE,1
Advanced Manufacturing,Avolon,United States,us,Private Equity and Venture Capital,,FALSE,1
Advanced Manufacturing,Axel Johnson (D: Ax),Sweden,se,Corporate,,FALSE,1
Advanced Manufacturing,Axel Johnson Group,Sweden,se,Corporate,,FALSE,1
Advanced Manufacturing,BBVA,Spain,es,Bank,,FALSE,1
Advanced Manufacturing,BNW Investment Co,"Korea, Republic Of (South Korea)",kr,Private Equity and Venture Capital,,FALSE,1
Advanced Manufacturing,BW Group,Singapore,sg,Corporate,,FALSE,1
Advanced Manufacturing,Bain Capital,United States,us,Private Equity and Venture Capital,,FALSE,1
Advanced Manufacturing,Battery,United States,us,Private Equity and Venture Capital,,FALSE,1
Advanced Manufacturing,Bayland Capital,China,cn,Private Equity and Venture Capital,,FALSE,1
Advanced Manufacturing,Berggruen Holdings,United States,us,Family Office,,FALSE,1
Advanced Manufacturing,Bio-Rad Laboratories,United States,us,Corporate,,FALSE,1
Advanced Manufacturing,BlackRock,United States,us,Asset Management,,FALSE,1
Advanced Manufacturing,Blue Horizon Group,Switzerland,ch,Private Equity and Venture Capital,,FALSE,1
Advanced Manufacturing,Borski Fund,Netherlands,nl,Private Equity and Venture Capital,,FALSE,1
Advanced Manufacturing,Bosch,Germany,de,Corporate,,FALSE,1
Advanced Manufacturing,Brand Capital,India,in,Corporate,,FALSE,1
Advanced Manufacturing,Bridge Nine Capital Partners,United Arab Emirates,ae,Private Equity and Venture Capital,,FALSE,1
Advanced Manufacturing,Brighteye,France,fr,Private Equity and Venture Capital,,FALSE,1
Advanced Manufacturing,Broadlake Capital,Ireland,ie,Private Equity and Venture Capital,,FALSE,1
Advanced Manufacturing,Brookfield,Canada,ca,Asset Management / Private Equity,,FALSE,1
Advanced Manufacturing,C4 Ventures,France,fr,Private Equity and Venture Capital,,FALSE,1
Advanced Manufacturing,CITIC Securities,China,cn,Merchant Bank,,FALSE,1
Advanced Manufacturing,CN Innovations Holdings,Hong Kong,hk,Corporate,,FALSE,1
Advanced Manufacturing,CVC Capital Partners,Luxembourg,lu,Private Equity and Venture Capital,,FALSE,1
Advanced Manufacturing,Canaccord Genuity Group,Canada,ca,Merchant Bank,,FALSE,1
Advanced Manufacturing,Carbon Direct Capital,United States,us,Private Equity and Venture Capital,,FALSE,1
Advanced Manufacturing,Centerbridge Partners,United States,us,Private Equity and Venture Capital,,FALSE,1
Advanced Manufacturing,Chicago Booth Angels,United States,us,Angel Network,,FALSE,1
Advanced Manufacturing,Colle Capital,United States,us,Private Equity and Venture Capital,,FALSE,1
Advanced Manufacturing,Company K Partners,South Korea,kr,Private Equity and Venture Capital,,FALSE,1
Advanced Manufacturing,Crestline Investors,United States,us,Asset Management,,FALSE,1
Advanced Manufacturing,Curious Capital,United States,us,Private Equity and Venture Capital,,FALSE,1
Advanced Manufacturing,DFJ,United States,us,Private Equity and Venture Capital,,FALSE,1
Advanced Manufacturing,Daishin Private Equity,"Korea, Republic Of (South Korea)",kr,Private Equity and Venture Capital,,FALSE,1
Advanced Manufacturing,Danish Green Futures Fund,Denmark,dk,Government,,FALSE,1
Advanced Manufacturing,Databricks,United States,us,Corporate,,FALSE,1
Advanced Manufacturing,Digital Alpha Capital,United States,us,Private Equity and Venture Capital,,FALSE,1
Advanced Manufacturing,Dimension,United States,us,Private Equity and Venture Capital,,FALSE,1
Advanced Manufacturing,ENEOS Innovation Partners,Japan,jp,Corporate,,FALSE,1
Advanced Manufacturing,EQT Group,Sweden,se,Private Equity and Venture Capital,,FALSE,1
Advanced Manufacturing,Elecnor Deimos Space,Spain,es,Corporate,,FALSE,1
Advanced Manufacturing,Emerald Technology Ventures,Switzerland,ch,Private Equity and Venture Capital,,FALSE,1
Advanced Manufacturing,EnBW,Germany,de,Private Equity and Venture Capital,,FALSE,1
Advanced Manufacturing,Equinor,Norway,no,State-owned enterprise (SOE) / Corporate strategic investor,,FALSE,1
Advanced Manufacturing,Escala Capital,Spain,es,Private Equity and Venture Capital,,FALSE,1
Advanced Manufacturing,European Investment Bank (EIB),Luxembourg,lu,Bank,,FALSE,1
Advanced Manufacturing,Export & Investment Fund of Denmark,Denmark,dk,Central Government,,FALSE,1
Advanced Manufacturing,FINTOP Capital,United States,us,Private Equity and Venture Capital,,FALSE,1
Advanced Manufacturing,Felicis Ventures,United States,us,Private Equity and Venture Capital,,FALSE,1
Advanced Manufacturing,Fin Capital,United States,us,Private Equity and Venture Capital,,FALSE,1
Advanced Manufacturing,Five Seasons Ventures,France,fr,Private Equity and Venture Capital,,FALSE,1
Advanced Manufacturing,Fortress Investment Group,United States,us,Asset Management / Private Equity,,FALSE,1
Advanced Manufacturing,Foundamental,Germany,de,Private Equity and Venture Capital,,FALSE,1
Advanced Manufacturing,Foundation Capital,United States,us,Private Equity and Venture Capital,,FALSE,1
Advanced Manufacturing,Frontline Ventures,Ireland,ie,Private Equity and Venture Capital,,FALSE,1
Advanced Manufacturing,Furukawa Electric,Japan,jp,Private Equity and Venture Capital,,FALSE,1
Advanced Manufacturing,GE Healthcare,United States,us,Corporate,,FALSE,1
Advanced Manufacturing,GLy Capital Management,Hong Kong,hk,Private Equity and Venture Capital,,FALSE,1
Advanced Manufacturing,GenZero,Singapore,sg,Private Equity and Venture Capital,,FALSE,1
Advanced Manufacturing,General Atlantic,United States,us,Private Equity and Venture Capital,,FALSE,1
Advanced Manufacturing,General Electric,United States,us,Corporate,,FALSE,1
Advanced Manufacturing,Genoa Ventures,United States,us,Private Equity and Venture Capital,,FALSE,1
Advanced Manufacturing,German Media Pool,Germany,de,Private Equity and Venture Capital,,FALSE,1
Advanced Manufacturing,Goldwind,China,cn,Corporate,,FALSE,1
Advanced Manufacturing,Google,United States,us,Corporate,,FALSE,1
Advanced Manufacturing,Groupe Atlantic,France,fr,Private Equity and Venture Capital,,FALSE,1
Advanced Manufacturing,Groupon,United States,us,Corporate,,FALSE,1
Advanced Manufacturing,GuoGuang Electric Co,China,cn,Corporate,,FALSE,1
Advanced Manufacturing,H2 Equity Partners,Netherlands,nl,Private Equity and Venture Capital,,FALSE,1
Advanced Manufacturing,HICO Investment Group,Singapore / United Kingdom,sg,Private Equity and Venture Capital,,FALSE,1
Advanced Manufacturing,Hanaco Ventures,Israel,il,Private Equity and Venture Capital,,FALSE,1
Advanced Manufacturing,Harbert Management Capital,United States,us,Asset Management / Private Equity,,FALSE,1
Advanced Manufacturing,Hardware Club,United States,us,Private Equity and Venture Capital,,FALSE,1
Advanced Manufacturing,Heartcore Capital,Denmark,dk,Private Equity and Venture Capital,,FALSE,1
Advanced Manufacturing,Henkel,Germany,de,Private Equity and Venture Capital,,FALSE,1
Advanced Manufacturing,High-Tech Gründerfonds (HTGF),,,,,,1
Advanced Manufacturing,Hillhouse Capital Group,China,cn,Private Equity and Venture Capital,,FALSE,1
Advanced Manufacturing,Honeywell,United States,us,Corporate,,FALSE,1
Advanced Manufacturing,Horizons Ventures,Hong Kong,hk,Private Equity and Venture Capital,,FALSE,1
Advanced Manufacturing,Huawei Technologies,China,cn,Corporate,,FALSE,1
Advanced Manufacturing,Hummingbird Ventures,Belgium,be,Private Equity and Venture Capital,,FALSE,1
Advanced Manufacturing,IMM Investment,"Korea, Republic Of (South Korea)",kr,Private Equity and Venture Capital,,FALSE,1
Advanced Manufacturing,ING Bank,Netherlands,nl,Bank,,FALSE,1
Advanced Manufacturing,Indorama Ventures,Thailand,th,Corporate,,FALSE,1
Advanced Manufacturing,Infineon,Germany,de,Corporate,,FALSE,1
Advanced Manufacturing,Infocomm Investments,Singapore,sg,Accelerator,,FALSE,1
Advanced Manufacturing,Ingevity,United States,us,Corporate,,FALSE,1
Advanced Manufacturing,Inovia Capital,Canada,ca,Private Equity and Venture Capital,,FALSE,1
Advanced Manufacturing,Insight Partners,United States,us,Private Equity and Venture Capital,,FALSE,1
Advanced Manufacturing,Intel,United States,us,Corporate,,FALSE,1
Advanced Manufacturing,Jacobs,United States,us,Corporate,,FALSE,1
Advanced Manufacturing,Kibo Invest,Singapore,sg,Family Office,,FALSE,1
Advanced Manufacturing,Kineticos Life Sciences,United States,us,Private Equity and Venture Capital,,FALSE,1
Advanced Manufacturing,Kiwoom,"Korea, Republic Of (South Korea)",kr,Merchant Bank,,FALSE,1
Advanced Manufacturing,Kouros,France,fr,Family Office,,FALSE,1
Advanced Manufacturing,LAUNCHub Ventures,Bulgaria,bg,Accelerator,,FALSE,1
Advanced Manufacturing,LG Technology Ventures,United States,us,Corporate,,FALSE,1
Advanced Manufacturing,LGT Capital Partners,Switzerland,ch,Asset Management,,TRUE,1
Advanced Manufacturing,LSP Health Economics Fund,Netherlands,nl,Private Equity and Venture Capital,,FALSE,1
Advanced Manufacturing,Levy-Weiss,Israel,il,Business Angel(s),,FALSE,1
Advanced Manufacturing,Life.SREDA,Singapore,sg,Private Equity and Venture Capital,,FALSE,1
Advanced Manufacturing,Lightspeed Management,United States,us,Private Equity and Venture Capital,,FALSE,1
Advanced Manufacturing,Lingotto,Netherlands,nl,Asset Management,,FALSE,1
Advanced Manufacturing,Liquidity Group,United States,us,Specialist Lender,,FALSE,1
Advanced Manufacturing,Lux Capital,United States,us,Private Equity and Venture Capital,,FALSE,1
Advanced Manufacturing,M&G ­Investments,,,,,,1
Advanced Manufacturing,MVM Life Science Partners,United States,us,Private Equity and Venture Capital,,FALSE,1
Advanced Manufacturing,MVolution Partners,United States,us,Private Equity and Venture Capital,,FALSE,1
Advanced Manufacturing,Magnetar,United States,us,Corporate,,FALSE,1
Advanced Manufacturing,Mandatum Life,Finland,fi,Asset Management,,FALSE,1
Advanced Manufacturing,Mangrove Capital Partners,Luxembourg,lu,Private Equity and Venture Capital,,FALSE,1
Advanced Manufacturing,Marketech International,Taiwan,tw,Private Equity and Venture Capital,,FALSE,1
Advanced Manufacturing,Mayo Clinic,United States,us,Private Equity and Venture Capital,,FALSE,1
Advanced Manufacturing,Mazda,Japan,jp,Corporate,,FALSE,1
Advanced Manufacturing,Mercedes-Benz Group,Germany,de,Corporate,,FALSE,1
Advanced Manufacturing,Merck Group,Germany,de,Private Equity and Venture Capital,,FALSE,1
Advanced Manufacturing,Meyer Burger,Switzerland,ch,Corporate,,FALSE,1
Advanced Manufacturing,Microsoft,United States,us,Corporate,,FALSE,1
Advanced Manufacturing,Moreira Salles,Brazil,br,Family Office,,FALSE,1
Advanced Manufacturing,Mubadala Investment Company,United Arab Emirates,ae,Sovereign Wealth Fund,SW Fund,FALSE,1
Advanced Manufacturing,Mudrick Capital Management,United States,us,Private Equity and Venture Capital,,FALSE,1
Advanced Manufacturing,New Science Ventures,United States,us,Private Equity and Venture Capital,,FALSE,1
Advanced Manufacturing,Norrsken Foundation,Sweden,se,Charity/Not-for-profit company,,FALSE,1
Advanced Manufacturing,Novax,Sweden,se,Corporate,,FALSE,1
Advanced Manufacturing,OPG Ventures,Isle Of Man,im,Corporate,,FALSE,1
Advanced Manufacturing,Oaktree,United States,us,Asset Management,,FALSE,1
Advanced Manufacturing,Obvious Ventures,United States,us,Private Equity and Venture Capital,,FALSE,1
Advanced Manufacturing,Ocado,United States,us,Corporate,,FALSE,1
Advanced Manufacturing,Oyster Capital,Ireland,ie,Private Equity and Venture Capital,,FALSE,1
Advanced Manufacturing,PFM Health Sciences,United States,us,Asset Management,,FALSE,1
Advanced Manufacturing,Partech Partners,France,fr,Private Equity and Venture Capital,,FALSE,1
Advanced Manufacturing,Planet First Partners,Luxembourg,lu,Private Equity and Venture Capital,,FALSE,1
Advanced Manufacturing,Pontifax,Israel,il,Private Equity and Venture Capital,,FALSE,1
Advanced Manufacturing,Possible Ventures,Germany,de,Private Equity and Venture Capital,,FALSE,1
Advanced Manufacturing,Prosperity7 Ventures,United States,us,Private Equity and Venture Capital,,FALSE,1
Advanced Manufacturing,RB Capital,Singapore,sg,Property Lender,,FALSE,1
Advanced Manufacturing,Rabobank,Netherlands,nl,Bank,,FALSE,1
Advanced Manufacturing,Ramboll,Denmark,dk,Corporate,,FALSE,1
Advanced Manufacturing,ReefKNoT Investments,Singapore,sg,Private Equity and Venture Capital,,FALSE,1
Advanced Manufacturing,Republic,United States,us,Crowd funding,,FALSE,1
Advanced Manufacturing,SAIC Capital,United States,us,Private Equity and Venture Capital,,FALSE,1
Advanced Manufacturing,SAP,United States,us,Corporate,,FALSE,1
Advanced Manufacturing,SBI Holdings,Japan,jp,Corporate,,FALSE,1
Advanced Manufacturing,SGInnovate,Singapore,sg,Private Equity and Venture Capital,,FALSE,1
Advanced Manufacturing,SJL Partners,"Korea, Republic Of (South Korea)",kr,Private Equity and Venture Capital,,FALSE,1
Advanced Manufacturing,SKC Co,"Korea, Republic Of (South Korea)",kr,Corporate,,FALSE,1
Advanced Manufacturing,SLB Ventures,United States,us,Corporate,,FALSE,1
Advanced Manufacturing,SWEN Blue Ocean,France,fr,Private Equity and Venture Capital,,FALSE,1
Advanced Manufacturing,Sabanci,Turkey,tr,Private Equity and Venture Capital,,FALSE,1
Advanced Manufacturing,Saker Capital,United Arab Emirates,ae,Private Equity and Venture Capital,,FALSE,1
Advanced Manufacturing,Sana Kliniken AG,Germany,de,Corporate,,FALSE,1
Advanced Manufacturing,Saudi Aramco,Saudi Arabia,sa,Corporate,,FALSE,1
Advanced Manufacturing,Scale Venture Partners,United States,us,Private Equity and Venture Capital,,FALSE,1
Advanced Manufacturing,Schneider,France,fr,Corporate,,FALSE,1
Advanced Manufacturing,Sentinel Dome Partners,United States,us,Asset Management,,FALSE,1
Advanced Manufacturing,Shinhan Investment Private Equity,"Korea, Republic Of (South Korea)",kr,Private Equity and Venture Capital,,FALSE,1
Advanced Manufacturing,Shortcut Ventures,Germany,de,Private Equity and Venture Capital,,FALSE,1
Advanced Manufacturing,Silicon Valley Bank,United States,us,Bank,,FALSE,1
Advanced Manufacturing,Singapore Power,Singapore,sg,Corporate,,FALSE,1
Advanced Manufacturing,Sixth Street Growth,United States,us,Private Equity and Venture Capital,,FALSE,1
Advanced Manufacturing,Skyviews Life Science,Switzerland,ch,Private Equity and Venture Capital,,FALSE,1
Advanced Manufacturing,Sofina,Belgium,be,Private Equity and Venture Capital,,FALSE,1
Advanced Manufacturing,Sony Corporation,Japan,jp,Corporate,,FALSE,1
Advanced Manufacturing,Space Angels,United States,us,Angel Network,,FALSE,1
Advanced Manufacturing,Sucden Ventures,France,fr,Corporate,,FALSE,1
Advanced Manufacturing,Sumitomo Corporation,Japan,jp,Corporate,,FALSE,1
Advanced Manufacturing,Suntory,Japan,jp,Corporate,,FALSE,1
Advanced Manufacturing,Swisscom,Switzerland,ch,State-owned enterprise (SOE) / Corporate strategic investor,,FALSE,1
Advanced Manufacturing,System.One,Germany,de,Private Equity and Venture Capital,,FALSE,1
Advanced Manufacturing,TELUS Corporation,Canada,ca,Corporate,,FALSE,1
Advanced Manufacturing,Takeda Pharmaceutical Company,Japan,jp,Corporate,,FALSE,1
Advanced Manufacturing,Technology Venture Partners,United States,us,Private Equity and Venture Capital,,FALSE,1
Advanced Manufacturing,Techstars,United States,us,Accelerator,,FALSE,1
Advanced Manufacturing,Tekfen Ventures,United States,us,Corporate,,FALSE,1
Advanced Manufacturing,Tengelmann Ventures,Germany,de,Private Equity and Venture Capital,,FALSE,1
Advanced Manufacturing,The Brandtech Group,United States,us,Corporate,,FALSE,1
Advanced Manufacturing,The Dow Chemical Company,United States,us,Corporate,,FALSE,1
Advanced Manufacturing,The Raine Group,United States,us,Merchant Bank,,FALSE,1
Advanced Manufacturing,The Riverside Company,United States,us,Private Equity and Venture Capital,,FALSE,1
Advanced Manufacturing,Tikehau Capital,France,fr,Asset Management,,FALSE,1
Advanced Manufacturing,Trillium International,United Arab Emirates,ae,Private Equity and Venture Capital,,FALSE,1
Advanced Manufacturing,Trimble Ventures,United States,us,Corporate,,FALSE,1
Advanced Manufacturing,Trinity Capital,United States,us,Specialist Lender,,FALSE,1
Advanced Manufacturing,Tudor Group,United States,us,Asset Management,,FALSE,1
Advanced Manufacturing,UPSA,France,fr,Corporate,,FALSE,1
Advanced Manufacturing,VNV Global (Vostok New Ventures),Bermuda,bm,Private Equity and Venture Capital,,FALSE,1
Advanced Manufacturing,Various,,,Business Angel(s),,FALSE,1
Advanced Manufacturing,Venture Incubator,Switzerland,ch,Charity/Not-for-profit company,,FALSE,1
Advanced Manufacturing,Venture Science,United States,us,Private Equity and Venture Capital,,FALSE,1
Advanced Manufacturing,Verve Ventures,Switzerland,ch,Private Equity and Venture Capital,,FALSE,1
Advanced Manufacturing,Vista Credit Partners,United States,us,Private Equity and Venture Capital,,FALSE,1
Advanced Manufacturing,WACKER Chemie AG,Germany,de,Corporate,,FALSE,1
Advanced Manufacturing,Wallenius Wilhelmsen,Norway,no,Private Equity and Venture Capital,,FALSE,1
Advanced Manufacturing,Watrium,Norway,no,Family Office,,FALSE,1
Advanced Manufacturing,Whitehelm Capital,Australia,au,Asset Management,,FALSE,1
Advanced Manufacturing,Wonik Investments,"Korea, Republic Of (South Korea)",kr,Private Equity and Venture Capital,,FALSE,1
Advanced Manufacturing,Xilinx,United States,us,Corporate,,FALSE,1
Advanced Manufacturing,ZF,Germany,de,Private Equity and Venture Capital,,FALSE,1
Advanced Manufacturing,Zebra Technologies,United States,us,Corporate,,FALSE,1
Advanced Manufacturing,Zhejiang Silk Road Fund,China,cn,Asset Management,,FALSE,1
Advanced Manufacturing,b-to-v Partners (Brain-to-Ventures),Switzerland,ch,Private Equity and Venture Capital,,FALSE,1
Advanced Manufacturing,b2venture,Germany,de,Private Equity and Venture Capital,,FALSE,1
Advanced Manufacturing,iDreamSky,China,cn,Corporate,,FALSE,1
Clean Energy Industries,Business Angel(s),,,Business Angel(s),,FALSE,15
Clean Energy Industries,CIBC (Canadian Imperial Bank of Commerce),Canada,ca,Bank,,FALSE,3
Clean Energy Industries,ABC Impact,Singapore,sg,Private Equity and Venture Capital,,FALSE,2
Clean Energy Industries,Bits x Bites,China,cn,Private Equity and Venture Capital,,FALSE,2
Clean Energy Industries,EDP Ventures,Portugal,pt,Corporate,,FALSE,2
Clean Energy Industries,Equinor,Norway,no,State-owned enterprise (SOE) / Corporate strategic investor,,FALSE,2
Clean Energy Industries,FJ Labs,United States,us,Private Equity and Venture Capital,,FALSE,2
Clean Energy Industries,Invesco,United States,us,Asset Management,,FALSE,2
Clean Energy Industries,Macquarie Group,Australia,au,Merchant Bank,,FALSE,2
Clean Energy Industries,Marubeni Ventures,Japan,jp,Corporate,,FALSE,2
Clean Energy Industries,Natixis,France,fr,Merchant Bank,,FALSE,2
Clean Energy Industries,Santander,Spain,es,Bank,,TRUE,2
Clean Energy Industries,ADQ,United Arab Emirates,ae,Central Government,,FALSE,1
Clean Energy Industries,AENU,Germany,de,Private Equity and Venture Capital,,FALSE,1
Clean Energy Industries,AIB,Ireland,ie,Bank,,FALSE,1
Clean Energy Industries,AV8 Ventures,United States,us,Private Equity and Venture Capital,,FALSE,1
Clean Energy Industries,Abu Dhabi National Oil Company (ADNOC),United Arab Emirates,ae,State-owned enterprise (SOE) / Corporate strategic investor,,FALSE,1
Clean Energy Industries,Agronomics,Isle Of Man,im,Private Equity and Venture Capital,,FALSE,1
Clean Energy Industries,Aqua-Spark,Netherlands,nl,Private Equity and Venture Capital,,FALSE,1
Clean Energy Industries,Aquiline Capital Partners,United States,us,Private Equity and Venture Capital,,FALSE,1
Clean Energy Industries,Ara Partners,United States,us,Private Equity and Venture Capital,,FALSE,1
Clean Energy Industries,ArcTern Ventures,Canada,ca,Private Equity and Venture Capital,,FALSE,1
Clean Energy Industries,Ares Management,United States,us,Asset Management,,FALSE,1
Clean Energy Industries,Aster Capital,France,fr,Corporate,,FALSE,1
Clean Energy Industries,Aurus Capital,Chile,cl,Private Equity and Venture Capital,,FALSE,1
Clean Energy Industries,Axel Johnson (D: Ax),Sweden,se,Corporate,,FALSE,1
Clean Energy Industries,Axel Johnson Group,Sweden,se,Corporate,,FALSE,1
Clean Energy Industries,BNW Investment Co,"Korea, Republic Of (South Korea)",kr,Private Equity and Venture Capital,,FALSE,1
Clean Energy Industries,BW Group,Singapore,sg,Corporate,,FALSE,1
Clean Energy Industries,Blue Horizon Group,Switzerland,ch,Private Equity and Venture Capital,,FALSE,1
Clean Energy Industries,Bridge Nine Capital Partners,United Arab Emirates,ae,Private Equity and Venture Capital,,FALSE,1
Clean Energy Industries,Brookfield,Canada,ca,Asset Management / Private Equity,,FALSE,1
Clean Energy Industries,Capricorn Investment Group,United States,us,Private Equity and Venture Capital,,FALSE,1
Clean Energy Industries,Carbon Direct Capital,United States,us,Private Equity and Venture Capital,,FALSE,1
Clean Energy Industries,Chicago Booth Angels,United States,us,Angel Network,,FALSE,1
Clean Energy Industries,Chief Financial Capital,United States,us,Private Investment Vehicle,,FALSE,1
Clean Energy Industries,Communitas Capital Partners,United States,us,Private Equity and Venture Capital,,FALSE,1
Clean Energy Industries,Credit Agricole,France,fr,Bank,,FALSE,1
Clean Energy Industries,Curious Capital,United States,us,Private Equity and Venture Capital,,FALSE,1
Clean Energy Industries,Daishin Private Equity,"Korea, Republic Of (South Korea)",kr,Private Equity and Venture Capital,,FALSE,1
Clean Energy Industries,Deutsche Bank,China,cn,Private Equity and Venture Capital,,FALSE,1
Clean Energy Industries,Digital Alpha Capital,United States,us,Private Equity and Venture Capital,,FALSE,1
Clean Energy Industries,ElectriFI initiative,Belgium,be,European,,FALSE,1
Clean Energy Industries,Emerald Technology Ventures,Switzerland,ch,Private Equity and Venture Capital,,FALSE,1
Clean Energy Industries,EnBW,Germany,de,Private Equity and Venture Capital,,FALSE,1
Clean Energy Industries,Energy Impact Partners LP,United States,us,Private Equity and Venture Capital,,FALSE,1
Clean Energy Industries,European Investment Bank (EIB),Luxembourg,lu,Bank,,FALSE,1
Clean Energy Industries,Five Seasons Ventures,France,fr,Private Equity and Venture Capital,,FALSE,1
Clean Energy Industries,Foundamental,Germany,de,Private Equity and Venture Capital,,FALSE,1
Clean Energy Industries,Frontline Ventures,Ireland,ie,Private Equity and Venture Capital,,FALSE,1
Clean Energy Industries,Furukawa Electric,Japan,jp,Private Equity and Venture Capital,,FALSE,1
Clean Energy Industries,Future Energy Ventures Management,Germany,de,Private Equity and Venture Capital,,FALSE,1
Clean Energy Industries,GLy Capital Management,Hong Kong,hk,Private Equity and Venture Capital,,FALSE,1
Clean Energy Industries,GenZero,Singapore,sg,Private Equity and Venture Capital,,FALSE,1
Clean Energy Industries,General Electric,United States,us,Corporate,,FALSE,1
Clean Energy Industries,Genoa Ventures,United States,us,Private Equity and Venture Capital,,FALSE,1
Clean Energy Industries,Goldacre,,,,,,1
Clean Energy Industries,Goldwind,China,cn,Corporate,,FALSE,1
Clean Energy Industries,Government of Singapore Investment Corporation (GIC Private Limited),Singapore,sg,Sovereign Wealth Fund,SW Fund,FALSE,1
Clean Energy Industries,Groupe Atlantic,France,fr,Private Equity and Venture Capital,,FALSE,1
Clean Energy Industries,Gulf Oil International,Cayman Islands,ky,Corporate,,FALSE,1
Clean Energy Industries,HCOB,Germany,de,Bank,,FALSE,1
Clean Energy Industries,HICO Investment Group,Singapore / United Kingdom,sg,Private Equity and Venture Capital,,FALSE,1
Clean Energy Industries,Hostplus,Australia,au,Asset Management,,FALSE,1
Clean Energy Industries,ING Bank,Netherlands,nl,Bank,,FALSE,1
Clean Energy Industries,ITOCHU Corporation,Japan,jp,Corporate,,FALSE,1
Clean Energy Industries,Ingevity,United States,us,Corporate,,FALSE,1
Clean Energy Industries,Ingka Group,Netherlands,nl,Corporate,,FALSE,1
Clean Energy Industries,Inven Capital,Czech Republic,cz,Private Equity and Venture Capital,,FALSE,1
Clean Energy Industries,JPMorgan Chase & Co,United States,us,Asset Management,,FALSE,1
Clean Energy Industries,Japan Energy Fund,Japan,jp,Private Equity and Venture Capital,,FALSE,1
Clean Energy Industries,Jera,Japan,jp,Corporate,,FALSE,1
Clean Energy Industries,KKR,United States,us,Private Equity and Venture Capital,,FALSE,1
Clean Energy Industries,KfW IPEX,Germany,de,European,,FALSE,1
Clean Energy Industries,Kibo Invest,Singapore,sg,Family Office,,FALSE,1
Clean Energy Industries,Kiwoom,"Korea, Republic Of (South Korea)",kr,Merchant Bank,,FALSE,1
Clean Energy Industries,Kommunal Credit,Austria,at,Bank,,FALSE,1
Clean Energy Industries,Levy-Weiss,Israel,il,Business Angel(s),,FALSE,1
Clean Energy Industries,Lingotto,Netherlands,nl,Asset Management,,FALSE,1
Clean Energy Industries,Link Group,Australia,au,Corporate,,FALSE,1
Clean Energy Industries,M&G ­Investments,,,,,,1
Clean Energy Industries,MUFG Innovation Partners,Japan,jp,Corporate,,FALSE,1
Clean Energy Industries,Metaplanet,Estonia,ee,Corporate,,FALSE,1
Clean Energy Industries,Meyer Burger,Switzerland,ch,Corporate,,FALSE,1
Clean Energy Industries,Mitsubishi HC Capital UK PLC,Japan,jp,Corporate,,FALSE,1
Clean Energy Industries,Mitsui & Co. Global Investment Ltd (MGI),Japan,jp,Corporate,,FALSE,1
Clean Energy Industries,Monashees,Brazil,br,Private Equity and Venture Capital,,FALSE,1
Clean Energy Industries,Moreira Salles,Brazil,br,Family Office,,FALSE,1
Clean Energy Industries,Morgan Stanley,United States,us,Merchant Bank,,FALSE,1
Clean Energy Industries,NIBC Bank,Netherlands,nl,Bank,,FALSE,1
Clean Energy Industries,Novax,Sweden,se,Corporate,,FALSE,1
Clean Energy Industries,OPG Ventures,Isle Of Man,im,Corporate,,FALSE,1
Clean Energy Industries,Osaka Gas,Japan,jp,Corporate,,FALSE,1
Clean Energy Industries,PATRIZIA,Germany,de,Asset Management,,FALSE,1
Clean Energy Industries,Pavilion Capital,United States,us,Private Equity and Venture Capital,,FALSE,1
Clean Energy Industries,Pontifax,Israel,il,Private Equity and Venture Capital,,FALSE,1
Clean Energy Industries,SJL Partners,"Korea, Republic Of (South Korea)",kr,Private Equity and Venture Capital,,FALSE,1
Clean Energy Industries,SKC Co,"Korea, Republic Of (South Korea)",kr,Corporate,,FALSE,1
Clean Energy Industries,SLB Ventures,United States,us,Corporate,,FALSE,1
Clean Energy Industries,Sabadell Capital,Spain,es,Corporate,,FALSE,1
Clean Energy Industries,Sabanci,Turkey,tr,Private Equity and Venture Capital,,FALSE,1
Clean Energy Industries,Saker Capital,United Arab Emirates,ae,Private Equity and Venture Capital,,FALSE,1
Clean Energy Industries,Saudi Aramco,Saudi Arabia,sa,Corporate,,FALSE,1
Clean Energy Industries,Schneider,France,fr,Corporate,,FALSE,1
Clean Energy Industries,SeAH Wind,"Korea, Republic Of (South Korea)",kr,Corporate,,FALSE,1
Clean Energy Industries,Searchlight Capital Partners,United States,us,Private Equity and Venture Capital,,FALSE,1
Clean Energy Industries,Shinhan Investment Private Equity,"Korea, Republic Of (South Korea)",kr,Private Equity and Venture Capital,,FALSE,1
Clean Energy Industries,Siemens,Germany,de,Corporate,,FALSE,1
Clean Energy Industries,Silicon Valley Bank,United States,us,Bank,,FALSE,1
Clean Energy Industries,Singapore Power,Singapore,sg,Corporate,,FALSE,1
Clean Energy Industries,Skyviews Life Science,Switzerland,ch,Private Equity and Venture Capital,,FALSE,1
Clean Energy Industries,Snam,Italy,it,State-owned enterprise (SOE) / Corporate strategic investor,,FALSE,1
Clean Energy Industries,Sucden Ventures,France,fr,Corporate,,FALSE,1
Clean Energy Industries,Sumitomo Corporation,Japan,jp,Corporate,,FALSE,1
Clean Energy Industries,Susquehanna International Group (SIG),United States,us,Private Equity and Venture Capital,,FALSE,1
Clean Energy Industries,TEPCO,Japan,jp,State-owned enterprise (SOE) / Corporate strategic investor,,FALSE,1
Clean Energy Industries,TPG,United States,us,Private Equity and Venture Capital,,FALSE,1
Clean Energy Industries,TRINE,Sweden,se,Crowd funding,,FALSE,1
Clean Energy Industries,Tekfen Ventures,United States,us,Corporate,,FALSE,1
Clean Energy Industries,Temasek Holdings,Singapore,sg,Sovereign Wealth Fund,SW Fund,FALSE,1
Clean Energy Industries,Tencent,China,cn,Corporate,,FALSE,1
Clean Energy Industries,Tiger Infrastructure Partners,United States,us,Asset Management / Private Equity,,FALSE,1
Clean Energy Industries,Toshiba,Japan,jp,Commercialisation Company,,FALSE,1
Clean Energy Industries,Tudor Group,United States,us,Asset Management,,FALSE,1
Clean Energy Industries,Various,,,Business Angel(s),,FALSE,1
Clean Energy Industries,WACKER Chemie AG,Germany,de,Corporate,,FALSE,1
Clean Energy Industries,Whitehelm Capital,Australia,au,Asset Management,,FALSE,1
Clean Energy Industries,nVent,United States,us,Corporate,,FALSE,1
Construction,Business Angel(s),,,Business Angel(s),,FALSE,23
Construction,Santander,Spain,es,Bank,,TRUE,8
Construction,Republic,United States,us,Crowd funding,,FALSE,5
Construction,Tata Steel,India,in,Corporate,,FALSE,3
Construction,Various,,,Business Angel(s),,FALSE,3
Construction,Brookfield,Canada,ca,Asset Management / Private Equity,,FALSE,2
Construction,Finch Capital,Netherlands,nl,Private Equity and Venture Capital,,FALSE,2
Construction,JLL Technologies,United States,us,Corporate,,FALSE,2
Construction,Rocket Internet,Germany,de,Corporate,,FALSE,2
Construction,Starwood Capital Group,United States,us,Asset Management / Private Equity,,FALSE,2
Construction,1/0 Capital,United States,us,Private Equity and Venture Capital,,FALSE,1
Construction,500 Global,United States,us,Private Equity and Venture Capital,,FALSE,1
Construction,ABC Impact,Singapore,sg,Private Equity and Venture Capital,,FALSE,1
Construction,ABN AMRO,Netherlands,nl,Bank,,FALSE,1
Construction,AENU,Germany,de,Private Equity and Venture Capital,,FALSE,1
Construction,AIB,Ireland,ie,Bank,,FALSE,1
Construction,AV8 Ventures,United States,us,Private Equity and Venture Capital,,FALSE,1
Construction,Activum SG Capital Management,Jersey,je,Private Equity and Venture Capital,,FALSE,1
Construction,Adara Ventures,Luxembourg,lu,Private Equity and Venture Capital,,FALSE,1
Construction,Ares Management,United States,us,Asset Management,,FALSE,1
Construction,Aster Capital,France,fr,Corporate,,FALSE,1
Construction,Birchal,Australia,au,Crowd funding,,FALSE,1
Construction,BnkToTheFuture,Cayman Islands,ky,Crowd funding,,FALSE,1
Construction,Breega Capital,France,fr,Private Equity and Venture Capital,,FALSE,1
Construction,CIBC (Canadian Imperial Bank of Commerce),Canada,ca,Bank,,FALSE,1
Construction,CapHorn Invest,France,fr,Private Equity and Venture Capital,,FALSE,1
Construction,Chevron Technology Ventures,United States,us,Corporate,,FALSE,1
Construction,Chicago Booth Angels,United States,us,Angel Network,,FALSE,1
Construction,Chief Financial Capital,United States,us,Private Investment Vehicle,,FALSE,1
Construction,Curious Capital,United States,us,Private Equity and Venture Capital,,FALSE,1
Construction,DAG Ventures,United States,us,Private Equity and Venture Capital,,FALSE,1
Construction,Dale Ventures,United Arab Emirates,ae,Private Equity and Venture Capital,,FALSE,1
Construction,EDP Ventures,Portugal,pt,Corporate,,FALSE,1
Construction,EQT Group,Sweden,se,Private Equity and Venture Capital,,FALSE,1
Construction,Edmond de Rothschild Investment Partners,France,fr,Private Equity and Venture Capital,,FALSE,1
Construction,Energy Impact Partners LP,United States,us,Private Equity and Venture Capital,,FALSE,1
Construction,European Investment Bank (EIB),Luxembourg,lu,Bank,,FALSE,1
Construction,FJ Labs,United States,us,Private Equity and Venture Capital,,FALSE,1
Construction,FinTech Collective,United States,us,Private Equity and Venture Capital,,FALSE,1
Construction,Flow Capital,Canada,ca,Private Equity and Venture Capital,,FALSE,1
Construction,Foundamental,Germany,de,Private Equity and Venture Capital,,FALSE,1
Construction,Founder Collective,United States,us,Private Equity and Venture Capital,,FALSE,1
Construction,Frontline Ventures,Ireland,ie,Private Equity and Venture Capital,,FALSE,1
Construction,Goldacre,,,,,,1
Construction,Google,United States,us,Corporate,,FALSE,1
Construction,Groupe Atlantic,France,fr,Private Equity and Venture Capital,,FALSE,1
Construction,HV Capital,Germany,de,Private Equity and Venture Capital,,FALSE,1
Construction,ICG-Longbow,Guernsey,gg,Property Lender,,FALSE,1
Construction,Inven Capital,Czech Republic,cz,Private Equity and Venture Capital,,FALSE,1
Construction,Jafco Ventures,United States,us,Private Equity and Venture Capital,,FALSE,1
Construction,LaSalle,United States,us,Property Lender,,FALSE,1
Construction,Macquarie Group,Australia,au,Merchant Bank,,FALSE,1
Construction,MassMutual Ventures,United States,us,Corporate,,FALSE,1
Construction,Matrix,United States,us,Private Equity and Venture Capital,,FALSE,1
Construction,Maxfield Capital,Russian Federation,ru,Private Equity and Venture Capital,,FALSE,1
Construction,Moore Capital Management,United States,us,Asset Management,,FALSE,1
Construction,Mubadala Investment Company,United Arab Emirates,ae,Sovereign Wealth Fund,SW Fund,FALSE,1
Construction,NordicNinja,Finland,fi,Private Equity and Venture Capital,,FALSE,1
Construction,Oak HC/FT,United States,us,Private Equity and Venture Capital,,FALSE,1
Construction,Optimas Capital Partners,Hong Kong,hk,Asset Management,,FALSE,1
Construction,Pavilion Capital,United States,us,Private Equity and Venture Capital,,FALSE,1
Construction,Proprium Capital,United States,us,Private Equity and Venture Capital,,FALSE,1
Construction,RXR Digital Ventures,United States,us,Corporate,,FALSE,1
Construction,Ramboll,Denmark,dk,Corporate,,FALSE,1
Construction,Ribbit Capital,United States,us,Private Equity and Venture Capital,,FALSE,1
Construction,Rothschild & Co,France,fr,Merchant Bank,,FALSE,1
Construction,Saudi Aramco,Saudi Arabia,sa,Corporate,,FALSE,1
Construction,SeAH Wind,"Korea, Republic Of (South Korea)",kr,Corporate,,FALSE,1
Construction,Searchlight Capital Partners,United States,us,Private Equity and Venture Capital,,FALSE,1
Construction,Silicon Valley Bank,United States,us,Bank,,FALSE,1
Construction,Suffolk Ventures,United States,us,Private Equity and Venture Capital,,FALSE,1
Construction,Surplus,Germany,de,Private Equity and Venture Capital,,FALSE,1
Construction,Target Global,Germany,de,Private Equity and Venture Capital,,FALSE,1
Construction,Tishman Speyer,United States,us,Corporate,,FALSE,1
Construction,Tribe Capital,United States,us,Private Equity and Venture Capital,,FALSE,1
Construction,Updata Partners,United States,us,Private Equity and Venture Capital,,FALSE,1
Construction,VentureFriends,Greece,gr,Private Equity and Venture Capital,,FALSE,1
Construction,nVent,United States,us,Corporate,,FALSE,1
Creative Industries,Business Angel(s),,,Business Angel(s),,FALSE,54
Creative Industries,Republic,United States,us,Crowd funding,,FALSE,9
Creative Industries,Beringea,United States,us,Private Equity and Venture Capital,,FALSE,6
Creative Industries,Santander,Spain,es,Bank,,TRUE,6
Creative Industries,Silicon Valley Bank,United States,us,Bank,,FALSE,4
Creative Industries,Tencent,China,cn,Corporate,,FALSE,4
Creative Industries,LVMH,France,fr,Corporate,,FALSE,3
Creative Industries,SoftBank Group,Japan,jp,Corporate,,FALSE,3
Creative Industries,Tata Steel,India,in,Corporate,,FALSE,3
Creative Industries,500 Global,United States,us,Private Equity and Venture Capital,,FALSE,2
Creative Industries,Accel Partners,United States,us,Private Equity and Venture Capital,,FALSE,2
Creative Industries,Accel-KKR,United States,us,Private Equity and Venture Capital,,FALSE,2
Creative Industries,Bertelsmann,United States,us,Corporate,,FALSE,2
Creative Industries,C4 Ventures,France,fr,Private Equity and Venture Capital,,FALSE,2
Creative Industries,Canaccord Genuity Group,Canada,ca,Merchant Bank,,FALSE,2
Creative Industries,Deutsche Bank,China,cn,Private Equity and Venture Capital,,FALSE,2
Creative Industries,Eight Roads Ventures,Bermuda,bm,Private Equity and Venture Capital,,FALSE,2
Creative Industries,FJ Labs,United States,us,Private Equity and Venture Capital,,FALSE,2
Creative Industries,Frontline Ventures,Ireland,ie,Private Equity and Venture Capital,,FALSE,2
Creative Industries,Greycroft Partners,United States,us,Private Equity and Venture Capital,,FALSE,2
Creative Industries,Horizons Ventures,Hong Kong,hk,Private Equity and Venture Capital,,FALSE,2
Creative Industries,IQT,United States,us,Private Equity and Venture Capital,,FALSE,2
Creative Industries,Mangrove Capital Partners,Luxembourg,lu,Private Equity and Venture Capital,,FALSE,2
Creative Industries,NetEase (NTES) Capital,China,cn,Corporate,,FALSE,2
Creative Industries,Novator Partners,Switzerland,ch,Private Investment Vehicle,,FALSE,2
Creative Industries,Partech Partners,France,fr,Private Equity and Venture Capital,,FALSE,2
Creative Industries,Susquehanna International Group (SIG),United States,us,Private Equity and Venture Capital,,FALSE,2
Creative Industries,Techstars,United States,us,Accelerator,,FALSE,2
Creative Industries,The Riverside Company,United States,us,Private Equity and Venture Capital,,FALSE,2
Creative Industries,Ventech,France,fr,Private Equity and Venture Capital,,FALSE,2
Creative Industries,127 Wall Productions,Hong Kong,hk,Corporate,,FALSE,1
Creative Industries,14W,United States,us,Private Equity and Venture Capital,,FALSE,1
Creative Industries,2be.lu,Luxembourg,lu,Private Equity and Venture Capital,,FALSE,1
Creative Industries,A.P. Moller Holding,Denmark,dk,Corporate,,FALSE,1
Creative Industries,ACG,India,in,Private Equity and Venture Capital,,FALSE,1
Creative Industries,AIB,Ireland,ie,Bank,,FALSE,1
Creative Industries,AUB Group,Australia,au,Corporate,,FALSE,1
Creative Industries,Acton Capital Partners,Germany,de,Private Equity and Venture Capital,,FALSE,1
Creative Industries,Advancit Capital,United States,us,Private Equity and Venture Capital,,FALSE,1
Creative Industries,Aeternum Holdings,Germany,de,Family Office,,FALSE,1
Creative Industries,Ahdritz Holding,United States,us,Private Investment Vehicle,,FALSE,1
Creative Industries,Alignment Growth,United States,us,Private Equity and Venture Capital,,FALSE,1
Creative Industries,Alumni Ventures,United States,us,Angel Network,,FALSE,1
Creative Industries,Amcor,Switzerland,ch,Corporate,,FALSE,1
Creative Industries,Andreessen Horowitz,United States,us,Private Equity and Venture Capital,,FALSE,1
Creative Industries,Aonic AB,Sweden,se,Corporate,,FALSE,1
Creative Industries,Aramex,United Arab Emirates,ae,Corporate,,FALSE,1
Creative Industries,Asia West,United States,us,Private Equity and Venture Capital,,FALSE,1
Creative Industries,Associated Press,United States,us,Corporate,,FALSE,1
Creative Industries,Aster Capital,France,fr,Corporate,,FALSE,1
Creative Industries,Atlantic Bridge,Ireland,ie,Private Equity and Venture Capital,,TRUE,1
Creative Industries,Avery Dennison,United States,us,Corporate,,FALSE,1
Creative Industries,BECO Capital,United Arab Emirates,ae,Private Equity and Venture Capital,,FALSE,1
Creative Industries,Best Nights VC,Germany,de,Private Equity and Venture Capital,,FALSE,1
Creative Industries,BlackRock,United States,us,Asset Management,,FALSE,1
Creative Industries,Blisce,France,fr,Private Equity and Venture Capital,,FALSE,1
Creative Industries,Blossom Street Ventures,United States,us,Private Equity and Venture Capital,,FALSE,1
Creative Industries,Bonnier Ventures,Sweden,se,Corporate,,FALSE,1
Creative Industries,Brand Capital,India,in,Corporate,,FALSE,1
Creative Industries,CAA Ventures,United States,us,Private Equity and Venture Capital,,FALSE,1
Creative Industries,CASSIUS,United States,us,Private Equity and Venture Capital,,FALSE,1
Creative Industries,CIBC (Canadian Imperial Bank of Commerce),Canada,ca,Bank,,FALSE,1
Creative Industries,CTC Venture Capital,United States,us,Private Equity and Venture Capital,,FALSE,1
Creative Industries,Cabus Ventures,"Virgin Islands, British",vg,Private Equity and Venture Capital,,FALSE,1
Creative Industries,Citigroup,United States,us,Bank,,FALSE,1
Creative Industries,Clocktower Ventures,United States,us,Private Equity and Venture Capital,,FALSE,1
Creative Industries,CoVent Partners,France,fr,Private Equity and Venture Capital,,FALSE,1
Creative Industries,Coatue Management,United States,us,Private Equity and Venture Capital,,FALSE,1
Creative Industries,Collinio Capital,Jersey,je,Private Equity and Venture Capital,,FALSE,1
Creative Industries,CommerzVentures,Germany,de,Private Equity and Venture Capital,,FALSE,1
Creative Industries,Companyon Ventures,United States,us,Private Equity and Venture Capital,,FALSE,1
Creative Industries,Creative Artists Agency,United States,us,Corporate,,FALSE,1
Creative Industries,DNB,Norway,no,Bank,,FALSE,1
Creative Industries,Da Vinci Capital,Russian Federation,ru,Private Equity and Venture Capital,,FALSE,1
Creative Industries,Designer Fund,United States,us,Private Equity and Venture Capital,,FALSE,1
Creative Industries,Digital Currency Group,United States,us,Private Equity and Venture Capital,,FALSE,1
Creative Industries,DuKlaw Ventures,Switzerland,ch,Private Equity and Venture Capital,,FALSE,1
Creative Industries,EDP Ventures,Portugal,pt,Corporate,,FALSE,1
Creative Industries,ElectriFI initiative,Belgium,be,European,,FALSE,1
Creative Industries,Elkstone,Ireland,ie,Family Office,,FALSE,1
Creative Industries,Endeavor Global,United States,us,Private Equity and Venture Capital,,FALSE,1
Creative Industries,Epic Games,United States,us,Corporate,,FALSE,1
Creative Industries,Ericsson,Sweden,se,Corporate,,FALSE,1
Creative Industries,Ethereal Ventures,"Virgin Islands, British",vg,Private Equity and Venture Capital,,FALSE,1
Creative Industries,Eurazeo,France,fr,Private Equity and Venture Capital,,TRUE,1
Creative Industries,Evolution Equity Partners,United States,us,Private Equity and Venture Capital,,TRUE,1
Creative Industries,Exor,Netherlands,nl,Family Office,,FALSE,1
Creative Industries,Experian,Ireland,ie,Corporate,,FALSE,1
Creative Industries,FMZ Ventures,United States,us,Private Investment Vehicle,,FALSE,1
Creative Industries,FactSet,United States,us,Corporate,,FALSE,1
Creative Industries,Federated Hermes,United States,us,Asset Management,,TRUE,1
Creative Industries,Finch Capital,Netherlands,nl,Private Equity and Venture Capital,,FALSE,1
Creative Industries,Fortress Investment Group,United States,us,Asset Management / Private Equity,,FALSE,1
Creative Industries,Forum Foundry,United States,us,Corporate,,FALSE,1
Creative Industries,Future Energy Ventures Management,Germany,de,Private Equity and Venture Capital,,FALSE,1
Creative Industries,Future Shape,France,fr,Private Investment Vehicle,,FALSE,1
Creative Industries,GTAM Partners,United States,us,Private Investment Vehicle,,FALSE,1
Creative Industries,Galaxy Interactive,United States,us,Corporate,,FALSE,1
Creative Industries,Gaw Capital,Hong Kong,hk,Asset Management,,FALSE,1
Creative Industries,General Atlantic,United States,us,Private Equity and Venture Capital,,FALSE,1
Creative Industries,German Media Pool,Germany,de,Private Equity and Venture Capital,,FALSE,1
Creative Industries,Giano Capital,Italy,it,Private Equity and Venture Capital,,FALSE,1
Creative Industries,Groupe Arnault,France,fr,Merchant Bank,,FALSE,1
Creative Industries,Gryphion Capital Investments,Netherlands,nl,Family Office,,FALSE,1
Creative Industries,Guan Quan Investments,China,cn,Private Investment Vehicle,,FALSE,1
Creative Industries,GuoGuang Electric Co,China,cn,Corporate,,FALSE,1
Creative Industries,HAVAÍC,,,,,,1
Creative Industries,HB Investments,United Arab Emirates,ae,Private Investment Vehicle,,FALSE,1
Creative Industries,HV Capital,Germany,de,Private Equity and Venture Capital,,FALSE,1
Creative Industries,Hanaco Ventures,Israel,il,Private Equity and Venture Capital,,FALSE,1
Creative Industries,Harbert Management Capital,United States,us,Asset Management / Private Equity,,FALSE,1
Creative Industries,Headline,United States,us,Private Equity and Venture Capital,,FALSE,1
Creative Industries,Hearst,United States,us,Corporate,,FALSE,1
Creative Industries,Holzbrinck Publishing Group,Germany,de,Corporate,,FALSE,1
Creative Industries,Horizons Labs,Hong Kong,hk,Private Equity and Venture Capital,,FALSE,1
Creative Industries,Impulse VC,Russian Federation,ru,Private Equity and Venture Capital,,FALSE,1
Creative Industries,Ingka Group,Netherlands,nl,Corporate,,FALSE,1
Creative Industries,Insight Partners,United States,us,Private Equity and Venture Capital,,FALSE,1
Creative Industries,Intel,United States,us,Corporate,,FALSE,1
Creative Industries,Investissement Quebec,Canada,ca,Private Equity and Venture Capital,,FALSE,1
Creative Industries,JPMorgan Chase & Co,United States,us,Asset Management,,FALSE,1
Creative Industries,Japan Energy Fund,Japan,jp,Private Equity and Venture Capital,,FALSE,1
Creative Industries,Kima Ventures,France,fr,Private Investment Vehicle,,FALSE,1
Creative Industries,LAUNCHub Ventures,Bulgaria,bg,Accelerator,,FALSE,1
Creative Industries,Lerer Hippeau Ventures,United States,us,Private Equity and Venture Capital,,FALSE,1
Creative Industries,Levine Leichtman Capital Partners,United States,us,Private Equity and Venture Capital,,FALSE,1
Creative Industries,LionTree,United States,us,Asset Management,,FALSE,1
Creative Industries,Lugard Road Capital,United States,us,Private Equity and Venture Capital,,FALSE,1
Creative Industries,Lumia Capital,United States,us,Private Equity and Venture Capital,,FALSE,1
Creative Industries,MUSIC,United States,us,Private Equity and Venture Capital,,FALSE,1
Creative Industries,MVolution Partners,United States,us,Private Equity and Venture Capital,,FALSE,1
Creative Industries,Marubeni Ventures,Japan,jp,Corporate,,FALSE,1
Creative Industries,Mast-Jägermeister SE,,,,,,1
Creative Industries,Material Impact,United States,us,Private Equity and Venture Capital,,FALSE,1
Creative Industries,Material Ventures,United States,us,Private Equity and Venture Capital,,FALSE,1
Creative Industries,Mayhoola for Investments,Qatar,qa,Family Office,,FALSE,1
Creative Industries,Mercedes-Benz Group,Germany,de,Corporate,,FALSE,1
Creative Industries,Middle East Venture Partners (MEVP),United Arab Emirates,ae,Private Equity and Venture Capital,,FALSE,1
Creative Industries,Mirabaud Private Equity,Switzerland,ch,Private Equity and Venture Capital,,FALSE,1
Creative Industries,Mirana Ventures,Singapore,sg,Private Equity and Venture Capital,,FALSE,1
Creative Industries,Mithril,United States,us,Private Equity and Venture Capital,,FALSE,1
Creative Industries,Mitsui & Co. Global Investment Ltd (MGI),Japan,jp,Corporate,,FALSE,1
Creative Industries,Move Energy,Netherlands,nl,Private Equity and Venture Capital,,FALSE,1
Creative Industries,MultiversX,Malta,mt,Private Equity and Venture Capital,,FALSE,1
Creative Industries,Nasdaq,United States,us,Corporate,,FALSE,1
Creative Industries,Natixis,France,fr,Merchant Bank,,FALSE,1
Creative Industries,Nexo,Switzerland,ch,Corporate,,FALSE,1
Creative Industries,Nordisk Games,Denmark,dk,Corporate,,FALSE,1
Creative Industries,Novel TMT Ventures,United States,us,Private Equity and Venture Capital,,FALSE,1
Creative Industries,OMERS Ventures,Canada,ca,Private Equity and Venture Capital,,FALSE,1
Creative Industries,Open Ocean Capital,Finland,fi,Private Equity and Venture Capital,,FALSE,1
Creative Industries,Optiver,Netherlands,nl,Asset Management,,FALSE,1
Creative Industries,Oyster Capital,Ireland,ie,Private Equity and Venture Capital,,FALSE,1
Creative Industries,PATRIZIA,Germany,de,Asset Management,,FALSE,1
Creative Industries,Parkway Venture Capital,United States,us,Private Equity and Venture Capital,,FALSE,1
Creative Industries,Point72,United States,us,Asset Management,,FALSE,1
Creative Industries,Prime Ventures,Netherlands,nl,Private Equity and Venture Capital,,TRUE,1
Creative Industries,Prosperity7 Ventures,United States,us,Private Equity and Venture Capital,,FALSE,1
Creative Industries,Rainfall Ventures,United States,us,Private Equity and Venture Capital,,FALSE,1
Creative Industries,Ramboll,Denmark,dk,Corporate,,FALSE,1
Creative Industries,RedBird Capital Partners,United States,us,Private Equity and Venture Capital,,FALSE,1
Creative Industries,Road King,Hong Kong,hk,Corporate,,FALSE,1
Creative Industries,Round13,Canada,ca,Private Equity and Venture Capital,,FALSE,1
Creative Industries,Runa Capital,United States,us,Private Equity and Venture Capital,,FALSE,1
Creative Industries,Ryan Sports Ventures,United States,us,Family Office,,FALSE,1
Creative Industries,SAIC Capital,United States,us,Private Equity and Venture Capital,,FALSE,1
Creative Industries,SAP,United States,us,Corporate,,FALSE,1
Creative Industries,Sanctor Capital,Puerto Rico,pr,Private Equity and Venture Capital,,FALSE,1
Creative Industries,Scopely,United States,us,Corporate,,FALSE,1
Creative Industries,Snowflake,United States,us,Corporate,,FALSE,1
Creative Industries,Sony Corporation,Japan,jp,Corporate,,FALSE,1
Creative Industries,Spark Capital Partners,United States,us,Private Equity and Venture Capital,,FALSE,1
Creative Industries,Starwood Capital Group,United States,us,Asset Management / Private Equity,,FALSE,1
Creative Industries,Stripe,United States,us,Private Equity and Venture Capital,,FALSE,1
Creative Industries,Structural Capital,United States,us,Private Equity and Venture Capital,,FALSE,1
Creative Industries,TIRTA,United States,us,Private Equity and Venture Capital,,FALSE,1
Creative Industries,TRINE,Sweden,se,Crowd funding,,FALSE,1
Creative Industries,Tapestry,United States,us,Corporate,,FALSE,1
Creative Industries,Target Global,Germany,de,Private Equity and Venture Capital,,FALSE,1
Creative Industries,TechNexus,United States,us,Private Equity and Venture Capital,,FALSE,1
Creative Industries,Temasek Holdings,Singapore,sg,Sovereign Wealth Fund,SW Fund,FALSE,1
Creative Industries,The Brandtech Group,United States,us,Corporate,,FALSE,1
Creative Industries,The Dow Chemical Company,United States,us,Corporate,,FALSE,1
Creative Industries,The New York Times Company,United States,us,Corporate,,FALSE,1
Creative Industries,The Raine Group,United States,us,Merchant Bank,,FALSE,1
Creative Industries,Third Stream Partners,United States,us,Private Equity and Venture Capital,,FALSE,1
Creative Industries,Torch Capital,United States,us,Private Equity and Venture Capital,,FALSE,1
Creative Industries,Toshiba,Japan,jp,Commercialisation Company,,FALSE,1
Creative Industries,Trillium International,United Arab Emirates,ae,Private Equity and Venture Capital,,FALSE,1
Creative Industries,Turn Sports Investments,Singapore,sg,Family Office,,FALSE,1
Creative Industries,Turner International,United States,us,Corporate,,FALSE,1
Creative Industries,Updata Partners,United States,us,Private Equity and Venture Capital,,FALSE,1
Creative Industries,VU Venture Partners,United States,us,Private Equity and Venture Capital,,FALSE,1
Creative Industries,Valcor Ventures LLC,United States,us,Private Equity and Venture Capital,,FALSE,1
Creative Industries,Vesta Ventures,United States,us,Private Equity and Venture Capital,,FALSE,1
Creative Industries,View Different,United States,us,Private Equity and Venture Capital,,FALSE,1
Creative Industries,Vipshop,China,cn,Corporate,,FALSE,1
Creative Industries,Warner Bros. Discovery,United States,us,Corporate,,FALSE,1
Creative Industries,White Cloud,Luxembourg,lu,Private Equity and Venture Capital,,FALSE,1
Creative Industries,Winona Capital,United States,us,Private Equity and Venture Capital,,FALSE,1
Creative Industries,Woodline Partners,United States,us,Private Equity and Venture Capital,,FALSE,1
Creative Industries,XV Capital,Australia,au,Private Equity and Venture Capital,,FALSE,1
Creative Industries,Yuga Labs,United States,us,Corporate,,FALSE,1
Creative Industries,Zebra Technologies,United States,us,Corporate,,FALSE,1
Creative Industries,b2venture,Germany,de,Private Equity and Venture Capital,,FALSE,1
Creative Industries,eWTP Innovation Fund,China,cn,Private Equity and Venture Capital,,FALSE,1
Creative Industries,iDreamSky,China,cn,Corporate,,FALSE,1
Defence,Business Angel(s),,,Business Angel(s),,FALSE,11
Defence,Insight Partners,United States,us,Private Equity and Venture Capital,,FALSE,4
Defence,Evolution Equity Partners,United States,us,Private Equity and Venture Capital,,TRUE,3
Defence,Goldman Sachs,United States,us,Merchant Bank,,FALSE,3
Defence,SoftBank Group,Japan,jp,Corporate,,FALSE,3
Defence,Digital Currency Group,United States,us,Private Equity and Venture Capital,,FALSE,2
Defence,Microsoft,United States,us,Corporate,,FALSE,2
Defence,Ontario Teachers’ Pension Plan,Canada,ca,Asset Management,International pension funds,FALSE,2
Defence,Paladin Capital Group,United States,us,Private Equity and Venture Capital,,FALSE,2
Defence,Republic,United States,us,Crowd funding,,FALSE,2
Defence,Summit Partners,United States,us,Private Equity and Venture Capital,,FALSE,2
Defence,Ten Eleven Ventures,United States,us,Private Equity and Venture Capital,,FALSE,2
Defence,Tencent,China,cn,Corporate,,FALSE,2
Defence,ABN AMRO,Netherlands,nl,Bank,,FALSE,1
Defence,AIB,Ireland,ie,Bank,,FALSE,1
Defence,Accenture,Ireland,ie,Private Equity and Venture Capital,,FALSE,1
Defence,Adara Ventures,Luxembourg,lu,Private Equity and Venture Capital,,FALSE,1
Defence,Allectus Capital,Bermuda,bm,Private Equity and Venture Capital,,FALSE,1
Defence,Allegis Capital,United States,us,Private Equity and Venture Capital,,FALSE,1
Defence,Alumni Ventures,United States,us,Angel Network,,FALSE,1
Defence,American Airlines,United States,us,Corporate,,FALSE,1
Defence,Andreessen Horowitz,United States,us,Private Equity and Venture Capital,,FALSE,1
Defence,Apax Partners,United States,us,Private Equity and Venture Capital,,FALSE,1
Defence,Aster Capital,France,fr,Corporate,,FALSE,1
Defence,Avolon,United States,us,Private Equity and Venture Capital,,FALSE,1
Defence,BNY Mellon,United States,us,Private Equity and Venture Capital,,FALSE,1
Defence,BOKA Group,United States,us,Private Equity and Venture Capital,,FALSE,1
Defence,Brighton Park Capital,United States,us,Private Equity and Venture Capital,,FALSE,1
Defence,Cisco,United States,us,Corporate,,FALSE,1
Defence,Citigroup,United States,us,Bank,,FALSE,1
Defence,Collinio Capital,Jersey,je,Private Equity and Venture Capital,,FALSE,1
Defence,Credit Agricole,France,fr,Bank,,FALSE,1
Defence,Crestline Investors,United States,us,Asset Management,,FALSE,1
Defence,Crossfin Holdings,South Africa,za,Private Equity and Venture Capital,,FALSE,1
Defence,DuKlaw Ventures,Switzerland,ch,Private Equity and Venture Capital,,FALSE,1
Defence,Eight Roads Ventures,Bermuda,bm,Private Equity and Venture Capital,,FALSE,1
Defence,EnBW,Germany,de,Private Equity and Venture Capital,,FALSE,1
Defence,Energy Impact Partners LP,United States,us,Private Equity and Venture Capital,,FALSE,1
Defence,Epic Games,United States,us,Corporate,,FALSE,1
Defence,Ericsson,Sweden,se,Corporate,,FALSE,1
Defence,Ethereal Ventures,"Virgin Islands, British",vg,Private Equity and Venture Capital,,FALSE,1
Defence,Eurazeo,France,fr,Private Equity and Venture Capital,,TRUE,1
Defence,Fin Venture Capital,United States,us,Private Equity and Venture Capital,,FALSE,1
Defence,Government of Singapore Investment Corporation (GIC Private Limited),Singapore,sg,Sovereign Wealth Fund,SW Fund,FALSE,1
Defence,HCOB,Germany,de,Bank,,FALSE,1
Defence,Honeywell,United States,us,Corporate,,FALSE,1
Defence,Horizons Ventures,Hong Kong,hk,Private Equity and Venture Capital,,FALSE,1
Defence,Hostplus,Australia,au,Asset Management,,FALSE,1
Defence,ING Bank,Netherlands,nl,Bank,,FALSE,1
Defence,IQT,United States,us,Private Equity and Venture Capital,,FALSE,1
Defence,Ingka Group,Netherlands,nl,Corporate,,FALSE,1
Defence,Invesco,United States,us,Asset Management,,FALSE,1
Defence,JPMorgan Chase & Co,United States,us,Asset Management,,FALSE,1
Defence,KKR,United States,us,Private Equity and Venture Capital,,FALSE,1
Defence,KRW Schindler Private Ventures,Luxembourg,lu,Private Equity and Venture Capital,,FALSE,1
Defence,KV Management,United States,us,Private Investment Vehicle,,FALSE,1
Defence,Kommunal Credit,Austria,at,Bank,,FALSE,1
Defence,Kouros,France,fr,Family Office,,FALSE,1
Defence,Macquarie Group,Australia,au,Merchant Bank,,FALSE,1
Defence,Magnetar,United States,us,Corporate,,FALSE,1
Defence,Marlin Equity Partners,United States,us,Private Equity and Venture Capital,,FALSE,1
Defence,Menlo Ventures,United States,us,Private Equity and Venture Capital,,FALSE,1
Defence,Mirana Ventures,Singapore,sg,Private Equity and Venture Capital,,FALSE,1
Defence,MissionOG,United States,us,Private Equity and Venture Capital,,FALSE,1
Defence,Moore Capital Management,United States,us,Asset Management,,FALSE,1
Defence,Mudrick Capital Management,United States,us,Private Equity and Venture Capital,,FALSE,1
Defence,MultiversX,Malta,mt,Private Equity and Venture Capital,,FALSE,1
Defence,NIBC Bank,Netherlands,nl,Bank,,FALSE,1
Defence,National Grid Partners,United States,us,Private Equity and Venture Capital,,FALSE,1
Defence,NetEase (NTES) Capital,China,cn,Corporate,,FALSE,1
Defence,Nexo,Switzerland,ch,Corporate,,FALSE,1
Defence,Parkway Venture Capital,United States,us,Private Equity and Venture Capital,,FALSE,1
Defence,QBN Capital,Hong Kong,hk,Private Equity and Venture Capital,,FALSE,1
Defence,Round13,Canada,ca,Private Equity and Venture Capital,,FALSE,1
Defence,SB ISAT Fund,Indonesia,id,Private Equity and Venture Capital,,FALSE,1
Defence,SBI Holdings,Japan,jp,Corporate,,FALSE,1
Defence,Sabadell Capital,Spain,es,Corporate,,FALSE,1
Defence,Salesforce,United States,us,Corporate,,FALSE,1
Defence,Sanctor Capital,Puerto Rico,pr,Private Equity and Venture Capital,,FALSE,1
Defence,Santander,Spain,es,Bank,,TRUE,1
Defence,Siemens,Germany,de,Corporate,,FALSE,1
Defence,SignalFire,United States,us,Private Equity and Venture Capital,,FALSE,1
Defence,SixThirty Ventures,United States,us,Private Equity and Venture Capital,,FALSE,1
Defence,Spectrum Equity Investors,United States,us,Private Equity and Venture Capital,,FALSE,1
Defence,Susquehanna International Group (SIG),United States,us,Private Equity and Venture Capital,,FALSE,1
Defence,TIRTA,United States,us,Private Equity and Venture Capital,,FALSE,1
Defence,TPG,United States,us,Private Equity and Venture Capital,,FALSE,1
Defence,TTV Capital,United States,us,Private Equity and Venture Capital,,FALSE,1
Defence,Tata Steel,India,in,Corporate,,FALSE,1
Defence,Technology Venture Partners,United States,us,Private Equity and Venture Capital,,FALSE,1
Defence,Temasek Holdings,Singapore,sg,Sovereign Wealth Fund,SW Fund,FALSE,1
Defence,Tuesday Capital,United States,us,Private Equity and Venture Capital,,FALSE,1
Defence,VU Venture Partners,United States,us,Private Equity and Venture Capital,,FALSE,1
Defence,Wallenius Wilhelmsen,Norway,no,Private Equity and Venture Capital,,FALSE,1
Defence,Warburg Pincus,United States,us,Private Equity and Venture Capital,,FALSE,1
Defence,Wellington Partners,Germany,de,Private Equity and Venture Capital,,FALSE,1
Defence,Wells Fargo,United States,us,Private Equity and Venture Capital,,FALSE,1
Defence,White Cloud,Luxembourg,lu,Private Equity and Venture Capital,,FALSE,1
Defence,WndrCo,United States,us,Private Equity and Venture Capital,,FALSE,1
Defence,Yuga Labs,United States,us,Corporate,,FALSE,1
Digital and Technologies,Business Angel(s),,,Business Angel(s),,FALSE,164
Digital and Technologies,Republic,United States,us,Crowd funding,,FALSE,18
Digital and Technologies,Silicon Valley Bank,United States,us,Bank,,FALSE,13
Digital and Technologies,Insight Partners,United States,us,Private Equity and Venture Capital,,FALSE,12
Digital and Technologies,Tencent,China,cn,Corporate,,FALSE,11
Digital and Technologies,Beringea,United States,us,Private Equity and Venture Capital,,FALSE,10
Digital and Technologies,CIBC (Canadian Imperial Bank of Commerce),Canada,ca,Bank,,FALSE,9
Digital and Technologies,Citigroup,United States,us,Bank,,FALSE,9
Digital and Technologies,Google,United States,us,Corporate,,FALSE,9
Digital and Technologies,SoftBank Group,Japan,jp,Corporate,,FALSE,9
Digital and Technologies,Deutsche Bank,China,cn,Private Equity and Venture Capital,,FALSE,8
Digital and Technologies,Goldman Sachs,United States,us,Merchant Bank,,FALSE,8
Digital and Technologies,Accel Partners,United States,us,Private Equity and Venture Capital,,FALSE,6
Digital and Technologies,EQT Group,Sweden,se,Private Equity and Venture Capital,,FALSE,6
Digital and Technologies,Santander,Spain,es,Bank,,TRUE,6
Digital and Technologies,Techstars,United States,us,Accelerator,,FALSE,6
Digital and Technologies,Temasek Holdings,Singapore,sg,Sovereign Wealth Fund,SW Fund,FALSE,6
Digital and Technologies,Tiger Global Management,United States,us,Asset Management,,FALSE,6
Digital and Technologies,500 Global,United States,us,Private Equity and Venture Capital,,FALSE,5
Digital and Technologies,Acton Capital Partners,Germany,de,Private Equity and Venture Capital,,FALSE,5
Digital and Technologies,BlackRock,United States,us,Asset Management,,FALSE,5
Digital and Technologies,CommerzVentures,Germany,de,Private Equity and Venture Capital,,FALSE,5
Digital and Technologies,Eight Roads Ventures,Bermuda,bm,Private Equity and Venture Capital,,FALSE,5
Digital and Technologies,FTV Capital,United States,us,Private Equity and Venture Capital,,FALSE,5
Digital and Technologies,Frontline Ventures,Ireland,ie,Private Equity and Venture Capital,,FALSE,5
Digital and Technologies,Hostplus,Australia,au,Asset Management,,FALSE,5
Digital and Technologies,JPMorgan Chase & Co,United States,us,Asset Management,,FALSE,5
Digital and Technologies,Novator Partners,Switzerland,ch,Private Investment Vehicle,,FALSE,5
Digital and Technologies,SAP,United States,us,Corporate,,FALSE,5
Digital and Technologies,Target Global,Germany,de,Private Equity and Venture Capital,,FALSE,5
Digital and Technologies,DST Global,United States,us,Private Equity and Venture Capital,,FALSE,4
Digital and Technologies,Evolution Equity Partners,United States,us,Private Equity and Venture Capital,,TRUE,4
Digital and Technologies,FJ Labs,United States,us,Private Equity and Venture Capital,,FALSE,4
Digital and Technologies,Gauss Ventures,Cayman Islands,ky,Private Equity and Venture Capital,,FALSE,4
Digital and Technologies,General Catalyst,United States,us,Private Equity and Venture Capital,,FALSE,4
Digital and Technologies,IQT,United States,us,Private Equity and Venture Capital,,FALSE,4
Digital and Technologies,Invesco,United States,us,Asset Management,,FALSE,4
Digital and Technologies,M&G ­Investments,,,,,,4
Digital and Technologies,Mubadala Investment Company,United Arab Emirates,ae,Sovereign Wealth Fund,SW Fund,FALSE,4
Digital and Technologies,Puhua Capital,China,cn,Private Equity and Venture Capital,,FALSE,4
Digital and Technologies,Ribbit Capital,United States,us,Private Equity and Venture Capital,,FALSE,4
Digital and Technologies,Rocket Internet,Germany,de,Corporate,,FALSE,4
Digital and Technologies,SBI Holdings,Japan,jp,Corporate,,FALSE,4
Digital and Technologies,Accel-KKR,United States,us,Private Equity and Venture Capital,,FALSE,3
Digital and Technologies,Apax Partners,United States,us,Private Equity and Venture Capital,,FALSE,3
Digital and Technologies,Breega Capital,France,fr,Private Equity and Venture Capital,,FALSE,3
Digital and Technologies,Coatue Management,United States,us,Private Equity and Venture Capital,,FALSE,3
Digital and Technologies,Endeavor Global,United States,us,Private Equity and Venture Capital,,FALSE,3
Digital and Technologies,Eurazeo,France,fr,Private Equity and Venture Capital,,TRUE,3
Digital and Technologies,Experian,Ireland,ie,Corporate,,FALSE,3
Digital and Technologies,Finch Capital,Netherlands,nl,Private Equity and Venture Capital,,FALSE,3
Digital and Technologies,Foresite Capital,United States,us,Private Equity and Venture Capital,,FALSE,3
Digital and Technologies,General Atlantic,United States,us,Private Equity and Venture Capital,,FALSE,3
Digital and Technologies,Government of Singapore Investment Corporation (GIC Private Limited),Singapore,sg,Sovereign Wealth Fund,SW Fund,FALSE,3
Digital and Technologies,HV Capital,Germany,de,Private Equity and Venture Capital,,FALSE,3
Digital and Technologies,Horizons Ventures,Hong Kong,hk,Private Equity and Venture Capital,,FALSE,3
Digital and Technologies,ING Bank,Netherlands,nl,Bank,,FALSE,3
Digital and Technologies,Ingka Group,Netherlands,nl,Corporate,,FALSE,3
Digital and Technologies,Invus,United States,us,Private Equity and Venture Capital,,FALSE,3
Digital and Technologies,KKR,United States,us,Private Equity and Venture Capital,,FALSE,3
Digital and Technologies,Kima Ventures,France,fr,Private Investment Vehicle,,FALSE,3
Digital and Technologies,Lakestar,Switzerland,ch,Private Equity and Venture Capital,,FALSE,3
Digital and Technologies,Lightspeed Management,United States,us,Private Equity and Venture Capital,,FALSE,3
Digital and Technologies,MasterCard,United States,us,Corporate,,FALSE,3
Digital and Technologies,Merck Group,Germany,de,Private Equity and Venture Capital,,FALSE,3
Digital and Technologies,Moore Capital Management,United States,us,Asset Management,,FALSE,3
Digital and Technologies,Morningside Group,Hong Kong,hk,Family Office,,FALSE,3
Digital and Technologies,NIBC Bank,Netherlands,nl,Bank,,FALSE,3
Digital and Technologies,OMERS Ventures,Canada,ca,Private Equity and Venture Capital,,FALSE,3
Digital and Technologies,Ontario Teachers’ Pension Plan,Canada,ca,Asset Management,International pension funds,FALSE,3
Digital and Technologies,Partech Partners,France,fr,Private Equity and Venture Capital,,FALSE,3
Digital and Technologies,PayPal,United States,us,Corporate,,FALSE,3
Digital and Technologies,Prime Ventures,Netherlands,nl,Private Equity and Venture Capital,,TRUE,3
Digital and Technologies,QED Investors,United States,us,Private Equity and Venture Capital,,FALSE,3
Digital and Technologies,Salesforce,United States,us,Corporate,,FALSE,3
Digital and Technologies,Sofinnova Partners,France,fr,Private Equity and Venture Capital,,FALSE,3
Digital and Technologies,Sony Corporation,Japan,jp,Corporate,,FALSE,3
Digital and Technologies,Speedinvest,Austria,at,Private Equity and Venture Capital,,FALSE,3
Digital and Technologies,Susquehanna International Group (SIG),United States,us,Private Equity and Venture Capital,,FALSE,3
Digital and Technologies,Technology Crossover Ventures,United States,us,Private Equity and Venture Capital,,FALSE,3
Digital and Technologies,A.P. Moller Holding,Denmark,dk,Corporate,,FALSE,2
Digital and Technologies,ABB,Switzerland,ch,Corporate,,FALSE,2
Digital and Technologies,ABC Impact,Singapore,sg,Private Equity and Venture Capital,,FALSE,2
Digital and Technologies,Accenture,Ireland,ie,Private Equity and Venture Capital,,FALSE,2
Digital and Technologies,Adara Ventures,Luxembourg,lu,Private Equity and Venture Capital,,FALSE,2
Digital and Technologies,Allegis Capital,United States,us,Private Equity and Venture Capital,,FALSE,2
Digital and Technologies,American Express,United States,us,Corporate,,FALSE,2
Digital and Technologies,Ananda Impact Ventures,Germany,de,Private Equity and Venture Capital,,FALSE,2
Digital and Technologies,Andera Partners,France,fr,Private Equity and Venture Capital,,FALSE,2
Digital and Technologies,Aquiline Capital Partners,United States,us,Private Equity and Venture Capital,,FALSE,2
Digital and Technologies,Ares Management,United States,us,Asset Management,,FALSE,2
Digital and Technologies,Astellas Pharma,Japan,jp,Corporate,,FALSE,2
Digital and Technologies,Aster Capital,France,fr,Corporate,,FALSE,2
Digital and Technologies,Atlantic Bridge,Ireland,ie,Private Equity and Venture Capital,,TRUE,2
Digital and Technologies,Atlantic Vantage Point,France,fr,Private Equity and Venture Capital,,FALSE,2
Digital and Technologies,BNY Mellon,United States,us,Private Equity and Venture Capital,,FALSE,2
Digital and Technologies,Bain Capital,United States,us,Private Equity and Venture Capital,,FALSE,2
Digital and Technologies,Battery,United States,us,Private Equity and Venture Capital,,FALSE,2
Digital and Technologies,BiG Start Ventures,Portugal,pt,Private Equity and Venture Capital,,FALSE,2
Digital and Technologies,Bits x Bites,China,cn,Private Equity and Venture Capital,,FALSE,2
Digital and Technologies,Black River Ventures,Russian Federation,ru,Private Equity and Venture Capital,,FALSE,2
Digital and Technologies,Blue Venture Fund,United States,us,Private Equity and Venture Capital,,FALSE,2
Digital and Technologies,Burda Principal Investments,Germany,de,Private Equity and Venture Capital,,FALSE,2
Digital and Technologies,C4 Ventures,France,fr,Private Equity and Venture Capital,,FALSE,2
Digital and Technologies,CPP Investments,Canada,ca,Asset Management,SW Fund,FALSE,2
Digital and Technologies,CVC Capital Partners,Luxembourg,lu,Private Equity and Venture Capital,,FALSE,2
Digital and Technologies,Canaccord Genuity Group,Canada,ca,Merchant Bank,,FALSE,2
Digital and Technologies,Clay Capital,Singapore,sg,Private Equity and Venture Capital,,FALSE,2
Digital and Technologies,Creandum,Sweden,se,Private Equity and Venture Capital,,FALSE,2
Digital and Technologies,Credit Suisse,Switzerland,ch,Merchant Bank,,FALSE,2
Digital and Technologies,CreditEase,China,cn,Asset Management,,FALSE,2
Digital and Technologies,Crestline Investors,United States,us,Asset Management,,FALSE,2
Digital and Technologies,Da Vinci Capital,Russian Federation,ru,Private Equity and Venture Capital,,FALSE,2
Digital and Technologies,Dale Ventures,United Arab Emirates,ae,Private Equity and Venture Capital,,FALSE,2
Digital and Technologies,Digital Currency Group,United States,us,Private Equity and Venture Capital,,FALSE,2
Digital and Technologies,Eldridge Industries,United States,us,Private Equity and Venture Capital,,FALSE,2
Digital and Technologies,Eli Lilly & Co,United States,us,Corporate,,FALSE,2
Digital and Technologies,Fortress Investment Group,United States,us,Asset Management / Private Equity,,FALSE,2
Digital and Technologies,GK Goh Group,Singapore,sg,Corporate,,FALSE,2
Digital and Technologies,Greycroft Partners,United States,us,Private Equity and Venture Capital,,FALSE,2
Digital and Technologies,Harbert Management Capital,United States,us,Asset Management / Private Equity,,FALSE,2
Digital and Technologies,Headline,United States,us,Private Equity and Venture Capital,,FALSE,2
Digital and Technologies,Hearst,United States,us,Corporate,,FALSE,2
Digital and Technologies,Hummingbird Ventures,Belgium,be,Private Equity and Venture Capital,,FALSE,2
Digital and Technologies,ICONIQ Capital,United States,us,Family Office,,FALSE,2
Digital and Technologies,Intel,United States,us,Corporate,,FALSE,2
Digital and Technologies,International Finance Corporation (IFC),United States,us,Private Equity and Venture Capital,,FALSE,2
Digital and Technologies,JLL Technologies,United States,us,Corporate,,FALSE,2
Digital and Technologies,Kernel Capital,Ireland,ie,Private Equity and Venture Capital,,FALSE,2
Digital and Technologies,Macquarie Group,Australia,au,Merchant Bank,,FALSE,2
Digital and Technologies,Mangrove Capital Partners,Luxembourg,lu,Private Equity and Venture Capital,,FALSE,2
Digital and Technologies,MassMutual Ventures,United States,us,Corporate,,FALSE,2
Digital and Technologies,Metaplanet,Estonia,ee,Corporate,,FALSE,2
Digital and Technologies,Mithril,United States,us,Private Equity and Venture Capital,,FALSE,2
Digital and Technologies,Morgan Stanley,United States,us,Merchant Bank,,FALSE,2
Digital and Technologies,Natixis,France,fr,Merchant Bank,,FALSE,2
Digital and Technologies,NetEase (NTES) Capital,China,cn,Corporate,,FALSE,2
Digital and Technologies,Northpond Ventures,United States,us,Private Equity and Venture Capital,,FALSE,2
Digital and Technologies,Oaktree,United States,us,Asset Management,,FALSE,2
Digital and Technologies,Paladin Capital Group,United States,us,Private Equity and Venture Capital,,FALSE,2
Digital and Technologies,Pfizer,United States,us,Corporate,,FALSE,2
Digital and Technologies,Point72,United States,us,Asset Management,,FALSE,2
Digital and Technologies,QBN Capital,Hong Kong,hk,Private Equity and Venture Capital,,FALSE,2
Digital and Technologies,Qatar Investment Authority,Qatar,qa,Sovereign Wealth Fund,SW Fund,FALSE,2
Digital and Technologies,Rabobank,Netherlands,nl,Bank,,FALSE,2
Digital and Technologies,Saudi Aramco,Saudi Arabia,sa,Corporate,,FALSE,2
Digital and Technologies,Seventure Partners,France,fr,Private Equity and Venture Capital,,FALSE,2
Digital and Technologies,Silversmith Capital Partners,United States,us,Private Equity and Venture Capital,,FALSE,2
Digital and Technologies,Sofina,Belgium,be,Private Equity and Venture Capital,,FALSE,2
Digital and Technologies,Starwood Capital Group,United States,us,Asset Management / Private Equity,,FALSE,2
Digital and Technologies,Stripe,United States,us,Private Equity and Venture Capital,,FALSE,2
Digital and Technologies,Summit Partners,United States,us,Private Equity and Venture Capital,,FALSE,2
Digital and Technologies,TELUS Corporation,Canada,ca,Corporate,,FALSE,2
Digital and Technologies,TPG,United States,us,Private Equity and Venture Capital,,FALSE,2
Digital and Technologies,Tanarra,Australia,au,Asset Management / Private Equity,,FALSE,2
Digital and Technologies,Ten Coves Capital,United States,us,Private Equity and Venture Capital,,FALSE,2
Digital and Technologies,Ten Eleven Ventures,United States,us,Private Equity and Venture Capital,,FALSE,2
Digital and Technologies,Trinity Capital,United States,us,Specialist Lender,,FALSE,2
Digital and Technologies,U-Start Club,Italy,it,Private Equity and Venture Capital,,FALSE,2
Digital and Technologies,Updata Partners,United States,us,Private Equity and Venture Capital,,FALSE,2
Digital and Technologies,Vanderbilt University,United States,us,University,,FALSE,2
Digital and Technologies,Ventech,France,fr,Private Equity and Venture Capital,,FALSE,2
Digital and Technologies,Village Global,United States,us,Private Equity and Venture Capital,,FALSE,2
Digital and Technologies,White Cloud,Luxembourg,lu,Private Equity and Venture Capital,,FALSE,2
Digital and Technologies,b2venture,Germany,de,Private Equity and Venture Capital,,FALSE,2
Digital and Technologies,1/0 Capital,United States,us,Private Equity and Venture Capital,,FALSE,1
Digital and Technologies,11.2 Capital,United States,us,Private Equity and Venture Capital,,FALSE,1
Digital and Technologies,14W,United States,us,Private Equity and Venture Capital,,FALSE,1
Digital and Technologies,1818 Venture Capital,Guernsey,gg,Private Equity and Venture Capital,,FALSE,1
Digital and Technologies,2be.lu,Luxembourg,lu,Private Equity and Venture Capital,,FALSE,1
Digital and Technologies,5Y Capital,China,cn,Family Office,,FALSE,1
Digital and Technologies,76 West Holdings,United States,us,Corporate,,FALSE,1
Digital and Technologies,ABN AMRO,Netherlands,nl,Bank,,FALSE,1
Digital and Technologies,ACG,India,in,Private Equity and Venture Capital,,FALSE,1
Digital and Technologies,ADQ,United Arab Emirates,ae,Central Government,,FALSE,1
Digital and Technologies,AFG Partners,Hong Kong,hk,Private Equity and Venture Capital,,FALSE,1
Digital and Technologies,AIB,Ireland,ie,Bank,,FALSE,1
Digital and Technologies,APEX Ventures,Austria,at,Private Equity and Venture Capital,,FALSE,1
Digital and Technologies,ARCH Venture Partners,United States,us,Private Equity and Venture Capital,,FALSE,1
Digital and Technologies,AXA,France,fr,Corporate,,FALSE,1
Digital and Technologies,AbbVie Ventures,United States,us,Corporate,,FALSE,1
Digital and Technologies,Abry Partners,United States,us,Private Equity and Venture Capital,,FALSE,1
Digital and Technologies,Abu Dhabi Growth Fund,United Arab Emirates,ae,Government,,FALSE,1
Digital and Technologies,Access Industries,United States,us,Private Investment Vehicle,,FALSE,1
Digital and Technologies,Accion Frontier Investments Group,United States,us,Charity/Not-for-profit company,,FALSE,1
Digital and Technologies,Acequia Capital,United States,us,Private Equity and Venture Capital,,FALSE,1
Digital and Technologies,Activum SG Capital Management,Jersey,je,Private Equity and Venture Capital,,FALSE,1
Digital and Technologies,Adcock Private Equity,Australia,au,Private Equity and Venture Capital,,FALSE,1
Digital and Technologies,Adelie,France,fr,Private Equity and Venture Capital,,FALSE,1
Digital and Technologies,AdvenCap,Mauritius,mu,Asset Management,,FALSE,1
Digital and Technologies,Advent International,United States,us,Private Equity and Venture Capital,,FALSE,1
Digital and Technologies,Agronomics,Isle Of Man,im,Private Equity and Venture Capital,,FALSE,1
Digital and Technologies,Ahdritz Holding,United States,us,Private Investment Vehicle,,FALSE,1
Digital and Technologies,Aldea Ventures,Spain,es,Private Equity and Venture Capital,,FALSE,1
Digital and Technologies,Alignment Growth,United States,us,Private Equity and Venture Capital,,FALSE,1
Digital and Technologies,Allectus Capital,Bermuda,bm,Private Equity and Venture Capital,,FALSE,1
Digital and Technologies,Alliance Bernstein (AB),United States,us,Private Equity and Venture Capital,,FALSE,1
Digital and Technologies,Alliance Ventures,Netherlands,nl,Corporate,,FALSE,1
Digital and Technologies,Allianz,Germany,de,Asset Management,,FALSE,1
Digital and Technologies,Ally Bridge Group,United States,us,Private Equity and Venture Capital,,FALSE,1
Digital and Technologies,Alpha Wave Ventures,United States,us,Private Equity and Venture Capital,,FALSE,1
Digital and Technologies,AlphaCode,South Africa,za,Accelerator,,FALSE,1
Digital and Technologies,Altimeter Capital,United States,us,Private Equity and Venture Capital,,FALSE,1
Digital and Technologies,Alumni Ventures,United States,us,Angel Network,,FALSE,1
Digital and Technologies,Amcor,Switzerland,ch,Corporate,,FALSE,1
Digital and Technologies,Amundi,France,fr,Asset Management,,FALSE,1
Digital and Technologies,Andreessen Horowitz,United States,us,Private Equity and Venture Capital,,FALSE,1
Digital and Technologies,Aonic AB,Sweden,se,Corporate,,FALSE,1
Digital and Technologies,Apollo Global Management,United States,us,Asset Management,,FALSE,1
Digital and Technologies,Applied Ventures,United States,us,Private Equity and Venture Capital,,FALSE,1
Digital and Technologies,Aqua-Spark,Netherlands,nl,Private Equity and Venture Capital,,FALSE,1
Digital and Technologies,Ara Partners,United States,us,Private Equity and Venture Capital,,FALSE,1
Digital and Technologies,Aramex,United Arab Emirates,ae,Corporate,,FALSE,1
Digital and Technologies,ArcTern Ventures,Canada,ca,Private Equity and Venture Capital,,FALSE,1
Digital and Technologies,Archean Chemical Industries,India,in,Corporate,,FALSE,1
Digital and Technologies,Associated Press,United States,us,Corporate,,FALSE,1
Digital and Technologies,Atalaya Capital Management,United States,us,Asset Management,,FALSE,1
Digital and Technologies,Audacious Ventures,United States,us,Private Equity and Venture Capital,,FALSE,1
Digital and Technologies,Avenue Capital Group,United States,us,Private Equity and Venture Capital,,FALSE,1
Digital and Technologies,Avery Dennison,United States,us,Corporate,,FALSE,1
Digital and Technologies,Avidity Partners,United States,us,Private Equity and Venture Capital,,FALSE,1
Digital and Technologies,Axel Johnson (D: Ax),Sweden,se,Corporate,,FALSE,1
Digital and Technologies,Axel Johnson Group,Sweden,se,Corporate,,FALSE,1
Digital and Technologies,BBVA,Spain,es,Bank,,FALSE,1
Digital and Technologies,BDT & MSD Partners,United States,us,Merchant Bank,,FALSE,1
Digital and Technologies,BECO Capital,United Arab Emirates,ae,Private Equity and Venture Capital,,FALSE,1
Digital and Technologies,BGI Genomics,China,cn,Corporate,,FALSE,1
Digital and Technologies,BMW,United States,us,Corporate,,FALSE,1
Digital and Technologies,BNP Paribas,France,fr,Bank,,FALSE,1
Digital and Technologies,BNW Investment Co,"Korea, Republic Of (South Korea)",kr,Private Equity and Venture Capital,,FALSE,1
Digital and Technologies,BOKA Group,United States,us,Private Equity and Venture Capital,,FALSE,1
Digital and Technologies,BOND,United States,us,Private Equity and Venture Capital,,FALSE,1
Digital and Technologies,BTS Group,Thailand,th,Corporate,,FALSE,1
Digital and Technologies,Baird Capital,United States,us,Private Equity and Venture Capital,,FALSE,1
Digital and Technologies,Bank of America,United States,us,Bank,,FALSE,1
Digital and Technologies,Base Partners,Brazil,br,Private Equity and Venture Capital,,FALSE,1
Digital and Technologies,Bayer,Germany,de,Corporate,,FALSE,1
Digital and Technologies,Bayland Capital,China,cn,Private Equity and Venture Capital,,FALSE,1
Digital and Technologies,Beacon Equity Partners,United States,us,Private Equity and Venture Capital,,FALSE,1
Digital and Technologies,Beauport Partners,Jersey,je,Private Equity and Venture Capital,,FALSE,1
Digital and Technologies,Berggruen Holdings,United States,us,Family Office,,FALSE,1
Digital and Technologies,Bertelsmann,United States,us,Corporate,,FALSE,1
Digital and Technologies,Best Nights VC,Germany,de,Private Equity and Venture Capital,,FALSE,1
Digital and Technologies,Big Pi Ventures,Greece,gr,Private Equity and Venture Capital,,FALSE,1
Digital and Technologies,Bio-Rad Laboratories,United States,us,Corporate,,FALSE,1
Digital and Technologies,Bioeconomy Capital,United States,us,Private Equity and Venture Capital,,FALSE,1
Digital and Technologies,Birchal,Australia,au,Crowd funding,,FALSE,1
Digital and Technologies,Blisce,France,fr,Private Equity and Venture Capital,,FALSE,1
Digital and Technologies,Blossom Street Ventures,United States,us,Private Equity and Venture Capital,,FALSE,1
Digital and Technologies,Blue Horizon Group,Switzerland,ch,Private Equity and Venture Capital,,FALSE,1
Digital and Technologies,BlueYard Capital,Germany,de,Private Equity and Venture Capital,,FALSE,1
Digital and Technologies,BnkToTheFuture,Cayman Islands,ky,Crowd funding,,FALSE,1
Digital and Technologies,Boehringer Ingelheim,Germany,de,Corporate,,FALSE,1
Digital and Technologies,Bonnier Ventures,Sweden,se,Corporate,,FALSE,1
Digital and Technologies,Borealis Ventures,Germany,de,Private Equity and Venture Capital,,FALSE,1
Digital and Technologies,Bosch,Germany,de,Corporate,,FALSE,1
Digital and Technologies,Brand Capital,India,in,Corporate,,FALSE,1
Digital and Technologies,Bridge Nine Capital Partners,United Arab Emirates,ae,Private Equity and Venture Capital,,FALSE,1
Digital and Technologies,Brighteye,France,fr,Private Equity and Venture Capital,,FALSE,1
Digital and Technologies,Brighton Park Capital,United States,us,Private Equity and Venture Capital,,FALSE,1
Digital and Technologies,Britannia,India,in,Corporate,,FALSE,1
Digital and Technologies,Brookfield,Canada,ca,Asset Management / Private Equity,,FALSE,1
Digital and Technologies,CAA Ventures,United States,us,Private Equity and Venture Capital,,FALSE,1
Digital and Technologies,CASSIUS,United States,us,Private Equity and Venture Capital,,FALSE,1
Digital and Technologies,CFFI UK Ventures,Barbados,bb,Private Investment Vehicle,,FALSE,1
Digital and Technologies,CITIC Securities,China,cn,Merchant Bank,,FALSE,1
Digital and Technologies,CN Innovations Holdings,Hong Kong,hk,Corporate,,FALSE,1
Digital and Technologies,CNP Assurances,France,fr,Corporate,,FALSE,1
Digital and Technologies,CTC Venture Capital,United States,us,Private Equity and Venture Capital,,FALSE,1
Digital and Technologies,CVentures,Egypt,eg,Corporate,,FALSE,1
Digital and Technologies,CaaS Capital Management,United States,us,Asset Management,,FALSE,1
Digital and Technologies,Caisse de dépôt et placement du Québec (CDPQ),,,,,,1
Digital and Technologies,CapHorn Invest,France,fr,Private Equity and Venture Capital,,FALSE,1
Digital and Technologies,CapitalG (formerly Google Capital),United States,us,Corporate,,FALSE,1
Digital and Technologies,Capricorn Investment Group,United States,us,Private Equity and Venture Capital,,FALSE,1
Digital and Technologies,Catamaran Ventures,India,in,Family Office,,FALSE,1
Digital and Technologies,Cedars-Sinai Hospital,United States,us,Charity/Not-for-profit company,,FALSE,1
Digital and Technologies,Centerbridge Partners,United States,us,Private Equity and Venture Capital,,FALSE,1
Digital and Technologies,Cercano Management,United States,us,Family Office,,FALSE,1
Digital and Technologies,Charles River Labs,United States,us,Commercialisation Company,,FALSE,1
Digital and Technologies,Chevron Technology Ventures,United States,us,Corporate,,FALSE,1
Digital and Technologies,Chicago Booth Angels,United States,us,Angel Network,,FALSE,1
Digital and Technologies,Chief Financial Capital,United States,us,Private Investment Vehicle,,FALSE,1
Digital and Technologies,Circle,United States,us,Corporate,,FALSE,1
Digital and Technologies,Cisco,United States,us,Corporate,,FALSE,1
Digital and Technologies,Civilization Ventures,United States,us,Private Equity and Venture Capital,,FALSE,1
Digital and Technologies,Clocktower Ventures,United States,us,Private Equity and Venture Capital,,FALSE,1
Digital and Technologies,Club Changer,Monaco / UAE,mc,Family Office,,FALSE,1
Digital and Technologies,CoVent Partners,France,fr,Private Equity and Venture Capital,,FALSE,1
Digital and Technologies,Cohen Circle,United States,us,Private Equity and Venture Capital,,FALSE,1
Digital and Technologies,Coinbase Ventures,United States,us,Corporate,,FALSE,1
Digital and Technologies,Colle Capital,United States,us,Private Equity and Venture Capital,,FALSE,1
Digital and Technologies,Collector Bank,Sweden,se,Bank,,FALSE,1
Digital and Technologies,Collinio Capital,Jersey,je,Private Equity and Venture Capital,,FALSE,1
Digital and Technologies,Communitas Capital Partners,United States,us,Private Equity and Venture Capital,,FALSE,1
Digital and Technologies,Company K Partners,South Korea,kr,Private Equity and Venture Capital,,FALSE,1
Digital and Technologies,Connected Capital,Netherlands,nl,Private Equity and Venture Capital,,FALSE,1
Digital and Technologies,Contour Venture Partners,United States,us,Private Equity and Venture Capital,,FALSE,1
Digital and Technologies,Convoy Global Holdings,Hong Kong,hk,Asset Management,,FALSE,1
Digital and Technologies,Correlation One Holdings,United States,us,Private Investment Vehicle,,FALSE,1
Digital and Technologies,Cowen Healthcare Investments,United States,us,Bank,,FALSE,1
Digital and Technologies,Crayon,Norway,no,Corporate,,FALSE,1
Digital and Technologies,Creative Artists Agency,United States,us,Corporate,,FALSE,1
Digital and Technologies,Credit Agricole,France,fr,Bank,,FALSE,1
Digital and Technologies,Credo Ventures,Czech Republic,cz,Private Equity and Venture Capital,,FALSE,1
Digital and Technologies,Crossfin Holdings,South Africa,za,Private Equity and Venture Capital,,FALSE,1
Digital and Technologies,Curious Capital,United States,us,Private Equity and Venture Capital,,FALSE,1
Digital and Technologies,D1 Capital Partners,United States,us,Private Equity and Venture Capital,,FALSE,1
Digital and Technologies,DAG Ventures,United States,us,Private Equity and Venture Capital,,FALSE,1
Digital and Technologies,DB1 Ventures,,,,,,1
Digital and Technologies,DCVC,United States,us,Corporate,,FALSE,1
Digital and Technologies,DEG Invest,Germany,de,Government,,FALSE,1
Digital and Technologies,DFJ,United States,us,Private Equity and Venture Capital,,FALSE,1
Digital and Technologies,DNB,Norway,no,Bank,,FALSE,1
Digital and Technologies,Dai-ichi Life Insurance,Japan,jp,Corporate,,FALSE,1
Digital and Technologies,Daishin Private Equity,"Korea, Republic Of (South Korea)",kr,Private Equity and Venture Capital,,FALSE,1
Digital and Technologies,Danish Green Futures Fund,Denmark,dk,Government,,FALSE,1
Digital and Technologies,Databricks,United States,us,Corporate,,FALSE,1
Digital and Technologies,Deep Track Capital,United States,us,Private Equity and Venture Capital,,FALSE,1
Digital and Technologies,Department of Education,Dependent,,Government,,FALSE,1
Digital and Technologies,Designer Fund,United States,us,Private Equity and Venture Capital,,FALSE,1
Digital and Technologies,Digital Alpha Capital,United States,us,Private Equity and Venture Capital,,FALSE,1
Digital and Technologies,Digital China Health Technologies Corporation (DCHealth),China,cn,Corporate,,FALSE,1
Digital and Technologies,DigitalBridge,United States,us,Asset Management,,FALSE,1
Digital and Technologies,Dimension,United States,us,Private Equity and Venture Capital,,FALSE,1
Digital and Technologies,Dorilton Ventures,United States,us,Private Investment Vehicle,,FALSE,1
Digital and Technologies,Dragoneer Investment Group,United States,us,Private Equity and Venture Capital,,FALSE,1
Digital and Technologies,Drake Capital Advisors LLC,United States,us,Private Equity and Venture Capital,,FALSE,1
Digital and Technologies,DuKlaw Ventures,Switzerland,ch,Private Equity and Venture Capital,,FALSE,1
Digital and Technologies,Dubai Investments,United Arab Emirates,ae,Private Equity and Venture Capital,,FALSE,1
Digital and Technologies,E& Investment,"Korea, Republic Of (South Korea)",kr,Private Equity and Venture Capital,,FALSE,1
Digital and Technologies,EDP Ventures,Portugal,pt,Corporate,,FALSE,1
Digital and Technologies,EMBL Ventures,Germany,de,Private Equity and Venture Capital,,FALSE,1
Digital and Technologies,ENEOS Innovation Partners,Japan,jp,Corporate,,FALSE,1
Digital and Technologies,Eagle Investment,United States,us,Private Equity and Venture Capital,,FALSE,1
Digital and Technologies,Eckuity Capital,United States,us,Private Equity and Venture Capital,,FALSE,1
Digital and Technologies,Edmond de Rothschild Investment Partners,France,fr,Private Equity and Venture Capital,,FALSE,1
Digital and Technologies,EduCapital,France,fr,Private Equity and Venture Capital,,FALSE,1
Digital and Technologies,Elbrus Capital,Russian Federation,ru,Private Equity and Venture Capital,,FALSE,1
Digital and Technologies,Elecnor Deimos Space,Spain,es,Corporate,,FALSE,1
Digital and Technologies,Elkstone,Ireland,ie,Family Office,,FALSE,1
Digital and Technologies,Elliott Management Corporation,United States,us,Asset Management,,FALSE,1
Digital and Technologies,Emerald Technology Ventures,Switzerland,ch,Private Equity and Venture Capital,,FALSE,1
Digital and Technologies,Emery Capital,Russian Federation,ru,Private Equity and Venture Capital,,FALSE,1
Digital and Technologies,EnBW,Germany,de,Private Equity and Venture Capital,,FALSE,1
Digital and Technologies,Energy Impact Partners LP,United States,us,Private Equity and Venture Capital,,FALSE,1
Digital and Technologies,Epic Games,United States,us,Corporate,,FALSE,1
Digital and Technologies,Equinor,Norway,no,State-owned enterprise (SOE) / Corporate strategic investor,,FALSE,1
Digital and Technologies,Ericsson,Sweden,se,Corporate,,FALSE,1
Digital and Technologies,Escala Capital,Spain,es,Private Equity and Venture Capital,,FALSE,1
Digital and Technologies,Estancia Capital Partners,United States,us,Private Equity and Venture Capital,,FALSE,1
Digital and Technologies,Ethereal Ventures,"Virgin Islands, British",vg,Private Equity and Venture Capital,,FALSE,1
Digital and Technologies,European Investment Bank (EIB),Luxembourg,lu,Bank,,FALSE,1
Digital and Technologies,Evolve Healthcare Partners,Spain / United Kingdom,es,Private Equity and Venture Capital,,FALSE,1
Digital and Technologies,Exor,Netherlands,nl,Family Office,,FALSE,1
Digital and Technologies,Export & Investment Fund of Denmark,Denmark,dk,Central Government,,FALSE,1
Digital and Technologies,F-Prime Capital Partners,United States,us,Private Equity and Venture Capital,,FALSE,1
Digital and Technologies,FINTOP Capital,United States,us,Private Equity and Venture Capital,,FALSE,1
Digital and Technologies,FIS,United States,us,Corporate,,FALSE,1
Digital and Technologies,FLUXUNIT,Germany,de,Corporate,,FALSE,1
Digital and Technologies,FMZ Ventures,United States,us,Private Investment Vehicle,,FALSE,1
Digital and Technologies,FactSet,United States,us,Corporate,,FALSE,1
Digital and Technologies,Farallon Capital Management,United States,us,Asset Management,,FALSE,1
Digital and Technologies,Felicis Ventures,United States,us,Private Equity and Venture Capital,,FALSE,1
Digital and Technologies,Fidelity Investments,United States,us,Asset Management,,FALSE,1
Digital and Technologies,Fifth Era,United States,us,Private Equity and Venture Capital,,FALSE,1
Digital and Technologies,Fin Capital,United States,us,Private Equity and Venture Capital,,FALSE,1
Digital and Technologies,Fin Venture Capital,United States,us,Private Equity and Venture Capital,,FALSE,1
Digital and Technologies,FinTech Collective,United States,us,Private Equity and Venture Capital,,FALSE,1
Digital and Technologies,First Capital Ventures,United States,us,Private Equity and Venture Capital,,FALSE,1
Digital and Technologies,FirstCape,New Zealand,nz,Private Equity and Venture Capital,,FALSE,1
Digital and Technologies,Five Seasons Ventures,France,fr,Private Equity and Venture Capital,,FALSE,1
Digital and Technologies,Flerie Invest,Sweden,se,Private Equity and Venture Capital,,FALSE,1
Digital and Technologies,Flow Capital,Canada,ca,Private Equity and Venture Capital,,FALSE,1
Digital and Technologies,Folklore Ventures,Australia,au,Private Equity and Venture Capital,,FALSE,1
Digital and Technologies,Fondazione di Sardegna,Italy,it,Corporate,,FALSE,1
Digital and Technologies,Forum Foundry,United States,us,Corporate,,FALSE,1
Digital and Technologies,Foundamental,Germany,de,Private Equity and Venture Capital,,FALSE,1
Digital and Technologies,Foundation Capital,United States,us,Private Equity and Venture Capital,,FALSE,1
Digital and Technologies,Founder Collective,United States,us,Private Equity and Venture Capital,,FALSE,1
Digital and Technologies,Founders Circle Capital,United States,us,Private Equity and Venture Capital,,FALSE,1
Digital and Technologies,Framework Venture Partners,Canada,ca,Private Equity and Venture Capital,,FALSE,1
Digital and Technologies,Franklin Templeton,United States,us,Private Equity and Venture Capital,,FALSE,1
Digital and Technologies,Fuel Venture Capital,United States,us,Private Equity and Venture Capital,,FALSE,1
Digital and Technologies,Future Energy Ventures Management,Germany,de,Private Equity and Venture Capital,,FALSE,1
Digital and Technologies,Future Shape,France,fr,Private Investment Vehicle,,FALSE,1
Digital and Technologies,GE Healthcare,United States,us,Corporate,,FALSE,1
Digital and Technologies,GLy Capital Management,Hong Kong,hk,Private Equity and Venture Capital,,FALSE,1
Digital and Technologies,GTAM Partners,United States,us,Private Investment Vehicle,,FALSE,1
Digital and Technologies,Galaxy Interactive,United States,us,Corporate,,FALSE,1
Digital and Technologies,Generation Ventures,Canada,ca,Private Equity and Venture Capital,,FALSE,1
Digital and Technologies,Genoa Ventures,United States,us,Private Equity and Venture Capital,,FALSE,1
Digital and Technologies,German Media Pool,Germany,de,Private Equity and Venture Capital,,FALSE,1
Digital and Technologies,Giano Capital,Italy,it,Private Equity and Venture Capital,,FALSE,1
Digital and Technologies,Global Brain Corporation,Japan,jp,Private Equity and Venture Capital,,FALSE,1
Digital and Technologies,Goldacre,,,,,,1
Digital and Technologies,Goldwind,China,cn,Corporate,,FALSE,1
Digital and Technologies,Goodwater Capital LLC,United States,us,Private Equity and Venture Capital,,FALSE,1
Digital and Technologies,Greenoaks Capital Management,United States,us,Private Equity and Venture Capital,,FALSE,1
Digital and Technologies,Groupe Arnault,France,fr,Merchant Bank,,FALSE,1
Digital and Technologies,Groupon,United States,us,Corporate,,FALSE,1
Digital and Technologies,Guan Quan Investments,China,cn,Private Investment Vehicle,,FALSE,1
Digital and Technologies,Guanqun Chi Cheng,China,cn,Specialist Lender,,FALSE,1
Digital and Technologies,GuoGuang Electric Co,China,cn,Corporate,,FALSE,1
Digital and Technologies,HAT Technology & Innovation Fund,Italy,it,Private Equity and Venture Capital,,FALSE,1
Digital and Technologies,HB Investments,United Arab Emirates,ae,Private Investment Vehicle,,FALSE,1
Digital and Technologies,HBS Alumni Angels Association,United States,us,Angel Network,,FALSE,1
Digital and Technologies,HCOB,Germany,de,Bank,,FALSE,1
Digital and Technologies,HDI,Germany,de,Corporate,,FALSE,1
Digital and Technologies,HICO Investment Group,Singapore / United Kingdom,sg,Private Equity and Venture Capital,,FALSE,1
Digital and Technologies,Hanaco Ventures,Israel,il,Private Equity and Venture Capital,,FALSE,1
Digital and Technologies,Hannover Digital Investments,Germany,de,Private Equity and Venture Capital,,FALSE,1
Digital and Technologies,Hard Yaka,United States,us,Private Equity and Venture Capital,,FALSE,1
Digital and Technologies,Hardware Club,United States,us,Private Equity and Venture Capital,,FALSE,1
Digital and Technologies,HealthQuest Capital,United States,us,Private Equity and Venture Capital,,FALSE,1
Digital and Technologies,Healthbox,United States,us,Accelerator,,FALSE,1
Digital and Technologies,Healthlink Capital,China,cn,Private Equity and Venture Capital,,FALSE,1
Digital and Technologies,Heartcore Capital,Denmark,dk,Private Equity and Venture Capital,,FALSE,1
Digital and Technologies,High-Tech Gründerfonds (HTGF),,,,,,1
Digital and Technologies,Hillhouse Capital Group,China,cn,Private Equity and Venture Capital,,FALSE,1
Digital and Technologies,Hill’s Pet Nutrition,,,,,,1
Digital and Technologies,Hitachi Group,Japan,jp,Corporate,,FALSE,1
Digital and Technologies,Holzbrinck Publishing Group,Germany,de,Corporate,,FALSE,1
Digital and Technologies,HongShan,China,cn,Private Equity and Venture Capital,,FALSE,1
Digital and Technologies,Horizons Labs,Hong Kong,hk,Private Equity and Venture Capital,,FALSE,1
Digital and Technologies,Huawei Technologies,China,cn,Corporate,,FALSE,1
Digital and Technologies,I Squared Capital,United States,us,Asset Management,,FALSE,1
Digital and Technologies,IDC Ventures,Spain,es,Private Equity and Venture Capital,,FALSE,1
Digital and Technologies,IDO Investments,Oman,om,Private Equity and Venture Capital,,FALSE,1
Digital and Technologies,IMM Investment,"Korea, Republic Of (South Korea)",kr,Private Equity and Venture Capital,,FALSE,1
Digital and Technologies,IPF Partners,Switzerland,ch,Private Equity and Venture Capital,,FALSE,1
Digital and Technologies,Impulse VC,Russian Federation,ru,Private Equity and Venture Capital,,FALSE,1
Digital and Technologies,Indigo IP Holdings,Antigua & Barbuda,ag,Private Investment Vehicle,,FALSE,1
Digital and Technologies,Infineon,Germany,de,Corporate,,FALSE,1
Digital and Technologies,Infocomm Investments,Singapore,sg,Accelerator,,FALSE,1
Digital and Technologies,InfraVia Capital Partners,France,fr,Private Equity and Venture Capital,,FALSE,1
Digital and Technologies,Ingevity,United States,us,Corporate,,FALSE,1
Digital and Technologies,Inovia Capital,Canada,ca,Private Equity and Venture Capital,,FALSE,1
Digital and Technologies,Intelsat,United States,us,Corporate,,FALSE,1
Digital and Technologies,Interogo,Switzerland,ch,Private Investment Vehicle,,FALSE,1
Digital and Technologies,Intesa Sanpaolo,Italy,it,Bank,,FALSE,1
Digital and Technologies,Inventure,Finland,fi,Private Equity and Venture Capital,,FALSE,1
Digital and Technologies,Jacobs,United States,us,Corporate,,FALSE,1
Digital and Technologies,Jafco Ventures,United States,us,Private Equity and Venture Capital,,FALSE,1
Digital and Technologies,Jane Street,United States,us,Asset Management,,FALSE,1
Digital and Technologies,Japan Energy Fund,Japan,jp,Private Equity and Venture Capital,,FALSE,1
Digital and Technologies,Jefferies,United States,us,Merchant Bank,,FALSE,1
Digital and Technologies,Jeito Capital,France,fr,Private Equity and Venture Capital,,FALSE,1
Digital and Technologies,Jigsaw VC,Jersey,je,Private Equity and Venture Capital,,FALSE,1
Digital and Technologies,KKCG,Switzerland,ch,Asset Management,,FALSE,1
Digital and Technologies,KRW Schindler Private Ventures,Luxembourg,lu,Private Equity and Venture Capital,,FALSE,1
Digital and Technologies,KV Management,United States,us,Private Investment Vehicle,,FALSE,1
Digital and Technologies,Kairos HQ,United States,us,Private Equity and Venture Capital,,FALSE,1
Digital and Technologies,Kaiser Permanente Ventures,United States,us,Corporate,,FALSE,1
Digital and Technologies,Kamet Ventures,France,fr,Private Equity and Venture Capital,,FALSE,1
Digital and Technologies,Keen Venture Partners,Netherlands,nl,Private Equity and Venture Capital,,FALSE,1
Digital and Technologies,Keolis,France,fr,Corporate,,FALSE,1
Digital and Technologies,KfW IPEX,Germany,de,European,,FALSE,1
Digital and Technologies,Kinnevik,Sweden,se,Private Equity and Venture Capital,,FALSE,1
Digital and Technologies,Kiwoom,"Korea, Republic Of (South Korea)",kr,Merchant Bank,,FALSE,1
Digital and Technologies,Kommunal Credit,Austria,at,Bank,,FALSE,1
Digital and Technologies,Korea Investment Partners (KIP),"Korea, Republic Of (South Korea)",kr,Private Equity and Venture Capital,,FALSE,1
Digital and Technologies,L Catterton,United States,us,Private Equity and Venture Capital,,FALSE,1
Digital and Technologies,LBO France,France,fr,Private Equity and Venture Capital,,FALSE,1
Digital and Technologies,LG Technology Ventures,United States,us,Corporate,,FALSE,1
Digital and Technologies,LGT Capital Partners,Switzerland,ch,Asset Management,,TRUE,1
Digital and Technologies,LSP Health Economics Fund,Netherlands,nl,Private Equity and Venture Capital,,FALSE,1
Digital and Technologies,LVMH,France,fr,Corporate,,FALSE,1
Digital and Technologies,La Famiglia,Germany,de,Private Equity and Venture Capital,,FALSE,1
Digital and Technologies,LeapFrog Ventures,Mauritius,mu,Private Equity and Venture Capital,,FALSE,1
Digital and Technologies,Left Lane Capital,United States,us,Private Equity and Venture Capital,,FALSE,1
Digital and Technologies,Lerer Hippeau Ventures,United States,us,Private Equity and Venture Capital,,FALSE,1
Digital and Technologies,Leucadia National Corporation,United States,us,Merchant Bank,,FALSE,1
Digital and Technologies,Leumi Partners,Israel,il,Merchant Bank,,FALSE,1
Digital and Technologies,Levy-Weiss,Israel,il,Business Angel(s),,FALSE,1
Digital and Technologies,Life.SREDA,Singapore,sg,Private Equity and Venture Capital,,FALSE,1
Digital and Technologies,LifeSci Capital,United States,us,Merchant Bank,,FALSE,1
Digital and Technologies,Lightbank,United States,us,Private Equity and Venture Capital,,FALSE,1
Digital and Technologies,Link Group,Australia,au,Corporate,,FALSE,1
Digital and Technologies,LionTree,United States,us,Asset Management,,FALSE,1
Digital and Technologies,Liquidity Group,United States,us,Specialist Lender,,FALSE,1
Digital and Technologies,Lombard Odier,Switzerland,ch,Asset Management,,FALSE,1
Digital and Technologies,Long Ridge Equity Partners,United States,us,Private Equity and Venture Capital,,FALSE,1
Digital and Technologies,Loric Ventures,Germany,de,Private Equity and Venture Capital,,FALSE,1
Digital and Technologies,Lugard Road Capital,United States,us,Private Equity and Venture Capital,,FALSE,1
Digital and Technologies,Lumia Capital,United States,us,Private Equity and Venture Capital,,FALSE,1
Digital and Technologies,Lunate Holding,United Arab Emirates,ae,Asset Management,,FALSE,1
Digital and Technologies,Lux Capital,United States,us,Private Equity and Venture Capital,,FALSE,1
Digital and Technologies,Lux Nordic,Norway,no,Asset Management,,FALSE,1
Digital and Technologies,M&F Fund,Regional / EU,eu,Private Equity and Venture Capital,,FALSE,1
Digital and Technologies,MCI.TechVentures,Poland,pl,Private Equity and Venture Capital,,FALSE,1
Digital and Technologies,MMI,South Africa,za,Corporate,,FALSE,1
Digital and Technologies,MS&AD,Japan,jp,Corporate,,FALSE,1
Digital and Technologies,MUFG Innovation Partners,Japan,jp,Corporate,,FALSE,1
Digital and Technologies,MUSIC,United States,us,Private Equity and Venture Capital,,FALSE,1
Digital and Technologies,MVolution Partners,United States,us,Private Equity and Venture Capital,,FALSE,1
Digital and Technologies,Macdoch Ventures,Australia,au,Corporate,,FALSE,1
Digital and Technologies,Mandatum Life,Finland,fi,Asset Management,,FALSE,1
Digital and Technologies,Marketech International,Taiwan,tw,Private Equity and Venture Capital,,FALSE,1
Digital and Technologies,Marlin Equity Partners,United States,us,Private Equity and Venture Capital,,FALSE,1
Digital and Technologies,Marqeta,United States,us,Corporate,,FALSE,1
Digital and Technologies,Marubeni Ventures,Japan,jp,Corporate,,FALSE,1
Digital and Technologies,Mast-Jägermeister SE,,,,,,1
Digital and Technologies,Material Ventures,United States,us,Private Equity and Venture Capital,,FALSE,1
Digital and Technologies,Matrix,United States,us,Private Equity and Venture Capital,,FALSE,1
Digital and Technologies,Mauritius Commercial Bank,Mauritius,mu,Bank,,FALSE,1
Digital and Technologies,Maxfield Capital,Russian Federation,ru,Private Equity and Venture Capital,,FALSE,1
Digital and Technologies,Mayo Clinic,United States,us,Private Equity and Venture Capital,,FALSE,1
Digital and Technologies,Mazda,Japan,jp,Corporate,,FALSE,1
Digital and Technologies,Menlo Ventures,United States,us,Private Equity and Venture Capital,,FALSE,1
Digital and Technologies,Mercedes-Benz Group,Germany,de,Corporate,,FALSE,1
Digital and Technologies,Metier,South Africa,za,Private Equity and Venture Capital,,FALSE,1
Digital and Technologies,Meyer Burger,Switzerland,ch,Corporate,,FALSE,1
Digital and Technologies,Microsoft,United States,us,Corporate,,FALSE,1
Digital and Technologies,Middle East Venture Partners (MEVP),United Arab Emirates,ae,Private Equity and Venture Capital,,FALSE,1
Digital and Technologies,Milano Investment Partners,Italy,it,Private Equity and Venture Capital,,FALSE,1
Digital and Technologies,Milky Way Investments,United States,us,Family Office,,FALSE,1
Digital and Technologies,Mirabaud Private Equity,Switzerland,ch,Private Equity and Venture Capital,,FALSE,1
Digital and Technologies,Mirana Ventures,Singapore,sg,Private Equity and Venture Capital,,FALSE,1
Digital and Technologies,MissionOG,United States,us,Private Equity and Venture Capital,,FALSE,1
Digital and Technologies,Mitsubishi HC Capital UK PLC,Japan,jp,Corporate,,FALSE,1
Digital and Technologies,Miyako Capital,Japan,jp,Private Equity and Venture Capital,,FALSE,1
Digital and Technologies,Mojo Capital,Luxembourg,lu,Private Equity and Venture Capital,,FALSE,1
Digital and Technologies,Monashee Investment Management,United States,us,Asset Management,,FALSE,1
Digital and Technologies,Monashees,Brazil,br,Private Equity and Venture Capital,,FALSE,1
Digital and Technologies,Moreira Salles,Brazil,br,Family Office,,FALSE,1
Digital and Technologies,Mosaik Partners,United States,us,Private Equity and Venture Capital,,FALSE,1
Digital and Technologies,Motive Partners,United States,us,Private Equity and Venture Capital,,FALSE,1
Digital and Technologies,Move Energy,Netherlands,nl,Private Equity and Venture Capital,,FALSE,1
Digital and Technologies,MultiversX,Malta,mt,Private Equity and Venture Capital,,FALSE,1
Digital and Technologies,Mundi Ventures,Spain,es,Private Equity and Venture Capital,,FALSE,1
Digital and Technologies,NFT Ventures,Sweden,se,Private Equity and Venture Capital,,FALSE,1
Digital and Technologies,NOVIT Ventures,United States,us,Private Equity and Venture Capital,,FALSE,1
Digital and Technologies,NWS Holdings,Hong Kong,hk,Corporate,,FALSE,1
Digital and Technologies,Nasdaq,United States,us,Corporate,,FALSE,1
Digital and Technologies,National Grid Partners,United States,us,Private Equity and Venture Capital,,FALSE,1
Digital and Technologies,National Resilience,United States,us,Corporate,,FALSE,1
Digital and Technologies,New Science Ventures,United States,us,Private Equity and Venture Capital,,FALSE,1
Digital and Technologies,Nexo,Switzerland,ch,Corporate,,FALSE,1
Digital and Technologies,NextLaw Labs,United States,us,Corporate,,FALSE,1
Digital and Technologies,Nina Capital,Spain,es,Private Equity and Venture Capital,,FALSE,1
Digital and Technologies,Nomura,Japan,jp,Bank,,FALSE,1
Digital and Technologies,NordicNinja,Finland,fi,Private Equity and Venture Capital,,FALSE,1
Digital and Technologies,Nordisk Games,Denmark,dk,Corporate,,FALSE,1
Digital and Technologies,Norrsken Foundation,Sweden,se,Charity/Not-for-profit company,,FALSE,1
Digital and Technologies,Novalis LifeSciences,United States,us,Private Equity and Venture Capital,,FALSE,1
Digital and Technologies,Novartis,Switzerland,ch,Corporate,,FALSE,1
Digital and Technologies,Novax,Sweden,se,Corporate,,FALSE,1
Digital and Technologies,Novel TMT Ventures,United States,us,Private Equity and Venture Capital,,FALSE,1
Digital and Technologies,Novum Capital,Germany,de,Private Equity and Venture Capital,,FALSE,1
Digital and Technologies,ORA Capital Partners,Guernsey,gg,Private Equity and Venture Capital,,FALSE,1
Digital and Technologies,Oak HC/FT,United States,us,Private Equity and Venture Capital,,FALSE,1
Digital and Technologies,Obvious Ventures,United States,us,Private Equity and Venture Capital,,FALSE,1
Digital and Technologies,Ocado,United States,us,Corporate,,FALSE,1
Digital and Technologies,Octahedron Capital,United States,us,Private Equity and Venture Capital,,FALSE,1
Digital and Technologies,Oliver Wyman,United States,us,Private Equity and Venture Capital,,FALSE,1
Digital and Technologies,Oltre Impact,Italy,it,Private Equity and Venture Capital,,FALSE,1
Digital and Technologies,Omega Funds,United States,us,Private Equity and Venture Capital,,FALSE,1
Digital and Technologies,Omidyar Network,United States,us,Charity/Not-for-profit company,,FALSE,1
Digital and Technologies,OneMain Financial,United States,us,Specialist Lender,,FALSE,1
Digital and Technologies,Open Ocean Capital,Finland,fi,Private Equity and Venture Capital,,FALSE,1
Digital and Technologies,Optimas Capital Partners,Hong Kong,hk,Asset Management,,FALSE,1
Digital and Technologies,Optiver,Netherlands,nl,Asset Management,,FALSE,1
Digital and Technologies,Optum Ventures,United States,us,Private Equity and Venture Capital,,FALSE,1
Digital and Technologies,Orange,France,fr,Corporate,,FALSE,1
Digital and Technologies,OrbiMed,United States,us,Asset Management,,FALSE,1
Digital and Technologies,OurCrowd,Israel,il,Crowd funding,,FALSE,1
Digital and Technologies,Oxford Finance,United States,us,Private Equity and Venture Capital,,FALSE,1
Digital and Technologies,Oyster Capital,Ireland,ie,Private Equity and Venture Capital,,FALSE,1
Digital and Technologies,PATRIZIA,Germany,de,Asset Management,,FALSE,1
Digital and Technologies,PFM Health Sciences,United States,us,Asset Management,,FALSE,1
Digital and Technologies,PPF Group,Czech Republic,cz,Private Investment Vehicle,,FALSE,1
Digital and Technologies,Palistar Capital,United States,us,Asset Management,,FALSE,1
Digital and Technologies,Panacea Venture Healthcare Fund,China,cn,Private Equity and Venture Capital,,FALSE,1
Digital and Technologies,Parkway Venture Capital,United States,us,Private Equity and Venture Capital,,FALSE,1
Digital and Technologies,Partnership Fund for New York City,United States,us,Charity/Not-for-profit company,,FALSE,1
Digital and Technologies,Pavilion Capital,United States,us,Private Equity and Venture Capital,,FALSE,1
Digital and Technologies,Ping An Ventures,China,cn,Private Equity and Venture Capital,,FALSE,1
Digital and Technologies,Pinorena Capital,Estonia,ee,Private Equity and Venture Capital,,FALSE,1
Digital and Technologies,Piper Heartland Healthcare Capital,United States,us,Private Equity and Venture Capital,,FALSE,1
Digital and Technologies,Pivot Investment Partners,United States,us,Private Equity and Venture Capital,,FALSE,1
Digital and Technologies,Plaid,United States,us,Corporate,,FALSE,1
Digital and Technologies,Point Nine Management,Germany,de,Private Equity and Venture Capital,,FALSE,1
Digital and Technologies,Pontifax,Israel,il,Private Equity and Venture Capital,,FALSE,1
Digital and Technologies,Possible Ventures,Germany,de,Private Equity and Venture Capital,,FALSE,1
Digital and Technologies,Poste Italiane,Italy,it,State-owned enterprise (SOE) / Corporate strategic investor,,FALSE,1
Digital and Technologies,Practica Capital,Lithuania,lt,Private Equity and Venture Capital,,FALSE,1
Digital and Technologies,Project A,Germany,de,Private Equity and Venture Capital,,FALSE,1
Digital and Technologies,Proparco,France,fr,Government,,FALSE,1
Digital and Technologies,Prosperity7 Ventures,United States,us,Private Equity and Venture Capital,,FALSE,1
Digital and Technologies,Providence Investment Company,United States,us,Private Equity and Venture Capital,,FALSE,1
Digital and Technologies,Prudence Holdings,United States,us,Private Equity and Venture Capital,,FALSE,1
Digital and Technologies,Quan Capital,China,cn,Private Equity and Venture Capital,,FALSE,1
Digital and Technologies,R204 Partners,Italy,it,Private Equity and Venture Capital,,FALSE,1
Digital and Technologies,R42 Group,United States,us,Private Equity and Venture Capital,,FALSE,1
Digital and Technologies,RA Capital Management,United States,us,Asset Management / Private Equity,,FALSE,1
Digital and Technologies,RB Capital,Singapore,sg,Property Lender,,FALSE,1
Digital and Technologies,RGAX,United States,us,Corporate,,FALSE,1
Digital and Technologies,RTW Investments,United States,us,Asset Management / Private Equity,,FALSE,1
Digital and Technologies,RXR Digital Ventures,United States,us,Corporate,,FALSE,1
Digital and Technologies,Rainfall Ventures,United States,us,Private Equity and Venture Capital,,FALSE,1
Digital and Technologies,Rakuten,Japan,jp,Corporate,,FALSE,1
Digital and Technologies,Ramboll,Denmark,dk,Corporate,,FALSE,1
Digital and Technologies,Rand Merchant Bank,South Africa,za,Bank,,FALSE,1
Digital and Technologies,Raven Ventures,Australia,au,Private Equity and Venture Capital,,FALSE,1
Digital and Technologies,Recurring Capital Partners,United States,us,Private Equity and Venture Capital,,FALSE,1
Digital and Technologies,RedBird Capital Partners,United States,us,Private Equity and Venture Capital,,FALSE,1
Digital and Technologies,Redmile Group,United States,us,Private Equity and Venture Capital,,FALSE,1
Digital and Technologies,ReefKNoT Investments,Singapore,sg,Private Equity and Venture Capital,,FALSE,1
Digital and Technologies,Reference Capital,United States,us,Private Equity and Venture Capital,,FALSE,1
Digital and Technologies,Revo Capital,Netherlands,nl,Private Equity and Venture Capital,,FALSE,1
Digital and Technologies,Ridgeback Capital Management,United States,us,Private Equity and Venture Capital,,FALSE,1
Digital and Technologies,Rising Tide Fund,United States,us,Private Equity and Venture Capital,,FALSE,1
Digital and Technologies,Road King,Hong Kong,hk,Corporate,,FALSE,1
Digital and Technologies,Rothschild & Co,France,fr,Merchant Bank,,FALSE,1
Digital and Technologies,Round13,Canada,ca,Private Equity and Venture Capital,,FALSE,1
Digital and Technologies,Route 66 Ventures,United States,us,Private Equity and Venture Capital,,FALSE,1
Digital and Technologies,Rovida Advisors,United States,us,Asset Management,,FALSE,1
Digital and Technologies,Royal Bank of Canada,Canada,ca,Bank,,FALSE,1
Digital and Technologies,Rubicon Venture Capital,United States,us,Private Equity and Venture Capital,,FALSE,1
Digital and Technologies,Runa Capital,United States,us,Private Equity and Venture Capital,,FALSE,1
Digital and Technologies,Ruttenberg Gordon,United States,us,Private Equity and Venture Capital,,FALSE,1
Digital and Technologies,SAIC Capital,United States,us,Private Equity and Venture Capital,,FALSE,1
Digital and Technologies,SB ISAT Fund,Indonesia,id,Private Equity and Venture Capital,,FALSE,1
Digital and Technologies,SGInnovate,Singapore,sg,Private Equity and Venture Capital,,FALSE,1
Digital and Technologies,SJL Partners,"Korea, Republic Of (South Korea)",kr,Private Equity and Venture Capital,,FALSE,1
Digital and Technologies,SKC Co,"Korea, Republic Of (South Korea)",kr,Corporate,,FALSE,1
Digital and Technologies,SOSV,United States,us,Accelerator,,FALSE,1
Digital and Technologies,STE Capital,United States,us,Family Office,,FALSE,1
Digital and Technologies,SWEN Blue Ocean,France,fr,Private Equity and Venture Capital,,FALSE,1
Digital and Technologies,Sabadell Capital,Spain,es,Corporate,,FALSE,1
Digital and Technologies,Samsung,United States,us,Private Equity and Venture Capital,,FALSE,1
Digital and Technologies,Sana Kliniken AG,Germany,de,Corporate,,FALSE,1
Digital and Technologies,Sanctor Capital,Puerto Rico,pr,Private Equity and Venture Capital,,FALSE,1
Digital and Technologies,Sandton Capital Partners,United States,us,Specialist Lender,,FALSE,1
Digital and Technologies,Sanofi,United States,us,Private Equity and Venture Capital,,FALSE,1
Digital and Technologies,Scale Venture Partners,United States,us,Private Equity and Venture Capital,,FALSE,1
Digital and Technologies,Scopely,United States,us,Corporate,,FALSE,1
Digital and Technologies,Searchlight Capital Partners,United States,us,Private Equity and Venture Capital,,FALSE,1
Digital and Technologies,Seedrocket 4Founders Capital,Spain,es,Private Equity and Venture Capital,,FALSE,1
Digital and Technologies,SemperVirens,United States,us,Private Equity and Venture Capital,,FALSE,1
Digital and Technologies,Sentinel Dome Partners,United States,us,Asset Management,,FALSE,1
Digital and Technologies,Shinhan Investment Private Equity,"Korea, Republic Of (South Korea)",kr,Private Equity and Venture Capital,,FALSE,1
Digital and Technologies,Shopify,Canada,ca,Corporate,,FALSE,1
Digital and Technologies,Shortcut Ventures,Germany,de,Private Equity and Venture Capital,,FALSE,1
Digital and Technologies,Siemens,Germany,de,Corporate,,FALSE,1
Digital and Technologies,SignalFire,United States,us,Private Equity and Venture Capital,,FALSE,1
Digital and Technologies,Simcah Management,United States,us,Asset Management,,FALSE,1
Digital and Technologies,SixThirty Ventures,United States,us,Private Equity and Venture Capital,,FALSE,1
Digital and Technologies,Sixth Street Growth,United States,us,Private Equity and Venture Capital,,FALSE,1
Digital and Technologies,Skyviews Life Science,Switzerland,ch,Private Equity and Venture Capital,,FALSE,1
Digital and Technologies,SmartCap,Estonia,ee,Private Equity and Venture Capital,,FALSE,1
Digital and Technologies,SmartHub,Brazil,br,Corporate,,FALSE,1
Digital and Technologies,Smash Capital,United States,us,Private Equity and Venture Capital,,FALSE,1
Digital and Technologies,Snowflake,United States,us,Corporate,,FALSE,1
Digital and Technologies,Soleus Capital,United States,us,Private Equity and Venture Capital,,FALSE,1
Digital and Technologies,Solve Innovation Future,United States,us,University,,FALSE,1
Digital and Technologies,Sonae IM,Portugal,pt,Corporate,,FALSE,1
Digital and Technologies,Sosei,Japan,jp,Corporate,,FALSE,1
Digital and Technologies,Space Angels,United States,us,Angel Network,,FALSE,1
Digital and Technologies,Spark Capital Partners,United States,us,Private Equity and Venture Capital,,FALSE,1
Digital and Technologies,Spearhead Capital,United States,us,Asset Management,,FALSE,1
Digital and Technologies,Spectrum Equity Investors,United States,us,Private Equity and Venture Capital,,FALSE,1
Digital and Technologies,Spring Partners,Japan,jp,Private Equity and Venture Capital,,FALSE,1
Digital and Technologies,Structural Capital,United States,us,Private Equity and Venture Capital,,FALSE,1
Digital and Technologies,Sucden Ventures,France,fr,Corporate,,FALSE,1
Digital and Technologies,Suffolk Ventures,United States,us,Private Equity and Venture Capital,,FALSE,1
Digital and Technologies,Sumitomo Corporation,Japan,jp,Corporate,,FALSE,1
Digital and Technologies,Summit Action Fund,United States,us,Private Equity and Venture Capital,,FALSE,1
Digital and Technologies,Sunley House Capital Management,United States,us,Asset Management,,FALSE,1
Digital and Technologies,Surplus,Germany,de,Private Equity and Venture Capital,,FALSE,1
Digital and Technologies,Swiss Post,Switzerland,ch,State-owned enterprise (SOE) / Corporate strategic investor,,FALSE,1
Digital and Technologies,Swisscom,Switzerland,ch,State-owned enterprise (SOE) / Corporate strategic investor,,FALSE,1
Digital and Technologies,Symphony Technology Group,United States,us,Private Equity and Venture Capital,,FALSE,1
Digital and Technologies,System.One,Germany,de,Private Equity and Venture Capital,,FALSE,1
Digital and Technologies,TA Associates,United States,us,Private Equity and Venture Capital,,FALSE,1
Digital and Technologies,TED Global,United States,us,Charity/Not-for-profit company,,FALSE,1
Digital and Technologies,TIRTA,United States,us,Private Equity and Venture Capital,,FALSE,1
Digital and Technologies,TOMS Capital,United States,us,Asset Management,,FALSE,1
Digital and Technologies,TSG Consumer Partners,United States,us,Private Equity and Venture Capital,,FALSE,1
Digital and Technologies,TTV Capital,United States,us,Private Equity and Venture Capital,,FALSE,1
Digital and Technologies,Taiwania Capital,Taiwan,tw,Private Equity and Venture Capital,,FALSE,1
Digital and Technologies,Takeda Pharmaceutical Company,Japan,jp,Corporate,,FALSE,1
Digital and Technologies,TechNexus,United States,us,Private Equity and Venture Capital,,FALSE,1
Digital and Technologies,Technology Venture Partners,United States,us,Private Equity and Venture Capital,,FALSE,1
Digital and Technologies,Tekfen Ventures,United States,us,Corporate,,FALSE,1
Digital and Technologies,Tekla Capital Management,United States,us,Private Equity and Venture Capital,,FALSE,1
Digital and Technologies,Tengelmann Ventures,Germany,de,Private Equity and Venture Capital,,FALSE,1
Digital and Technologies,Tera Ventures,Estonia,ee,Private Equity and Venture Capital,,FALSE,1
Digital and Technologies,Tetragon,United States,us,Asset Management,,FALSE,1
Digital and Technologies,The Autism Impact Fund,United States,us,Private Investment Vehicle,,FALSE,1
Digital and Technologies,The Brandtech Group,United States,us,Corporate,,FALSE,1
Digital and Technologies,The Column Group,United States,us,Private Equity and Venture Capital,,FALSE,1
Digital and Technologies,The Dow Chemical Company,United States,us,Corporate,,FALSE,1
Digital and Technologies,The Gores Group,United States,us,Private Equity and Venture Capital,,FALSE,1
Digital and Technologies,The New York Times Company,United States,us,Corporate,,FALSE,1
Digital and Technologies,The Rise Fund,United States,us,Private Equity and Venture Capital,,FALSE,1
Digital and Technologies,The Riverside Company,United States,us,Private Equity and Venture Capital,,FALSE,1
Digital and Technologies,TheFamily,France,fr,Accelerator,,FALSE,1
Digital and Technologies,Third Kind VC,United States,us,Private Equity and Venture Capital,,FALSE,1
Digital and Technologies,Third Stream Partners,United States,us,Private Equity and Venture Capital,,FALSE,1
Digital and Technologies,Thomson Reuters,Canada,ca,Corporate,,FALSE,1
Digital and Technologies,Thomvest Ventures,United States,us,Private Equity and Venture Capital,,FALSE,1
Digital and Technologies,Thrive Capital,United States,us,Private Equity and Venture Capital,,FALSE,1
Digital and Technologies,Thule Investments,Iceland,is,Private Equity and Venture Capital,,FALSE,1
Digital and Technologies,Tikehau Capital,France,fr,Asset Management,,FALSE,1
Digital and Technologies,Tishman Speyer,United States,us,Corporate,,FALSE,1
Digital and Technologies,Torch Capital,United States,us,Private Equity and Venture Capital,,FALSE,1
Digital and Technologies,Toshiba,Japan,jp,Commercialisation Company,,FALSE,1
Digital and Technologies,TransUnion,United States,us,Corporate,,FALSE,1
Digital and Technologies,Transition Level Investments,Australia,au,Private Equity and Venture Capital,,FALSE,1
Digital and Technologies,Tribe Capital,United States,us,Private Equity and Venture Capital,,FALSE,1
Digital and Technologies,Tribeca Early Stage Partners,United States,us,Private Equity and Venture Capital,,FALSE,1
Digital and Technologies,Trillium International,United Arab Emirates,ae,Private Equity and Venture Capital,,FALSE,1
Digital and Technologies,Trimble Ventures,United States,us,Corporate,,FALSE,1
Digital and Technologies,True Ventures,United States,us,Private Equity and Venture Capital,,FALSE,1
Digital and Technologies,Trusted Insight,United States,us,Asset Management,,FALSE,1
Digital and Technologies,Tudor Group,United States,us,Asset Management,,FALSE,1
Digital and Technologies,Tuesday Capital,United States,us,Private Equity and Venture Capital,,FALSE,1
Digital and Technologies,UBS,Switzerland,ch,Bank,,FALSE,1
Digital and Technologies,UNIQA Ventures,Austria,at,Corporate,,FALSE,1
Digital and Technologies,UPMC Enterprises,United States,us,Corporate,,FALSE,1
Digital and Technologies,UTokyo Innovation Platform Co.,Japan,jp,University,,FALSE,1
Digital and Technologies,United Ventures,Italy,it,Private Equity and Venture Capital,,FALSE,1
Digital and Technologies,University of Chicago Medicine,United States,us,University,,FALSE,1
Digital and Technologies,University of Tokyo Edge Capital,Japan,jp,University,,FALSE,1
Digital and Technologies,Unlimint,Russian Federation,ru,Corporate,,FALSE,1
Digital and Technologies,VNV Global (Vostok New Ventures),Bermuda,bm,Private Equity and Venture Capital,,FALSE,1
Digital and Technologies,VU Venture Partners,United States,us,Private Equity and Venture Capital,,FALSE,1
Digital and Technologies,Ventura Capital,United Arab Emirates,ae,Private Equity and Venture Capital,,FALSE,1
Digital and Technologies,Venture Incubator,Switzerland,ch,Charity/Not-for-profit company,,FALSE,1
Digital and Technologies,Venture Science,United States,us,Private Equity and Venture Capital,,FALSE,1
Digital and Technologies,Vertex Pharmaceuticals,United States,us,Corporate,,FALSE,1
Digital and Technologies,Verve Ventures,Switzerland,ch,Private Equity and Venture Capital,,FALSE,1
Digital and Technologies,Vesta Ventures,United States,us,Private Equity and Venture Capital,,FALSE,1
Digital and Technologies,View Different,United States,us,Private Equity and Venture Capital,,FALSE,1
Digital and Technologies,VilCap,United States,us,Accelerator,,FALSE,1
Digital and Technologies,Visa,United States,us,Corporate,,FALSE,1
Digital and Technologies,Vista Credit Partners,United States,us,Private Equity and Venture Capital,,FALSE,1
Digital and Technologies,Volition Capital,United States,us,Private Equity and Venture Capital,,FALSE,1
Digital and Technologies,Vostok Emerging Finance,Bermuda,bm,Private Equity and Venture Capital,,FALSE,1
Digital and Technologies,Vulcan Capital,United States,us,Private Equity and Venture Capital,,FALSE,1
Digital and Technologies,Vy Capital,United Arab Emirates,ae,Private Equity and Venture Capital,,FALSE,1
Digital and Technologies,WACKER Chemie AG,Germany,de,Corporate,,FALSE,1
Digital and Technologies,Wafra,United States,us,Private Equity and Venture Capital,,FALSE,1
Digital and Technologies,Wallenius Wilhelmsen,Norway,no,Private Equity and Venture Capital,,FALSE,1
Digital and Technologies,Warburg Pincus,United States,us,Private Equity and Venture Capital,,FALSE,1
Digital and Technologies,Watrium,Norway,no,Family Office,,FALSE,1
Digital and Technologies,Wellington Partners,Germany,de,Private Equity and Venture Capital,,FALSE,1
Digital and Technologies,Wells Fargo,United States,us,Private Equity and Venture Capital,,FALSE,1
Digital and Technologies,Westpac,Australia,au,Bank,,FALSE,1
Digital and Technologies,Whitehelm Capital,Australia,au,Asset Management,,FALSE,1
Digital and Technologies,Wicklow Capital,United States,us,Private Equity and Venture Capital,,FALSE,1
Digital and Technologies,WndrCo,United States,us,Private Equity and Venture Capital,,FALSE,1
Digital and Technologies,Wonik Investments,"Korea, Republic Of (South Korea)",kr,Private Equity and Venture Capital,,FALSE,1
Digital and Technologies,Woodline Partners,United States,us,Private Equity and Venture Capital,,FALSE,1
Digital and Technologies,Wylie Family Trust,Australia,au,Family Office,,FALSE,1
Digital and Technologies,Xeraya Capital,Malaysia,my,Private Equity and Venture Capital,,FALSE,1
Digital and Technologies,Xilinx,United States,us,Corporate,,FALSE,1
Digital and Technologies,Xponova,Australia,au,Private Equity and Venture Capital,,FALSE,1
Digital and Technologies,XtalPi Inc,United States,us,Corporate,,FALSE,1
Digital and Technologies,Y Combinator,United States,us,Accelerator,,FALSE,1
Digital and Technologies,Yabeo,Germany,de,Private Equity and Venture Capital,,FALSE,1
Digital and Technologies,Yuga Labs,United States,us,Corporate,,FALSE,1
Digital and Technologies,ZF,Germany,de,Private Equity and Venture Capital,,FALSE,1
Digital and Technologies,Zebra Technologies,United States,us,Corporate,,FALSE,1
Digital and Technologies,Zhejiang Silk Road Fund,China,cn,Asset Management,,FALSE,1
Digital and Technologies,aMoon Fund,Israel,il,Private Equity and Venture Capital,,FALSE,1
Digital and Technologies,b-to-v Partners (Brain-to-Ventures),Switzerland,ch,Private Equity and Venture Capital,,FALSE,1
Digital and Technologies,eBay Ventures,United States,us,Corporate,,FALSE,1
Digital and Technologies,eVentures,United States,us,Private Equity and Venture Capital,,FALSE,1
Digital and Technologies,eWTP Innovation Fund,China,cn,Private Equity and Venture Capital,,FALSE,1
Digital and Technologies,iDreamSky,China,cn,Corporate,,FALSE,1
Digital and Technologies,nVent,United States,us,Corporate,,FALSE,1
Education,Business Angel(s),,,Business Angel(s),,FALSE,9
Education,Insight Partners,United States,us,Private Equity and Venture Capital,,FALSE,2
Education,Republic,United States,us,Crowd funding,,FALSE,2
Education,Summit Partners,United States,us,Private Equity and Venture Capital,,FALSE,2
Education,TA Associates,United States,us,Private Equity and Venture Capital,,FALSE,2
Education,Ten Eleven Ventures,United States,us,Private Equity and Venture Capital,,FALSE,2
Education,Village Global,United States,us,Private Equity and Venture Capital,,FALSE,2
Education,ABN AMRO,Netherlands,nl,Bank,,FALSE,1
Education,ACE Ventures,India,in,Private Equity and Venture Capital,,FALSE,1
Education,AlphaCode,South Africa,za,Accelerator,,FALSE,1
Education,Associated Press,United States,us,Corporate,,FALSE,1
Education,Audacious Ventures,United States,us,Private Equity and Venture Capital,,FALSE,1
Education,BOND,United States,us,Private Equity and Venture Capital,,FALSE,1
Education,BlackRock,United States,us,Asset Management,,FALSE,1
Education,Brighton Park Capital,United States,us,Private Equity and Venture Capital,,FALSE,1
Education,Capstar Ventures,United States,us,Private Equity and Venture Capital,,FALSE,1
Education,Citigroup,United States,us,Bank,,FALSE,1
Education,Credit Suisse,Switzerland,ch,Merchant Bank,,FALSE,1
Education,D1 Capital Partners,United States,us,Private Equity and Venture Capital,,FALSE,1
Education,Danske Bank,Denmark,dk,Bank,,FALSE,1
Education,Department of Education,Dependent,,Government,,FALSE,1
Education,Deutsche Bank,China,cn,Private Equity and Venture Capital,,FALSE,1
Education,EduCapital,France,fr,Private Equity and Venture Capital,,FALSE,1
Education,FTV Capital,United States,us,Private Equity and Venture Capital,,FALSE,1
Education,Founders Circle Capital,United States,us,Private Equity and Venture Capital,,FALSE,1
Education,General Catalyst,United States,us,Private Equity and Venture Capital,,FALSE,1
Education,Goldman Sachs,United States,us,Merchant Bank,,FALSE,1
Education,Google,United States,us,Corporate,,FALSE,1
Education,HV Capital,Germany,de,Private Equity and Venture Capital,,FALSE,1
Education,Horizons Labs,Hong Kong,hk,Private Equity and Venture Capital,,FALSE,1
Education,Impact Partners,France,fr,Private Equity and Venture Capital,,FALSE,1
Education,KKR,United States,us,Private Equity and Venture Capital,,FALSE,1
Education,Lightspeed Management,United States,us,Private Equity and Venture Capital,,FALSE,1
Education,Lombard Odier,Switzerland,ch,Asset Management,,FALSE,1
Education,Menlo Ventures,United States,us,Private Equity and Venture Capital,,FALSE,1
Education,Mitsui & Co. Global Investment Ltd (MGI),Japan,jp,Corporate,,FALSE,1
Education,PGIM Private Capital,United States,us,Asset Management,,FALSE,1
Education,Parkway Venture Capital,United States,us,Private Equity and Venture Capital,,FALSE,1
Education,QED Investors,United States,us,Private Equity and Venture Capital,,FALSE,1
Education,SB ISAT Fund,Indonesia,id,Private Equity and Venture Capital,,FALSE,1
Education,SI2 Fund,Belgium,be,Private Equity and Venture Capital,,FALSE,1
Education,Salesforce,United States,us,Corporate,,FALSE,1
Education,SemperVirens,United States,us,Private Equity and Venture Capital,,FALSE,1
Education,Shortlist Ventures,United States,us,Private Equity and Venture Capital,,FALSE,1
Education,Silicon Valley Bank,United States,us,Bank,,FALSE,1
Education,Smash Capital,United States,us,Private Equity and Venture Capital,,FALSE,1
Education,SoftBank Group,Japan,jp,Corporate,,FALSE,1
Education,Solve Innovation Future,United States,us,University,,FALSE,1
Education,Stonepeak Infrastructure Partners,United States,us,Asset Management / Private Equity,,FALSE,1
Education,Susquehanna International Group (SIG),United States,us,Private Equity and Venture Capital,,FALSE,1
Education,TechNexus,United States,us,Private Equity and Venture Capital,,FALSE,1
Education,The New York Times Company,United States,us,Corporate,,FALSE,1
Education,View Different,United States,us,Private Equity and Venture Capital,,FALSE,1
Education,Warburg Pincus,United States,us,Private Equity and Venture Capital,,FALSE,1
Financial Services,Business Angel(s),,,Business Angel(s),,FALSE,67
Financial Services,Republic,United States,us,Crowd funding,,FALSE,9
Financial Services,Silicon Valley Bank,United States,us,Bank,,FALSE,7
Financial Services,Citigroup,United States,us,Bank,,FALSE,6
Financial Services,JPMorgan Chase & Co,United States,us,Asset Management,,FALSE,6
Financial Services,Tiger Global Management,United States,us,Asset Management,,FALSE,6
Financial Services,Accel Partners,United States,us,Private Equity and Venture Capital,,FALSE,5
Financial Services,CommerzVentures,Germany,de,Private Equity and Venture Capital,,FALSE,5
Financial Services,Deutsche Bank,China,cn,Private Equity and Venture Capital,,FALSE,5
Financial Services,FTV Capital,United States,us,Private Equity and Venture Capital,,FALSE,5
Financial Services,Goldman Sachs,United States,us,Merchant Bank,,FALSE,5
Financial Services,Insight Partners,United States,us,Private Equity and Venture Capital,,FALSE,5
Financial Services,DST Global,United States,us,Private Equity and Venture Capital,,FALSE,4
Financial Services,EQT Group,Sweden,se,Private Equity and Venture Capital,,FALSE,4
Financial Services,Gauss Ventures,Cayman Islands,ky,Private Equity and Venture Capital,,FALSE,4
Financial Services,SBI Holdings,Japan,jp,Corporate,,FALSE,4
Financial Services,SoftBank Group,Japan,jp,Corporate,,FALSE,4
Financial Services,BlackRock,United States,us,Asset Management,,FALSE,3
Financial Services,Breega Capital,France,fr,Private Equity and Venture Capital,,FALSE,3
Financial Services,CIBC (Canadian Imperial Bank of Commerce),Canada,ca,Bank,,FALSE,3
Financial Services,Caisse de dépôt et placement du Québec (CDPQ),,,,,,3
Financial Services,Experian,Ireland,ie,Corporate,,FALSE,3
Financial Services,General Atlantic,United States,us,Private Equity and Venture Capital,,FALSE,3
Financial Services,Google,United States,us,Corporate,,FALSE,3
Financial Services,Government of Singapore Investment Corporation (GIC Private Limited),Singapore,sg,Sovereign Wealth Fund,SW Fund,FALSE,3
Financial Services,KKR,United States,us,Private Equity and Venture Capital,,FALSE,3
Financial Services,Moore Capital Management,United States,us,Asset Management,,FALSE,3
Financial Services,Ontario Teachers’ Pension Plan,Canada,ca,Asset Management,International pension funds,FALSE,3
Financial Services,PayPal,United States,us,Corporate,,FALSE,3
Financial Services,QED Investors,United States,us,Private Equity and Venture Capital,,FALSE,3
Financial Services,Qatar Investment Authority,Qatar,qa,Sovereign Wealth Fund,SW Fund,FALSE,3
Financial Services,Ribbit Capital,United States,us,Private Equity and Venture Capital,,FALSE,3
Financial Services,Target Global,Germany,de,Private Equity and Venture Capital,,FALSE,3
Financial Services,Technology Crossover Ventures,United States,us,Private Equity and Venture Capital,,FALSE,3
Financial Services,Techstars,United States,us,Accelerator,,FALSE,3
Financial Services,Temasek Holdings,Singapore,sg,Sovereign Wealth Fund,SW Fund,FALSE,3
Financial Services,ABN AMRO,Netherlands,nl,Bank,,FALSE,2
Financial Services,Accenture,Ireland,ie,Private Equity and Venture Capital,,FALSE,2
Financial Services,American Express,United States,us,Corporate,,FALSE,2
Financial Services,Apax Partners,United States,us,Private Equity and Venture Capital,,FALSE,2
Financial Services,Aquiline Capital Partners,United States,us,Private Equity and Venture Capital,,FALSE,2
Financial Services,Atami Capital,Isle Of Man,im,Private Equity and Venture Capital,,FALSE,2
Financial Services,BNY Mellon,United States,us,Private Equity and Venture Capital,,FALSE,2
Financial Services,BiG Start Ventures,Portugal,pt,Private Equity and Venture Capital,,FALSE,2
Financial Services,Black River Ventures,Russian Federation,ru,Private Equity and Venture Capital,,FALSE,2
Financial Services,CPP Investments,Canada,ca,Asset Management,SW Fund,FALSE,2
Financial Services,CVC Capital Partners,Luxembourg,lu,Private Equity and Venture Capital,,FALSE,2
Financial Services,Capricorn Investment Group,United States,us,Private Equity and Venture Capital,,FALSE,2
Financial Services,Coatue Management,United States,us,Private Equity and Venture Capital,,FALSE,2
Financial Services,Creandum,Sweden,se,Private Equity and Venture Capital,,FALSE,2
Financial Services,Credit Suisse,Switzerland,ch,Merchant Bank,,FALSE,2
Financial Services,CreditEase,China,cn,Asset Management,,FALSE,2
Financial Services,Crestline Investors,United States,us,Asset Management,,FALSE,2
Financial Services,Dale Ventures,United Arab Emirates,ae,Private Equity and Venture Capital,,FALSE,2
Financial Services,Edmond de Rothschild Investment Partners,France,fr,Private Equity and Venture Capital,,FALSE,2
Financial Services,Eight Roads Ventures,Bermuda,bm,Private Equity and Venture Capital,,FALSE,2
Financial Services,Eldridge Industries,United States,us,Private Equity and Venture Capital,,FALSE,2
Financial Services,Endeavor Global,United States,us,Private Equity and Venture Capital,,FALSE,2
Financial Services,Eurazeo,France,fr,Private Equity and Venture Capital,,TRUE,2
Financial Services,Evolution Equity Partners,United States,us,Private Equity and Venture Capital,,TRUE,2
Financial Services,Frontline Ventures,Ireland,ie,Private Equity and Venture Capital,,FALSE,2
Financial Services,General Catalyst,United States,us,Private Equity and Venture Capital,,FALSE,2
Financial Services,HV Capital,Germany,de,Private Equity and Venture Capital,,FALSE,2
Financial Services,Headline,United States,us,Private Equity and Venture Capital,,FALSE,2
Financial Services,International Finance Corporation (IFC),United States,us,Private Equity and Venture Capital,,FALSE,2
Financial Services,Lakestar,Switzerland,ch,Private Equity and Venture Capital,,FALSE,2
Financial Services,Lombard Odier,Switzerland,ch,Asset Management,,FALSE,2
Financial Services,M&G ­Investments,,,,,,2
Financial Services,MasterCard,United States,us,Corporate,,FALSE,2
Financial Services,Oaktree,United States,us,Asset Management,,FALSE,2
Financial Services,Prime Ventures,Netherlands,nl,Private Equity and Venture Capital,,TRUE,2
Financial Services,SAP,United States,us,Corporate,,FALSE,2
Financial Services,Salesforce,United States,us,Corporate,,FALSE,2
Financial Services,Speedinvest,Austria,at,Private Equity and Venture Capital,,FALSE,2
Financial Services,Ten Coves Capital,United States,us,Private Equity and Venture Capital,,FALSE,2
Financial Services,U-Start Club,Italy,it,Private Equity and Venture Capital,,FALSE,2
Financial Services,Warburg Pincus,United States,us,Private Equity and Venture Capital,,FALSE,2
Financial Services,76 West Holdings,United States,us,Corporate,,FALSE,1
Financial Services,AFG Partners,Hong Kong,hk,Private Equity and Venture Capital,,FALSE,1
Financial Services,AUB Group,Australia,au,Corporate,,FALSE,1
Financial Services,Abu Dhabi Growth Fund,United Arab Emirates,ae,Government,,FALSE,1
Financial Services,Access Industries,United States,us,Private Investment Vehicle,,FALSE,1
Financial Services,Acton Capital Partners,Germany,de,Private Equity and Venture Capital,,FALSE,1
Financial Services,Adcock Private Equity,Australia,au,Private Equity and Venture Capital,,FALSE,1
Financial Services,Adelie,France,fr,Private Equity and Venture Capital,,FALSE,1
Financial Services,Advent International,United States,us,Private Equity and Venture Capital,,FALSE,1
Financial Services,Allectus Capital,Bermuda,bm,Private Equity and Venture Capital,,FALSE,1
Financial Services,Alliance Bernstein (AB),United States,us,Private Equity and Venture Capital,,FALSE,1
Financial Services,Alliance Ventures,Netherlands,nl,Corporate,,FALSE,1
Financial Services,Allianz,Germany,de,Asset Management,,FALSE,1
Financial Services,Alpha Wave Ventures,United States,us,Private Equity and Venture Capital,,FALSE,1
Financial Services,AlphaCode,South Africa,za,Accelerator,,FALSE,1
Financial Services,Altimeter Capital,United States,us,Private Equity and Venture Capital,,FALSE,1
Financial Services,Amundi,France,fr,Asset Management,,FALSE,1
Financial Services,Apollo Global Management,United States,us,Asset Management,,FALSE,1
Financial Services,Ara Partners,United States,us,Private Equity and Venture Capital,,FALSE,1
Financial Services,Ares Management,United States,us,Asset Management,,FALSE,1
Financial Services,Atalaya Capital Management,United States,us,Asset Management,,FALSE,1
Financial Services,Atlantic Vantage Point,France,fr,Private Equity and Venture Capital,,FALSE,1
Financial Services,BBVA,Spain,es,Bank,,FALSE,1
Financial Services,BECO Capital,United Arab Emirates,ae,Private Equity and Venture Capital,,FALSE,1
Financial Services,BNP Paribas,France,fr,Bank,,FALSE,1
Financial Services,BOKA Group,United States,us,Private Equity and Venture Capital,,FALSE,1
Financial Services,Bain Capital,United States,us,Private Equity and Venture Capital,,FALSE,1
Financial Services,Bank of America,United States,us,Bank,,FALSE,1
Financial Services,Base Capital,United States,us,Private Equity and Venture Capital,,FALSE,1
Financial Services,Base Partners,Brazil,br,Private Equity and Venture Capital,,FALSE,1
Financial Services,Battery,United States,us,Private Equity and Venture Capital,,FALSE,1
Financial Services,Beacon Equity Partners,United States,us,Private Equity and Venture Capital,,FALSE,1
Financial Services,Beringea,United States,us,Private Equity and Venture Capital,,FALSE,1
Financial Services,Birchal,Australia,au,Crowd funding,,FALSE,1
Financial Services,BnkToTheFuture,Cayman Islands,ky,Crowd funding,,FALSE,1
Financial Services,Britannia,India,in,Corporate,,FALSE,1
Financial Services,CFFI UK Ventures,Barbados,bb,Private Investment Vehicle,,FALSE,1
Financial Services,CNP Assurances,France,fr,Corporate,,FALSE,1
Financial Services,CTC Venture Capital,United States,us,Private Equity and Venture Capital,,FALSE,1
Financial Services,CVentures,Egypt,eg,Corporate,,FALSE,1
Financial Services,CapitalG (formerly Google Capital),United States,us,Corporate,,FALSE,1
Financial Services,Cartesian Capital,United States,us,Private Equity and Venture Capital,,FALSE,1
Financial Services,Centerbridge Partners,United States,us,Private Equity and Venture Capital,,FALSE,1
Financial Services,Cercano Management,United States,us,Family Office,,FALSE,1
Financial Services,Circle,United States,us,Corporate,,FALSE,1
Financial Services,Clocktower Ventures,United States,us,Private Equity and Venture Capital,,FALSE,1
Financial Services,Club Changer,Monaco / UAE,mc,Family Office,,FALSE,1
Financial Services,Cohen Circle,United States,us,Private Equity and Venture Capital,,FALSE,1
Financial Services,Coinbase Ventures,United States,us,Corporate,,FALSE,1
Financial Services,Collector Bank,Sweden,se,Bank,,FALSE,1
Financial Services,Contour Venture Partners,United States,us,Private Equity and Venture Capital,,FALSE,1
Financial Services,Convoy Global Holdings,Hong Kong,hk,Asset Management,,FALSE,1
Financial Services,Crossfin Holdings,South Africa,za,Private Equity and Venture Capital,,FALSE,1
Financial Services,DB1 Ventures,,,,,,1
Financial Services,DNB,Norway,no,Bank,,FALSE,1
Financial Services,Da Vinci Capital,Russian Federation,ru,Private Equity and Venture Capital,,FALSE,1
Financial Services,Dai-ichi Life Insurance,Japan,jp,Corporate,,FALSE,1
Financial Services,Digital Currency Group,United States,us,Private Equity and Venture Capital,,FALSE,1
Financial Services,Dragoneer Investment Group,United States,us,Private Equity and Venture Capital,,FALSE,1
Financial Services,Drake Capital Advisors LLC,United States,us,Private Equity and Venture Capital,,FALSE,1
Financial Services,Dubai Investments,United Arab Emirates,ae,Private Equity and Venture Capital,,FALSE,1
Financial Services,E& Investment,"Korea, Republic Of (South Korea)",kr,Private Equity and Venture Capital,,FALSE,1
Financial Services,East Capital Group,Sweden,se,Asset Management,,FALSE,1
Financial Services,Elbrus Capital,Russian Federation,ru,Private Equity and Venture Capital,,FALSE,1
Financial Services,Elkstone,Ireland,ie,Family Office,,FALSE,1
Financial Services,Elliott Management Corporation,United States,us,Asset Management,,FALSE,1
Financial Services,Emery Capital,Russian Federation,ru,Private Equity and Venture Capital,,FALSE,1
Financial Services,Enstar,Bermuda,bm,Corporate,,FALSE,1
Financial Services,Estancia Capital Partners,United States,us,Private Equity and Venture Capital,,FALSE,1
Financial Services,FINTOP Capital,United States,us,Private Equity and Venture Capital,,FALSE,1
Financial Services,FIS,United States,us,Corporate,,FALSE,1
Financial Services,FJ Labs,United States,us,Private Equity and Venture Capital,,FALSE,1
Financial Services,FMZ Ventures,United States,us,Private Investment Vehicle,,FALSE,1
Financial Services,FactSet,United States,us,Corporate,,FALSE,1
Financial Services,Farallon Capital Management,United States,us,Asset Management,,FALSE,1
Financial Services,Fifth Era,United States,us,Private Equity and Venture Capital,,FALSE,1
Financial Services,Fin Capital,United States,us,Private Equity and Venture Capital,,FALSE,1
Financial Services,Fin Venture Capital,United States,us,Private Equity and Venture Capital,,FALSE,1
Financial Services,FinTech Collective,United States,us,Private Equity and Venture Capital,,FALSE,1
Financial Services,FirstCape,New Zealand,nz,Private Equity and Venture Capital,,FALSE,1
Financial Services,Flow Capital,Canada,ca,Private Equity and Venture Capital,,FALSE,1
Financial Services,Fondazione di Sardegna,Italy,it,Corporate,,FALSE,1
Financial Services,Fortress Investment Group,United States,us,Asset Management / Private Equity,,FALSE,1
Financial Services,Framework Venture Partners,Canada,ca,Private Equity and Venture Capital,,FALSE,1
Financial Services,Franklin Templeton,United States,us,Private Equity and Venture Capital,,FALSE,1
Financial Services,Fuel Venture Capital,United States,us,Private Equity and Venture Capital,,FALSE,1
Financial Services,Goldacre,,,,,,1
Financial Services,Goodwater Capital LLC,United States,us,Private Equity and Venture Capital,,FALSE,1
Financial Services,Greenoaks Capital Management,United States,us,Private Equity and Venture Capital,,FALSE,1
Financial Services,Groupon,United States,us,Corporate,,FALSE,1
Financial Services,Guan Quan Investments,China,cn,Private Investment Vehicle,,FALSE,1
Financial Services,Guanqun Chi Cheng,China,cn,Specialist Lender,,FALSE,1
Financial Services,HB Investments,United Arab Emirates,ae,Private Investment Vehicle,,FALSE,1
Financial Services,HDI,Germany,de,Corporate,,FALSE,1
Financial Services,Hamiton Holdings,United States,us,Corporate,,FALSE,1
Financial Services,Hanaco Ventures,Israel,il,Private Equity and Venture Capital,,FALSE,1
Financial Services,Hannover Digital Investments,Germany,de,Private Equity and Venture Capital,,FALSE,1
Financial Services,Hard Yaka,United States,us,Private Equity and Venture Capital,,FALSE,1
Financial Services,Hartford Ventures,United States,us,Private Equity and Venture Capital,,FALSE,1
Financial Services,HongShan,China,cn,Private Equity and Venture Capital,,FALSE,1
Financial Services,ICONIQ Capital,United States,us,Family Office,,FALSE,1
Financial Services,IDC Ventures,Spain,es,Private Equity and Venture Capital,,FALSE,1
Financial Services,ING Bank,Netherlands,nl,Bank,,FALSE,1
Financial Services,Indigo IP Holdings,Antigua & Barbuda,ag,Private Investment Vehicle,,FALSE,1
Financial Services,Ingka Group,Netherlands,nl,Corporate,,FALSE,1
Financial Services,Insight Capital,United States,us,Private Equity and Venture Capital,,FALSE,1
Financial Services,Intel,United States,us,Corporate,,FALSE,1
Financial Services,Intesa Sanpaolo,Italy,it,Bank,,FALSE,1
Financial Services,Invus,United States,us,Private Equity and Venture Capital,,FALSE,1
Financial Services,JC Flowers,United States,us,Private Equity and Venture Capital,,FALSE,1
Financial Services,Jefferies,United States,us,Merchant Bank,,FALSE,1
Financial Services,Jigsaw VC,Jersey,je,Private Equity and Venture Capital,,FALSE,1
Financial Services,KKCG,Switzerland,ch,Asset Management,,FALSE,1
Financial Services,KRW Schindler Private Ventures,Luxembourg,lu,Private Equity and Venture Capital,,FALSE,1
Financial Services,KV Management,United States,us,Private Investment Vehicle,,FALSE,1
Financial Services,Kaiser Permanente Ventures,United States,us,Corporate,,FALSE,1
Financial Services,Kernel Capital,Ireland,ie,Private Equity and Venture Capital,,FALSE,1
Financial Services,Kima Ventures,France,fr,Private Investment Vehicle,,FALSE,1
Financial Services,Kinnevik,Sweden,se,Private Equity and Venture Capital,,FALSE,1
Financial Services,Korea Investment Partners (KIP),"Korea, Republic Of (South Korea)",kr,Private Equity and Venture Capital,,FALSE,1
Financial Services,L Catterton,United States,us,Private Equity and Venture Capital,,FALSE,1
Financial Services,La Famiglia,Germany,de,Private Equity and Venture Capital,,FALSE,1
Financial Services,LeapFrog Ventures,Mauritius,mu,Private Equity and Venture Capital,,FALSE,1
Financial Services,Left Lane Capital,United States,us,Private Equity and Venture Capital,,FALSE,1
Financial Services,Lerer Hippeau Ventures,United States,us,Private Equity and Venture Capital,,FALSE,1
Financial Services,Leucadia National Corporation,United States,us,Merchant Bank,,FALSE,1
Financial Services,Leumi Partners,Israel,il,Merchant Bank,,FALSE,1
Financial Services,Life.SREDA,Singapore,sg,Private Equity and Venture Capital,,FALSE,1
Financial Services,Lightbank,United States,us,Private Equity and Venture Capital,,FALSE,1
Financial Services,Lightspeed Management,United States,us,Private Equity and Venture Capital,,FALSE,1
Financial Services,Link Group,Australia,au,Corporate,,FALSE,1
Financial Services,Liquidity Group,United States,us,Specialist Lender,,FALSE,1
Financial Services,Long Ridge Equity Partners,United States,us,Private Equity and Venture Capital,,FALSE,1
Financial Services,Loric Ventures,Germany,de,Private Equity and Venture Capital,,FALSE,1
Financial Services,Lugard Road Capital,United States,us,Private Equity and Venture Capital,,FALSE,1
Financial Services,Lumia Capital,United States,us,Private Equity and Venture Capital,,FALSE,1
Financial Services,M&F Fund,Regional / EU,eu,Private Equity and Venture Capital,,FALSE,1
Financial Services,MCI.TechVentures,Poland,pl,Private Equity and Venture Capital,,FALSE,1
Financial Services,MMI,South Africa,za,Corporate,,FALSE,1
Financial Services,MS&AD,Japan,jp,Corporate,,FALSE,1
Financial Services,Marlin Equity Partners,United States,us,Private Equity and Venture Capital,,FALSE,1
Financial Services,Marqeta,United States,us,Corporate,,FALSE,1
Financial Services,Marubeni Ventures,Japan,jp,Corporate,,FALSE,1
Financial Services,MassMutual Ventures,United States,us,Corporate,,FALSE,1
Financial Services,Microsoft,United States,us,Corporate,,FALSE,1
Financial Services,Middle East Venture Partners (MEVP),United Arab Emirates,ae,Private Equity and Venture Capital,,FALSE,1
Financial Services,Milano Investment Partners,Italy,it,Private Equity and Venture Capital,,FALSE,1
Financial Services,MissionOG,United States,us,Private Equity and Venture Capital,,FALSE,1
Financial Services,Mithril,United States,us,Private Equity and Venture Capital,,FALSE,1
Financial Services,Mojo Capital,Luxembourg,lu,Private Equity and Venture Capital,,FALSE,1
Financial Services,Mosaik Partners,United States,us,Private Equity and Venture Capital,,FALSE,1
Financial Services,Motive Partners,United States,us,Private Equity and Venture Capital,,FALSE,1
Financial Services,Mubadala Investment Company,United Arab Emirates,ae,Sovereign Wealth Fund,SW Fund,FALSE,1
Financial Services,Mundi Ventures,Spain,es,Private Equity and Venture Capital,,FALSE,1
Financial Services,NFT Ventures,Sweden,se,Private Equity and Venture Capital,,FALSE,1
Financial Services,NIBC Bank,Netherlands,nl,Bank,,FALSE,1
Financial Services,Nasdaq,United States,us,Corporate,,FALSE,1
Financial Services,National Australia Bank,Australia,au,Bank,,FALSE,1
Financial Services,Natixis,France,fr,Merchant Bank,,FALSE,1
Financial Services,NextLaw Labs,United States,us,Corporate,,FALSE,1
Financial Services,Nire Capital,South Africa,za,Private Equity and Venture Capital,,FALSE,1
Financial Services,Nomura,Japan,jp,Bank,,FALSE,1
Financial Services,NordicNinja,Finland,fi,Private Equity and Venture Capital,,FALSE,1
Financial Services,Novator Partners,Switzerland,ch,Private Investment Vehicle,,FALSE,1
Financial Services,Novum Capital,Germany,de,Private Equity and Venture Capital,,FALSE,1
Financial Services,OMERS Ventures,Canada,ca,Private Equity and Venture Capital,,FALSE,1
Financial Services,Oak HC/FT,United States,us,Private Equity and Venture Capital,,FALSE,1
Financial Services,Oak Hill Advisors,United States,us,Private Equity and Venture Capital,,FALSE,1
Financial Services,Octahedron Capital,United States,us,Private Equity and Venture Capital,,FALSE,1
Financial Services,Oliver Wyman,United States,us,Private Equity and Venture Capital,,FALSE,1
Financial Services,Omidyar Network,United States,us,Charity/Not-for-profit company,,FALSE,1
Financial Services,OneMain Financial,United States,us,Specialist Lender,,FALSE,1
Financial Services,Optiver,Netherlands,nl,Asset Management,,FALSE,1
Financial Services,Orange,France,fr,Corporate,,FALSE,1
Financial Services,OurCrowd,Israel,il,Crowd funding,,FALSE,1
Financial Services,Oxford Finance,United States,us,Private Equity and Venture Capital,,FALSE,1
Financial Services,PPF Group,Czech Republic,cz,Private Investment Vehicle,,FALSE,1
Financial Services,Paladin Capital Group,United States,us,Private Equity and Venture Capital,,FALSE,1
Financial Services,Partech Partners,France,fr,Private Equity and Venture Capital,,FALSE,1
Financial Services,Partnership Fund for New York City,United States,us,Charity/Not-for-profit company,,FALSE,1
Financial Services,Ping An Ventures,China,cn,Private Equity and Venture Capital,,FALSE,1
Financial Services,Pinorena Capital,Estonia,ee,Private Equity and Venture Capital,,FALSE,1
Financial Services,Pivot Investment Partners,United States,us,Private Equity and Venture Capital,,FALSE,1
Financial Services,Plaid,United States,us,Corporate,,FALSE,1
Financial Services,Point Nine Management,Germany,de,Private Equity and Venture Capital,,FALSE,1
Financial Services,Point72,United States,us,Asset Management,,FALSE,1
Financial Services,Poste Italiane,Italy,it,State-owned enterprise (SOE) / Corporate strategic investor,,FALSE,1
Financial Services,Practica Capital,Lithuania,lt,Private Equity and Venture Capital,,FALSE,1
Financial Services,Prudence Holdings,United States,us,Private Equity and Venture Capital,,FALSE,1
Financial Services,QBN Capital,Hong Kong,hk,Private Equity and Venture Capital,,FALSE,1
Financial Services,R204 Partners,Italy,it,Private Equity and Venture Capital,,FALSE,1
Financial Services,RGAX,United States,us,Corporate,,FALSE,1
Financial Services,Rabobank,Netherlands,nl,Bank,,FALSE,1
Financial Services,Rakuten,Japan,jp,Corporate,,FALSE,1
Financial Services,Recurring Capital Partners,United States,us,Private Equity and Venture Capital,,FALSE,1
Financial Services,Reference Capital,United States,us,Private Equity and Venture Capital,,FALSE,1
Financial Services,Revo Capital,Netherlands,nl,Private Equity and Venture Capital,,FALSE,1
Financial Services,Rocket Internet,Germany,de,Corporate,,FALSE,1
Financial Services,Route 66 Ventures,United States,us,Private Equity and Venture Capital,,FALSE,1
Financial Services,Rovida Advisors,United States,us,Asset Management,,FALSE,1
Financial Services,Rubicon Venture Capital,United States,us,Private Equity and Venture Capital,,FALSE,1
Financial Services,STE Capital,United States,us,Family Office,,FALSE,1
Financial Services,Santander,Spain,es,Bank,,TRUE,1
Financial Services,Saudi Aramco,Saudi Arabia,sa,Corporate,,FALSE,1
Financial Services,Sentinel Dome Partners,United States,us,Asset Management,,FALSE,1
Financial Services,Seventure Partners,France,fr,Private Equity and Venture Capital,,FALSE,1
Financial Services,Shopify,Canada,ca,Corporate,,FALSE,1
Financial Services,Shortcut Ventures,Germany,de,Private Equity and Venture Capital,,FALSE,1
Financial Services,SignalFire,United States,us,Private Equity and Venture Capital,,FALSE,1
Financial Services,Simcah Management,United States,us,Asset Management,,FALSE,1
Financial Services,SixThirty Ventures,United States,us,Private Equity and Venture Capital,,FALSE,1
Financial Services,Sixth Street Growth,United States,us,Private Equity and Venture Capital,,FALSE,1
Financial Services,SmartCap,Estonia,ee,Private Equity and Venture Capital,,FALSE,1
Financial Services,SmartHub,Brazil,br,Corporate,,FALSE,1
Financial Services,Smash Capital,United States,us,Private Equity and Venture Capital,,FALSE,1
Financial Services,Snowflake,United States,us,Corporate,,FALSE,1
Financial Services,Sofina,Belgium,be,Private Equity and Venture Capital,,FALSE,1
Financial Services,Spark Capital Partners,United States,us,Private Equity and Venture Capital,,FALSE,1
Financial Services,Spearhead Capital,United States,us,Asset Management,,FALSE,1
Financial Services,Spring Partners,Japan,jp,Private Equity and Venture Capital,,FALSE,1
Financial Services,Stone Point Capital,United States,us,Private Equity and Venture Capital,,FALSE,1
Financial Services,Stripe,United States,us,Private Equity and Venture Capital,,FALSE,1
Financial Services,Sunley House Capital Management,United States,us,Asset Management,,FALSE,1
Financial Services,Surplus,Germany,de,Private Equity and Venture Capital,,FALSE,1
Financial Services,Swiss Post,Switzerland,ch,State-owned enterprise (SOE) / Corporate strategic investor,,FALSE,1
Financial Services,Söderberg & Partners,,,,,,1
Financial Services,TED Global,United States,us,Charity/Not-for-profit company,,FALSE,1
Financial Services,TOMS Capital,United States,us,Asset Management,,FALSE,1
Financial Services,TPG,United States,us,Private Equity and Venture Capital,,FALSE,1
Financial Services,TSG Consumer Partners,United States,us,Private Equity and Venture Capital,,FALSE,1
Financial Services,TTV Capital,United States,us,Private Equity and Venture Capital,,FALSE,1
Financial Services,Taiwania Capital,Taiwan,tw,Private Equity and Venture Capital,,FALSE,1
Financial Services,Tencent,China,cn,Corporate,,FALSE,1
Financial Services,Tengelmann Ventures,Germany,de,Private Equity and Venture Capital,,FALSE,1
Financial Services,Tera Ventures,Estonia,ee,Private Equity and Venture Capital,,FALSE,1
Financial Services,The Rise Fund,United States,us,Private Equity and Venture Capital,,FALSE,1
Financial Services,The Riverside Company,United States,us,Private Equity and Venture Capital,,FALSE,1
Financial Services,TheFamily,France,fr,Accelerator,,FALSE,1
Financial Services,Third Kind VC,United States,us,Private Equity and Venture Capital,,FALSE,1
Financial Services,Third Stream Partners,United States,us,Private Equity and Venture Capital,,FALSE,1
Financial Services,Thomson Reuters,Canada,ca,Corporate,,FALSE,1
Financial Services,Thomvest Ventures,United States,us,Private Equity and Venture Capital,,FALSE,1
Financial Services,Thrive Capital,United States,us,Private Equity and Venture Capital,,FALSE,1
Financial Services,Thule Investments,Iceland,is,Private Equity and Venture Capital,,FALSE,1
Financial Services,TransUnion,United States,us,Corporate,,FALSE,1
Financial Services,Tribe Capital,United States,us,Private Equity and Venture Capital,,FALSE,1
Financial Services,Tribeca Early Stage Partners,United States,us,Private Equity and Venture Capital,,FALSE,1
Financial Services,Tuesday Capital,United States,us,Private Equity and Venture Capital,,FALSE,1
Financial Services,UBS,Switzerland,ch,Bank,,FALSE,1
Financial Services,United Ventures,Italy,it,Private Equity and Venture Capital,,FALSE,1
Financial Services,Unlimint,Russian Federation,ru,Corporate,,FALSE,1
Financial Services,Vanderbilt University,United States,us,University,,FALSE,1
Financial Services,Ventura Capital,United Arab Emirates,ae,Private Equity and Venture Capital,,FALSE,1
Financial Services,Venture Incubator,Switzerland,ch,Charity/Not-for-profit company,,FALSE,1
Financial Services,VilCap,United States,us,Accelerator,,FALSE,1
Financial Services,Village Global,United States,us,Private Equity and Venture Capital,,FALSE,1
Financial Services,Visa,United States,us,Corporate,,FALSE,1
Financial Services,Vista Credit Partners,United States,us,Private Equity and Venture Capital,,FALSE,1
Financial Services,Vostok Emerging Finance,Bermuda,bm,Private Equity and Venture Capital,,FALSE,1
Financial Services,Vulcan Capital,United States,us,Private Equity and Venture Capital,,FALSE,1
Financial Services,Vy Capital,United Arab Emirates,ae,Private Equity and Venture Capital,,FALSE,1
Financial Services,Wafra,United States,us,Private Equity and Venture Capital,,FALSE,1
Financial Services,Wellington Partners,Germany,de,Private Equity and Venture Capital,,FALSE,1
Financial Services,Wells Fargo,United States,us,Private Equity and Venture Capital,,FALSE,1
Financial Services,Westpac,Australia,au,Bank,,FALSE,1
Financial Services,Wicklow Capital,United States,us,Private Equity and Venture Capital,,FALSE,1
Financial Services,WndrCo,United States,us,Private Equity and Venture Capital,,FALSE,1
Financial Services,Y Combinator,United States,us,Accelerator,,FALSE,1
Financial Services,ZAIS Group,United States,us,Asset Management,,FALSE,1
Financial Services,b-to-v Partners (Brain-to-Ventures),Switzerland,ch,Private Equity and Venture Capital,,FALSE,1
Financial Services,b2venture,Germany,de,Private Equity and Venture Capital,,FALSE,1
Financial Services,eBay Ventures,United States,us,Corporate,,FALSE,1
Financial Services,eVentures,United States,us,Private Equity and Venture Capital,,FALSE,1
Life Sciences,Business Angel(s),,,Business Angel(s),,FALSE,18
Life Sciences,Tencent,China,cn,Corporate,,FALSE,5
Life Sciences,Invesco,United States,us,Asset Management,,FALSE,4
Life Sciences,Puhua Capital,China,cn,Private Equity and Venture Capital,,FALSE,4
Life Sciences,Sofinnova Partners,France,fr,Private Equity and Venture Capital,,FALSE,4
Life Sciences,Astellas Pharma,Japan,jp,Corporate,,FALSE,3
Life Sciences,Foresite Capital,United States,us,Private Equity and Venture Capital,,FALSE,3
Life Sciences,Google,United States,us,Corporate,,FALSE,3
Life Sciences,Merck Group,Germany,de,Private Equity and Venture Capital,,FALSE,3
Life Sciences,Morningside Group,Hong Kong,hk,Family Office,,FALSE,3
Life Sciences,Temasek Holdings,Singapore,sg,Sovereign Wealth Fund,SW Fund,FALSE,3
Life Sciences,5Y Capital,China,cn,Family Office,,FALSE,2
Life Sciences,ABB,Switzerland,ch,Corporate,,FALSE,2
Life Sciences,Andera Partners,France,fr,Private Equity and Venture Capital,,FALSE,2
Life Sciences,Bits x Bites,China,cn,Private Equity and Venture Capital,,FALSE,2
Life Sciences,Blue Venture Fund,United States,us,Private Equity and Venture Capital,,FALSE,2
Life Sciences,Cowen Healthcare Investments,United States,us,Bank,,FALSE,2
Life Sciences,Eli Lilly & Co,United States,us,Corporate,,FALSE,2
Life Sciences,Horizons Ventures,Hong Kong,hk,Private Equity and Venture Capital,,FALSE,2
Life Sciences,IQT,United States,us,Private Equity and Venture Capital,,FALSE,2
Life Sciences,Invus,United States,us,Private Equity and Venture Capital,,FALSE,2
Life Sciences,M&G ­Investments,,,,,,2
Life Sciences,Northpond Ventures,United States,us,Private Equity and Venture Capital,,FALSE,2
Life Sciences,Novartis,Switzerland,ch,Corporate,,FALSE,2
Life Sciences,Novo,Denmark,dk,Private Investment Vehicle,,FALSE,2
Life Sciences,Pfizer,United States,us,Corporate,,FALSE,2
Life Sciences,SoftBank Group,Japan,jp,Corporate,,FALSE,2
Life Sciences,Takeda Pharmaceutical Company,Japan,jp,Corporate,,FALSE,2
Life Sciences,Tanarra,Australia,au,Asset Management / Private Equity,,FALSE,2
Life Sciences,11.2 Capital,United States,us,Private Equity and Venture Capital,,FALSE,1
Life Sciences,3B Future Health Fund,Monaco,mc,Private Equity and Venture Capital,,FALSE,1
Life Sciences,500 Global,United States,us,Private Equity and Venture Capital,,FALSE,1
Life Sciences,A.P. Moller Holding,Denmark,dk,Corporate,,FALSE,1
Life Sciences,ABC Impact,Singapore,sg,Private Equity and Venture Capital,,FALSE,1
Life Sciences,ADQ,United Arab Emirates,ae,Central Government,,FALSE,1
Life Sciences,AMR Action Fund,United States,us,Private Equity and Venture Capital,,FALSE,1
Life Sciences,ARCH Venture Partners,United States,us,Private Equity and Venture Capital,,FALSE,1
Life Sciences,AbbVie Ventures,United States,us,Corporate,,FALSE,1
Life Sciences,Acequia Capital,United States,us,Private Equity and Venture Capital,,FALSE,1
Life Sciences,Agronomics,Isle Of Man,im,Private Equity and Venture Capital,,FALSE,1
Life Sciences,Aisling Capital,United States,us,Private Equity and Venture Capital,,FALSE,1
Life Sciences,Aldea Ventures,Spain,es,Private Equity and Venture Capital,,FALSE,1
Life Sciences,Allegis Capital,United States,us,Private Equity and Venture Capital,,FALSE,1
Life Sciences,Ally Bridge Group,United States,us,Private Equity and Venture Capital,,FALSE,1
Life Sciences,Andreessen Horowitz,United States,us,Private Equity and Venture Capital,,FALSE,1
Life Sciences,Applied Ventures,United States,us,Private Equity and Venture Capital,,FALSE,1
Life Sciences,Ares Management,United States,us,Asset Management,,FALSE,1
Life Sciences,Avidity Partners,United States,us,Private Equity and Venture Capital,,FALSE,1
Life Sciences,BGI Genomics,China,cn,Corporate,,FALSE,1
Life Sciences,BNW Investment Co,"Korea, Republic Of (South Korea)",kr,Private Equity and Venture Capital,,FALSE,1
Life Sciences,BankInvest Group,Denmark,dk,Asset Management,,FALSE,1
Life Sciences,Bayer,Germany,de,Corporate,,FALSE,1
Life Sciences,Bayland Capital,China,cn,Private Equity and Venture Capital,,FALSE,1
Life Sciences,Berggruen Holdings,United States,us,Family Office,,FALSE,1
Life Sciences,Bio-Rad Laboratories,United States,us,Corporate,,FALSE,1
Life Sciences,Bioeconomy Capital,United States,us,Private Equity and Venture Capital,,FALSE,1
Life Sciences,BlackRock,United States,us,Asset Management,,FALSE,1
Life Sciences,Blue Horizon Group,Switzerland,ch,Private Equity and Venture Capital,,FALSE,1
Life Sciences,Blue Owl Capital,United States,us,Asset Management / Private Equity,,FALSE,1
Life Sciences,BlueYard Capital,Germany,de,Private Equity and Venture Capital,,FALSE,1
Life Sciences,Boehringer Ingelheim,Germany,de,Corporate,,FALSE,1
Life Sciences,Borealis Ventures,Germany,de,Private Equity and Venture Capital,,FALSE,1
Life Sciences,Brace Pharma Capital,United States,us,Private Equity and Venture Capital,,FALSE,1
Life Sciences,Brighteye,France,fr,Private Equity and Venture Capital,,FALSE,1
Life Sciences,CITIC Securities,China,cn,Merchant Bank,,FALSE,1
Life Sciences,CN Innovations Holdings,Hong Kong,hk,Corporate,,FALSE,1
Life Sciences,CVC Capital Partners,Luxembourg,lu,Private Equity and Venture Capital,,FALSE,1
Life Sciences,CaaS Capital Management,United States,us,Asset Management,,FALSE,1
Life Sciences,Canaccord Genuity Group,Canada,ca,Merchant Bank,,FALSE,1
Life Sciences,Capricorn Investment Group,United States,us,Private Equity and Venture Capital,,FALSE,1
Life Sciences,Carbon Direct Capital,United States,us,Private Equity and Venture Capital,,FALSE,1
Life Sciences,Charles River Labs,United States,us,Commercialisation Company,,FALSE,1
Life Sciences,Civilization Ventures,United States,us,Private Equity and Venture Capital,,FALSE,1
Life Sciences,Clay Capital,Singapore,sg,Private Equity and Venture Capital,,FALSE,1
Life Sciences,Company K Partners,South Korea,kr,Private Equity and Venture Capital,,FALSE,1
Life Sciences,DCVC,United States,us,Corporate,,FALSE,1
Life Sciences,Daishin Private Equity,"Korea, Republic Of (South Korea)",kr,Private Equity and Venture Capital,,FALSE,1
Life Sciences,Deep Track Capital,United States,us,Private Equity and Venture Capital,,FALSE,1
Life Sciences,Digital China Health Technologies Corporation (DCHealth),China,cn,Corporate,,FALSE,1
Life Sciences,Digital Currency Group,United States,us,Private Equity and Venture Capital,,FALSE,1
Life Sciences,Dimension,United States,us,Private Equity and Venture Capital,,FALSE,1
Life Sciences,Dorilton Ventures,United States,us,Private Investment Vehicle,,FALSE,1
Life Sciences,EMBL Ventures,Germany,de,Private Equity and Venture Capital,,FALSE,1
Life Sciences,EQT Group,Sweden,se,Private Equity and Venture Capital,,FALSE,1
Life Sciences,Eckuity Capital,United States,us,Private Equity and Venture Capital,,FALSE,1
Life Sciences,Emerald Technology Ventures,Switzerland,ch,Private Equity and Venture Capital,,FALSE,1
Life Sciences,Escala Capital,Spain,es,Private Equity and Venture Capital,,FALSE,1
Life Sciences,Ethereal Ventures,"Virgin Islands, British",vg,Private Equity and Venture Capital,,FALSE,1
Life Sciences,F-Prime Capital Partners,United States,us,Private Equity and Venture Capital,,FALSE,1
Life Sciences,Felicis Ventures,United States,us,Private Equity and Venture Capital,,FALSE,1
Life Sciences,Fidelity Investments,United States,us,Asset Management,,FALSE,1
Life Sciences,First Capital Ventures,United States,us,Private Equity and Venture Capital,,FALSE,1
Life Sciences,Five Seasons Ventures,France,fr,Private Equity and Venture Capital,,FALSE,1
Life Sciences,Flerie Invest,Sweden,se,Private Equity and Venture Capital,,FALSE,1
Life Sciences,Forbion Capital Partners,Netherlands,nl,Private Equity and Venture Capital,,FALSE,1
Life Sciences,GE Healthcare,United States,us,Corporate,,FALSE,1
Life Sciences,GLy Capital Management,Hong Kong,hk,Private Equity and Venture Capital,,FALSE,1
Life Sciences,GenZero,Singapore,sg,Private Equity and Venture Capital,,FALSE,1
Life Sciences,Generation Ventures,Canada,ca,Private Equity and Venture Capital,,FALSE,1
Life Sciences,Genoa Ventures,United States,us,Private Equity and Venture Capital,,FALSE,1
Life Sciences,Goldman Sachs,United States,us,Merchant Bank,,FALSE,1
Life Sciences,H2 Equity Partners,Netherlands,nl,Private Equity and Venture Capital,,FALSE,1
Life Sciences,HAT Technology & Innovation Fund,Italy,it,Private Equity and Venture Capital,,FALSE,1
Life Sciences,Hardware Club,United States,us,Private Equity and Venture Capital,,FALSE,1
Life Sciences,HealthQuest Capital,United States,us,Private Equity and Venture Capital,,FALSE,1
Life Sciences,Healthbox,United States,us,Accelerator,,FALSE,1
Life Sciences,Healthlink Capital,China,cn,Private Equity and Venture Capital,,FALSE,1
Life Sciences,Helsinn Investment Fund S.A.,Monaco,mc,Private Equity and Venture Capital,,FALSE,1
Life Sciences,Hillhouse Capital Group,China,cn,Private Equity and Venture Capital,,FALSE,1
Life Sciences,Hitachi Group,Japan,jp,Corporate,,FALSE,1
Life Sciences,Hostplus,Australia,au,Asset Management,,FALSE,1
Life Sciences,Hummingbird Ventures,Belgium,be,Private Equity and Venture Capital,,FALSE,1
Life Sciences,IDO Investments,Oman,om,Private Equity and Venture Capital,,FALSE,1
Life Sciences,IMM Investment,"Korea, Republic Of (South Korea)",kr,Private Equity and Venture Capital,,FALSE,1
Life Sciences,ING Bank,Netherlands,nl,Bank,,FALSE,1
Life Sciences,Indorama Ventures,Thailand,th,Corporate,,FALSE,1
Life Sciences,Ingevity,United States,us,Corporate,,FALSE,1
Life Sciences,Inovia Capital,Canada,ca,Private Equity and Venture Capital,,FALSE,1
Life Sciences,Jeito Capital,France,fr,Private Equity and Venture Capital,,FALSE,1
Life Sciences,Kernel Capital,Ireland,ie,Private Equity and Venture Capital,,FALSE,1
Life Sciences,Kibo Invest,Singapore,sg,Family Office,,FALSE,1
Life Sciences,Kineticos Life Sciences,United States,us,Private Equity and Venture Capital,,FALSE,1
Life Sciences,Kiwoom,"Korea, Republic Of (South Korea)",kr,Merchant Bank,,FALSE,1
Life Sciences,LBO France,France,fr,Private Equity and Venture Capital,,FALSE,1
Life Sciences,LG Technology Ventures,United States,us,Corporate,,FALSE,1
Life Sciences,LGT Capital Partners,Switzerland,ch,Asset Management,,TRUE,1
Life Sciences,LSP Health Economics Fund,Netherlands,nl,Private Equity and Venture Capital,,FALSE,1
Life Sciences,Levine Leichtman Capital Partners,United States,us,Private Equity and Venture Capital,,FALSE,1
Life Sciences,Levy-Weiss,Israel,il,Business Angel(s),,FALSE,1
Life Sciences,LifeSci Capital,United States,us,Merchant Bank,,FALSE,1
Life Sciences,Lunate Holding,United Arab Emirates,ae,Asset Management,,FALSE,1
Life Sciences,Lux Capital,United States,us,Private Equity and Venture Capital,,FALSE,1
Life Sciences,MVM Life Science Partners,United States,us,Private Equity and Venture Capital,,FALSE,1
Life Sciences,Marketech International,Taiwan,tw,Private Equity and Venture Capital,,FALSE,1
Life Sciences,MassMutual Ventures,United States,us,Corporate,,FALSE,1
Life Sciences,Mayo Clinic,United States,us,Private Equity and Venture Capital,,FALSE,1
Life Sciences,Merifin Capital,Belgium,be,Private Equity and Venture Capital,,FALSE,1
Life Sciences,Metaplanet,Estonia,ee,Corporate,,FALSE,1
Life Sciences,Milky Way Investments,United States,us,Family Office,,FALSE,1
Life Sciences,Mirana Ventures,Singapore,sg,Private Equity and Venture Capital,,FALSE,1
Life Sciences,Monashee Investment Management,United States,us,Asset Management,,FALSE,1
Life Sciences,Moreira Salles,Brazil,br,Family Office,,FALSE,1
Life Sciences,Mubadala Investment Company,United Arab Emirates,ae,Sovereign Wealth Fund,SW Fund,FALSE,1
Life Sciences,MultiversX,Malta,mt,Private Equity and Venture Capital,,FALSE,1
Life Sciences,NWS Holdings,Hong Kong,hk,Corporate,,FALSE,1
Life Sciences,National Resilience,United States,us,Corporate,,FALSE,1
Life Sciences,NetEase (NTES) Capital,China,cn,Corporate,,FALSE,1
Life Sciences,New Science Ventures,United States,us,Private Equity and Venture Capital,,FALSE,1
Life Sciences,Nexo,Switzerland,ch,Corporate,,FALSE,1
Life Sciences,Nina Capital,Spain,es,Private Equity and Venture Capital,,FALSE,1
Life Sciences,Novalis LifeSciences,United States,us,Private Equity and Venture Capital,,FALSE,1
Life Sciences,Novator Partners,Switzerland,ch,Private Investment Vehicle,,FALSE,1
Life Sciences,ORA Capital Partners,Guernsey,gg,Private Equity and Venture Capital,,FALSE,1
Life Sciences,Obvious Ventures,United States,us,Private Equity and Venture Capital,,FALSE,1
Life Sciences,Omega Funds,United States,us,Private Equity and Venture Capital,,FALSE,1
Life Sciences,Optum Ventures,United States,us,Private Equity and Venture Capital,,FALSE,1
Life Sciences,OrbiMed,United States,us,Asset Management,,FALSE,1
Life Sciences,Oxford Finance,United States,us,Private Equity and Venture Capital,,FALSE,1
Life Sciences,PFM Health Sciences,United States,us,Asset Management,,FALSE,1
Life Sciences,Panacea Venture Healthcare Fund,China,cn,Private Equity and Venture Capital,,FALSE,1
Life Sciences,Piper Heartland Healthcare Capital,United States,us,Private Equity and Venture Capital,,FALSE,1
Life Sciences,Planet First Partners,Luxembourg,lu,Private Equity and Venture Capital,,FALSE,1
Life Sciences,Point72,United States,us,Asset Management,,FALSE,1
Life Sciences,Pontifax,Israel,il,Private Equity and Venture Capital,,FALSE,1
Life Sciences,Possible Ventures,Germany,de,Private Equity and Venture Capital,,FALSE,1
Life Sciences,Providence Investment Company,United States,us,Private Equity and Venture Capital,,FALSE,1
Life Sciences,Quan Capital,China,cn,Private Equity and Venture Capital,,FALSE,1
Life Sciences,RA Capital Management,United States,us,Asset Management / Private Equity,,FALSE,1
Life Sciences,RTW Investments,United States,us,Asset Management / Private Equity,,FALSE,1
Life Sciences,Rabobank,Netherlands,nl,Bank,,FALSE,1
Life Sciences,Redmile Group,United States,us,Private Equity and Venture Capital,,FALSE,1
Life Sciences,Ridgeback Capital Management,United States,us,Private Equity and Venture Capital,,FALSE,1
Life Sciences,Rising Tide Fund,United States,us,Private Equity and Venture Capital,,FALSE,1
Life Sciences,Rothschild & Co,France,fr,Merchant Bank,,FALSE,1
Life Sciences,Round13,Canada,ca,Private Equity and Venture Capital,,FALSE,1
Life Sciences,SJL Partners,"Korea, Republic Of (South Korea)",kr,Private Equity and Venture Capital,,FALSE,1
Life Sciences,SKC Co,"Korea, Republic Of (South Korea)",kr,Corporate,,FALSE,1
Life Sciences,SOSV,United States,us,Accelerator,,FALSE,1
Life Sciences,SWEN Blue Ocean,France,fr,Private Equity and Venture Capital,,FALSE,1
Life Sciences,Samsung,United States,us,Private Equity and Venture Capital,,FALSE,1
Life Sciences,Sana Kliniken AG,Germany,de,Corporate,,FALSE,1
Life Sciences,Sanofi,United States,us,Private Equity and Venture Capital,,FALSE,1
Life Sciences,Santander,Spain,es,Bank,,TRUE,1
Life Sciences,Searchlight Capital Partners,United States,us,Private Equity and Venture Capital,,FALSE,1
Life Sciences,Sectoral Asset Management,Canada,ca,Specialist Lender,,FALSE,1
Life Sciences,Seventure Partners,France,fr,Private Equity and Venture Capital,,FALSE,1
Life Sciences,Shinhan Investment Private Equity,"Korea, Republic Of (South Korea)",kr,Private Equity and Venture Capital,,FALSE,1
Life Sciences,Silicon Valley Bank,United States,us,Bank,,FALSE,1
Life Sciences,Skyviews Life Science,Switzerland,ch,Private Equity and Venture Capital,,FALSE,1
Life Sciences,Soleus Capital,United States,us,Private Equity and Venture Capital,,FALSE,1
Life Sciences,Sony Corporation,Japan,jp,Corporate,,FALSE,1
Life Sciences,Sosei,Japan,jp,Corporate,,FALSE,1
Life Sciences,Sucden Ventures,France,fr,Corporate,,FALSE,1
Life Sciences,Sumitomo Corporation,Japan,jp,Corporate,,FALSE,1
Life Sciences,Sunstone Capital,Denmark,dk,Private Equity and Venture Capital,,FALSE,1
Life Sciences,Susquehanna International Group (SIG),United States,us,Private Equity and Venture Capital,,FALSE,1
Life Sciences,Symphony Technology Group,United States,us,Private Equity and Venture Capital,,FALSE,1
Life Sciences,System.One,Germany,de,Private Equity and Venture Capital,,FALSE,1
Life Sciences,TA Associates,United States,us,Private Equity and Venture Capital,,FALSE,1
Life Sciences,Target Global,Germany,de,Private Equity and Venture Capital,,FALSE,1
Life Sciences,Tekfen Ventures,United States,us,Corporate,,FALSE,1
Life Sciences,Tekla Capital Management,United States,us,Private Equity and Venture Capital,,FALSE,1
Life Sciences,Tetragon,United States,us,Asset Management,,FALSE,1
Life Sciences,The Column Group,United States,us,Private Equity and Venture Capital,,FALSE,1
Life Sciences,Trinity Capital,United States,us,Specialist Lender,,FALSE,1
Life Sciences,Tudor Group,United States,us,Asset Management,,FALSE,1
Life Sciences,UPMC Enterprises,United States,us,Corporate,,FALSE,1
Life Sciences,University of Chicago Medicine,United States,us,University,,FALSE,1
Life Sciences,Various,,,Business Angel(s),,FALSE,1
Life Sciences,Vertex Pharmaceuticals,United States,us,Corporate,,FALSE,1
Life Sciences,VilCap,United States,us,Accelerator,,FALSE,1
Life Sciences,Vita Spring,Hong Kong,hk,Private Investment Vehicle,,FALSE,1
Life Sciences,WACKER Chemie AG,Germany,de,Corporate,,FALSE,1
Life Sciences,Watrium,Norway,no,Family Office,,FALSE,1
Life Sciences,White Cloud,Luxembourg,lu,Private Equity and Venture Capital,,FALSE,1
Life Sciences,Wonik Investments,"Korea, Republic Of (South Korea)",kr,Private Equity and Venture Capital,,FALSE,1
Life Sciences,Wylie Family Trust,Australia,au,Family Office,,FALSE,1
Life Sciences,Xeraya Capital,Malaysia,my,Private Equity and Venture Capital,,FALSE,1
Life Sciences,XtalPi Inc,United States,us,Corporate,,FALSE,1
Life Sciences,Zhejiang Silk Road Fund,China,cn,Asset Management,,FALSE,1
Life Sciences,aMoon Fund,Israel,il,Private Equity and Venture Capital,,FALSE,1
Professional and Business Service,Business Angel(s),,,Business Angel(s),,FALSE,127
Professional and Business Service,Santander,Spain,es,Bank,,TRUE,15
Professional and Business Service,Tencent,China,cn,Corporate,,FALSE,12
Professional and Business Service,Insight Partners,United States,us,Private Equity and Venture Capital,,FALSE,10
Professional and Business Service,Republic,United States,us,Crowd funding,,FALSE,10
Professional and Business Service,Silicon Valley Bank,United States,us,Bank,,FALSE,10
Professional and Business Service,CIBC (Canadian Imperial Bank of Commerce),Canada,ca,Bank,,FALSE,8
Professional and Business Service,Google,United States,us,Corporate,,FALSE,8
Professional and Business Service,Citigroup,United States,us,Bank,,FALSE,7
Professional and Business Service,SoftBank Group,Japan,jp,Corporate,,FALSE,6
Professional and Business Service,Techstars,United States,us,Accelerator,,FALSE,6
Professional and Business Service,Beringea,United States,us,Private Equity and Venture Capital,,FALSE,5
Professional and Business Service,Deutsche Bank,China,cn,Private Equity and Venture Capital,,FALSE,5
Professional and Business Service,Frontline Ventures,Ireland,ie,Private Equity and Venture Capital,,FALSE,5
Professional and Business Service,Hostplus,Australia,au,Asset Management,,FALSE,5
Professional and Business Service,Invesco,United States,us,Asset Management,,FALSE,5
Professional and Business Service,JPMorgan Chase & Co,United States,us,Asset Management,,FALSE,5
Professional and Business Service,Temasek Holdings,Singapore,sg,Sovereign Wealth Fund,SW Fund,FALSE,5
Professional and Business Service,Accel Partners,United States,us,Private Equity and Venture Capital,,FALSE,4
Professional and Business Service,EQT Group,Sweden,se,Private Equity and Venture Capital,,FALSE,4
Professional and Business Service,Eight Roads Ventures,Bermuda,bm,Private Equity and Venture Capital,,FALSE,4
Professional and Business Service,Evolution Equity Partners,United States,us,Private Equity and Venture Capital,,TRUE,4
Professional and Business Service,FTV Capital,United States,us,Private Equity and Venture Capital,,FALSE,4
Professional and Business Service,Government of Singapore Investment Corporation (GIC Private Limited),Singapore,sg,Sovereign Wealth Fund,SW Fund,FALSE,4
Professional and Business Service,IQT,United States,us,Private Equity and Venture Capital,,FALSE,4
Professional and Business Service,M&G ­Investments,,,,,,4
Professional and Business Service,Puhua Capital,China,cn,Private Equity and Venture Capital,,FALSE,4
Professional and Business Service,Sofinnova Partners,France,fr,Private Equity and Venture Capital,,FALSE,4
Professional and Business Service,Tiger Global Management,United States,us,Asset Management,,FALSE,4
Professional and Business Service,500 Global,United States,us,Private Equity and Venture Capital,,FALSE,3
Professional and Business Service,ABC Impact,Singapore,sg,Private Equity and Venture Capital,,FALSE,3
Professional and Business Service,Accel-KKR,United States,us,Private Equity and Venture Capital,,FALSE,3
Professional and Business Service,Apax Partners,United States,us,Private Equity and Venture Capital,,FALSE,3
Professional and Business Service,Astellas Pharma,Japan,jp,Corporate,,FALSE,3
Professional and Business Service,BlackRock,United States,us,Asset Management,,FALSE,3
Professional and Business Service,Coatue Management,United States,us,Private Equity and Venture Capital,,FALSE,3
Professional and Business Service,Experian,Ireland,ie,Corporate,,FALSE,3
Professional and Business Service,FJ Labs,United States,us,Private Equity and Venture Capital,,FALSE,3
Professional and Business Service,Finch Capital,Netherlands,nl,Private Equity and Venture Capital,,FALSE,3
Professional and Business Service,Foresite Capital,United States,us,Private Equity and Venture Capital,,FALSE,3
Professional and Business Service,Goldman Sachs,United States,us,Merchant Bank,,FALSE,3
Professional and Business Service,HV Capital,Germany,de,Private Equity and Venture Capital,,FALSE,3
Professional and Business Service,Horizons Ventures,Hong Kong,hk,Private Equity and Venture Capital,,FALSE,3
Professional and Business Service,Ingka Group,Netherlands,nl,Corporate,,FALSE,3
Professional and Business Service,Invus,United States,us,Private Equity and Venture Capital,,FALSE,3
Professional and Business Service,Macquarie Group,Australia,au,Merchant Bank,,FALSE,3
Professional and Business Service,Merck Group,Germany,de,Private Equity and Venture Capital,,FALSE,3
Professional and Business Service,Morningside Group,Hong Kong,hk,Family Office,,FALSE,3
Professional and Business Service,Mubadala Investment Company,United Arab Emirates,ae,Sovereign Wealth Fund,SW Fund,FALSE,3
Professional and Business Service,Novator Partners,Switzerland,ch,Private Investment Vehicle,,FALSE,3
Professional and Business Service,OMERS Ventures,Canada,ca,Private Equity and Venture Capital,,FALSE,3
Professional and Business Service,Partech Partners,France,fr,Private Equity and Venture Capital,,FALSE,3
Professional and Business Service,QED Investors,United States,us,Private Equity and Venture Capital,,FALSE,3
Professional and Business Service,Target Global,Germany,de,Private Equity and Venture Capital,,FALSE,3
Professional and Business Service,5Y Capital,China,cn,Family Office,,FALSE,2
Professional and Business Service,ABB,Switzerland,ch,Corporate,,FALSE,2
Professional and Business Service,ABN AMRO,Netherlands,nl,Bank,,FALSE,2
Professional and Business Service,AIB,Ireland,ie,Bank,,FALSE,2
Professional and Business Service,Accenture,Ireland,ie,Private Equity and Venture Capital,,FALSE,2
Professional and Business Service,Allegis Capital,United States,us,Private Equity and Venture Capital,,FALSE,2
Professional and Business Service,Andera Partners,France,fr,Private Equity and Venture Capital,,FALSE,2
Professional and Business Service,Aquiline Capital Partners,United States,us,Private Equity and Venture Capital,,FALSE,2
Professional and Business Service,Ares Management,United States,us,Asset Management,,FALSE,2
Professional and Business Service,Aster Capital,France,fr,Corporate,,FALSE,2
Professional and Business Service,Atlantic Bridge,Ireland,ie,Private Equity and Venture Capital,,TRUE,2
Professional and Business Service,Atlantic Vantage Point,France,fr,Private Equity and Venture Capital,,FALSE,2
Professional and Business Service,BNY Mellon,United States,us,Private Equity and Venture Capital,,FALSE,2
Professional and Business Service,Bertelsmann,United States,us,Corporate,,FALSE,2
Professional and Business Service,BiG Start Ventures,Portugal,pt,Private Equity and Venture Capital,,FALSE,2
Professional and Business Service,Bits x Bites,China,cn,Private Equity and Venture Capital,,FALSE,2
Professional and Business Service,Blue Venture Fund,United States,us,Private Equity and Venture Capital,,FALSE,2
Professional and Business Service,Breega Capital,France,fr,Private Equity and Venture Capital,,FALSE,2
Professional and Business Service,Brookfield,Canada,ca,Asset Management / Private Equity,,FALSE,2
Professional and Business Service,Caisse de dépôt et placement du Québec (CDPQ),,,,,,2
Professional and Business Service,Clay Capital,Singapore,sg,Private Equity and Venture Capital,,FALSE,2
Professional and Business Service,CommerzVentures,Germany,de,Private Equity and Venture Capital,,FALSE,2
Professional and Business Service,Cowen Healthcare Investments,United States,us,Bank,,FALSE,2
Professional and Business Service,Creandum,Sweden,se,Private Equity and Venture Capital,,FALSE,2
Professional and Business Service,Dale Ventures,United Arab Emirates,ae,Private Equity and Venture Capital,,FALSE,2
Professional and Business Service,Digital Currency Group,United States,us,Private Equity and Venture Capital,,FALSE,2
Professional and Business Service,EDP Ventures,Portugal,pt,Corporate,,FALSE,2
Professional and Business Service,Eli Lilly & Co,United States,us,Corporate,,FALSE,2
Professional and Business Service,Endeavor Global,United States,us,Private Equity and Venture Capital,,FALSE,2
Professional and Business Service,Eurazeo,France,fr,Private Equity and Venture Capital,,TRUE,2
Professional and Business Service,GK Goh Group,Singapore,sg,Corporate,,FALSE,2
Professional and Business Service,General Atlantic,United States,us,Private Equity and Venture Capital,,FALSE,2
Professional and Business Service,General Catalyst,United States,us,Private Equity and Venture Capital,,FALSE,2
Professional and Business Service,Goldacre,,,,,,2
Professional and Business Service,Greycroft Partners,United States,us,Private Equity and Venture Capital,,FALSE,2
Professional and Business Service,Headline,United States,us,Private Equity and Venture Capital,,FALSE,2
Professional and Business Service,ING Bank,Netherlands,nl,Bank,,FALSE,2
Professional and Business Service,JLL Technologies,United States,us,Corporate,,FALSE,2
Professional and Business Service,KKR,United States,us,Private Equity and Venture Capital,,FALSE,2
Professional and Business Service,Kima Ventures,France,fr,Private Investment Vehicle,,FALSE,2
Professional and Business Service,Mangrove Capital Partners,Luxembourg,lu,Private Equity and Venture Capital,,FALSE,2
Professional and Business Service,MassMutual Ventures,United States,us,Corporate,,FALSE,2
Professional and Business Service,MasterCard,United States,us,Corporate,,FALSE,2
Professional and Business Service,Metaplanet,Estonia,ee,Corporate,,FALSE,2
Professional and Business Service,Mitsui & Co. Global Investment Ltd (MGI),Japan,jp,Corporate,,FALSE,2
Professional and Business Service,Moore Capital Management,United States,us,Asset Management,,FALSE,2
Professional and Business Service,Morgan Stanley,United States,us,Merchant Bank,,FALSE,2
Professional and Business Service,Northpond Ventures,United States,us,Private Equity and Venture Capital,,FALSE,2
Professional and Business Service,Novartis,Switzerland,ch,Corporate,,FALSE,2
Professional and Business Service,Ontario Teachers’ Pension Plan,Canada,ca,Asset Management,International pension funds,FALSE,2
Professional and Business Service,Paladin Capital Group,United States,us,Private Equity and Venture Capital,,FALSE,2
Professional and Business Service,PayPal,United States,us,Corporate,,FALSE,2
Professional and Business Service,Pfizer,United States,us,Corporate,,FALSE,2
Professional and Business Service,Point72,United States,us,Asset Management,,FALSE,2
Professional and Business Service,QBN Capital,Hong Kong,hk,Private Equity and Venture Capital,,FALSE,2
Professional and Business Service,Qatar Investment Authority,Qatar,qa,Sovereign Wealth Fund,SW Fund,FALSE,2
Professional and Business Service,Rabobank,Netherlands,nl,Bank,,FALSE,2
Professional and Business Service,Ribbit Capital,United States,us,Private Equity and Venture Capital,,FALSE,2
Professional and Business Service,Rocket Internet,Germany,de,Corporate,,FALSE,2
Professional and Business Service,SAP,United States,us,Corporate,,FALSE,2
Professional and Business Service,SBI Holdings,Japan,jp,Corporate,,FALSE,2
Professional and Business Service,Salesforce,United States,us,Corporate,,FALSE,2
Professional and Business Service,Siemens,Germany,de,Corporate,,FALSE,2
Professional and Business Service,Starwood Capital Group,United States,us,Asset Management / Private Equity,,FALSE,2
Professional and Business Service,Stripe,United States,us,Private Equity and Venture Capital,,FALSE,2
Professional and Business Service,Summit Partners,United States,us,Private Equity and Venture Capital,,FALSE,2
Professional and Business Service,Susquehanna International Group (SIG),United States,us,Private Equity and Venture Capital,,FALSE,2
Professional and Business Service,TELUS Corporation,Canada,ca,Corporate,,FALSE,2
Professional and Business Service,Takeda Pharmaceutical Company,Japan,jp,Corporate,,FALSE,2
Professional and Business Service,Tanarra,Australia,au,Asset Management / Private Equity,,FALSE,2
Professional and Business Service,Tata Steel,India,in,Corporate,,FALSE,2
Professional and Business Service,Ten Coves Capital,United States,us,Private Equity and Venture Capital,,FALSE,2
Professional and Business Service,Ten Eleven Ventures,United States,us,Private Equity and Venture Capital,,FALSE,2
Professional and Business Service,The Riverside Company,United States,us,Private Equity and Venture Capital,,FALSE,2
Professional and Business Service,Trinity Capital,United States,us,Specialist Lender,,FALSE,2
Professional and Business Service,Updata Partners,United States,us,Private Equity and Venture Capital,,FALSE,2
Professional and Business Service,Ventech,France,fr,Private Equity and Venture Capital,,FALSE,2
Professional and Business Service,Village Global,United States,us,Private Equity and Venture Capital,,FALSE,2
Professional and Business Service,White Cloud,Luxembourg,lu,Private Equity and Venture Capital,,FALSE,2
Professional and Business Service,1/0 Capital,United States,us,Private Equity and Venture Capital,,FALSE,1
Professional and Business Service,11.2 Capital,United States,us,Private Equity and Venture Capital,,FALSE,1
Professional and Business Service,1818 Venture Capital,Guernsey,gg,Private Equity and Venture Capital,,FALSE,1
Professional and Business Service,2be.lu,Luxembourg,lu,Private Equity and Venture Capital,,FALSE,1
Professional and Business Service,3B Future Health Fund,Monaco,mc,Private Equity and Venture Capital,,FALSE,1
Professional and Business Service,76 West Holdings,United States,us,Corporate,,FALSE,1
Professional and Business Service,A.P. Moller Holding,Denmark,dk,Corporate,,FALSE,1
Professional and Business Service,ACG,India,in,Private Equity and Venture Capital,,FALSE,1
Professional and Business Service,ADQ,United Arab Emirates,ae,Central Government,,FALSE,1
Professional and Business Service,AMR Action Fund,United States,us,Private Equity and Venture Capital,,FALSE,1
Professional and Business Service,APEX Ventures,Austria,at,Private Equity and Venture Capital,,FALSE,1
Professional and Business Service,ARCH Venture Partners,United States,us,Private Equity and Venture Capital,,FALSE,1
Professional and Business Service,AUB Group,Australia,au,Corporate,,FALSE,1
Professional and Business Service,AXA,France,fr,Corporate,,FALSE,1
Professional and Business Service,AbbVie Ventures,United States,us,Corporate,,FALSE,1
Professional and Business Service,Abry Partners,United States,us,Private Equity and Venture Capital,,FALSE,1
Professional and Business Service,Abu Dhabi Growth Fund,United Arab Emirates,ae,Government,,FALSE,1
Professional and Business Service,Abu Dhabi National Oil Company (ADNOC),United Arab Emirates,ae,State-owned enterprise (SOE) / Corporate strategic investor,,FALSE,1
Professional and Business Service,Accion Frontier Investments Group,United States,us,Charity/Not-for-profit company,,FALSE,1
Professional and Business Service,Acequia Capital,United States,us,Private Equity and Venture Capital,,FALSE,1
Professional and Business Service,Acton Capital Partners,Germany,de,Private Equity and Venture Capital,,FALSE,1
Professional and Business Service,Adara Ventures,Luxembourg,lu,Private Equity and Venture Capital,,FALSE,1
Professional and Business Service,Adcock Private Equity,Australia,au,Private Equity and Venture Capital,,FALSE,1
Professional and Business Service,Adelie,France,fr,Private Equity and Venture Capital,,FALSE,1
Professional and Business Service,Advancit Capital,United States,us,Private Equity and Venture Capital,,FALSE,1
Professional and Business Service,Advent International,United States,us,Private Equity and Venture Capital,,FALSE,1
Professional and Business Service,Agronomics,Isle Of Man,im,Private Equity and Venture Capital,,FALSE,1
Professional and Business Service,Ahdritz Holding,United States,us,Private Investment Vehicle,,FALSE,1
Professional and Business Service,Aisling Capital,United States,us,Private Equity and Venture Capital,,FALSE,1
Professional and Business Service,Aldea Ventures,Spain,es,Private Equity and Venture Capital,,FALSE,1
Professional and Business Service,Allectus Capital,Bermuda,bm,Private Equity and Venture Capital,,FALSE,1
Professional and Business Service,Allianz,Germany,de,Asset Management,,FALSE,1
Professional and Business Service,Ally Bridge Group,United States,us,Private Equity and Venture Capital,,FALSE,1
Professional and Business Service,Alpha Wave Ventures,United States,us,Private Equity and Venture Capital,,FALSE,1
Professional and Business Service,Altimeter Capital,United States,us,Private Equity and Venture Capital,,FALSE,1
Professional and Business Service,Alumni Ventures,United States,us,Angel Network,,FALSE,1
Professional and Business Service,Amcor,Switzerland,ch,Corporate,,FALSE,1
Professional and Business Service,American Airlines,United States,us,Corporate,,FALSE,1
Professional and Business Service,American Express,United States,us,Corporate,,FALSE,1
Professional and Business Service,Amundi,France,fr,Asset Management,,FALSE,1
Professional and Business Service,Ananda Impact Ventures,Germany,de,Private Equity and Venture Capital,,FALSE,1
Professional and Business Service,Andreessen Horowitz,United States,us,Private Equity and Venture Capital,,FALSE,1
Professional and Business Service,Applied Ventures,United States,us,Private Equity and Venture Capital,,FALSE,1
Professional and Business Service,Ara Partners,United States,us,Private Equity and Venture Capital,,FALSE,1
Professional and Business Service,Aramex,United Arab Emirates,ae,Corporate,,FALSE,1
Professional and Business Service,ArcTern Ventures,Canada,ca,Private Equity and Venture Capital,,FALSE,1
Professional and Business Service,Asia West,United States,us,Private Equity and Venture Capital,,FALSE,1
Professional and Business Service,Associated Press,United States,us,Corporate,,FALSE,1
Professional and Business Service,Atalaya Capital Management,United States,us,Asset Management,,FALSE,1
Professional and Business Service,Audacious Ventures,United States,us,Private Equity and Venture Capital,,FALSE,1
Professional and Business Service,Avery Dennison,United States,us,Corporate,,FALSE,1
Professional and Business Service,Avidity Partners,United States,us,Private Equity and Venture Capital,,FALSE,1
Professional and Business Service,Avolon,United States,us,Private Equity and Venture Capital,,FALSE,1
Professional and Business Service,Axel Johnson (D: Ax),Sweden,se,Corporate,,FALSE,1
Professional and Business Service,Axel Johnson Group,Sweden,se,Corporate,,FALSE,1
Professional and Business Service,BECO Capital,United Arab Emirates,ae,Private Equity and Venture Capital,,FALSE,1
Professional and Business Service,BGI Genomics,China,cn,Corporate,,FALSE,1
Professional and Business Service,BNP Paribas,France,fr,Bank,,FALSE,1
Professional and Business Service,BNW Investment Co,"Korea, Republic Of (South Korea)",kr,Private Equity and Venture Capital,,FALSE,1
Professional and Business Service,BOKA Group,United States,us,Private Equity and Venture Capital,,FALSE,1
Professional and Business Service,BOND,United States,us,Private Equity and Venture Capital,,FALSE,1
Professional and Business Service,BTS Group,Thailand,th,Corporate,,FALSE,1
Professional and Business Service,BW Group,Singapore,sg,Corporate,,FALSE,1
Professional and Business Service,Baird Capital,United States,us,Private Equity and Venture Capital,,FALSE,1
Professional and Business Service,Bank of America,United States,us,Bank,,FALSE,1
Professional and Business Service,BankInvest Group,Denmark,dk,Asset Management,,FALSE,1
Professional and Business Service,Battery,United States,us,Private Equity and Venture Capital,,FALSE,1
Professional and Business Service,Bayland Capital,China,cn,Private Equity and Venture Capital,,FALSE,1
Professional and Business Service,Beacon Equity Partners,United States,us,Private Equity and Venture Capital,,FALSE,1
Professional and Business Service,Berggruen Holdings,United States,us,Family Office,,FALSE,1
Professional and Business Service,Big Pi Ventures,Greece,gr,Private Equity and Venture Capital,,FALSE,1
Professional and Business Service,Bio-Rad Laboratories,United States,us,Corporate,,FALSE,1
Professional and Business Service,Bioeconomy Capital,United States,us,Private Equity and Venture Capital,,FALSE,1
Professional and Business Service,Birchal,Australia,au,Crowd funding,,FALSE,1
Professional and Business Service,Blisce,France,fr,Private Equity and Venture Capital,,FALSE,1
Professional and Business Service,Blossom Street Ventures,United States,us,Private Equity and Venture Capital,,FALSE,1
Professional and Business Service,Blue Horizon Group,Switzerland,ch,Private Equity and Venture Capital,,FALSE,1
Professional and Business Service,Blue Owl Capital,United States,us,Asset Management / Private Equity,,FALSE,1
Professional and Business Service,BlueYard Capital,Germany,de,Private Equity and Venture Capital,,FALSE,1
Professional and Business Service,BnkToTheFuture,Cayman Islands,ky,Crowd funding,,FALSE,1
Professional and Business Service,Boehringer Ingelheim,Germany,de,Corporate,,FALSE,1
Professional and Business Service,Bonnier Ventures,Sweden,se,Corporate,,FALSE,1
Professional and Business Service,Borealis Ventures,Germany,de,Private Equity and Venture Capital,,FALSE,1
Professional and Business Service,Brace Pharma Capital,United States,us,Private Equity and Venture Capital,,FALSE,1
Professional and Business Service,Brand Capital,India,in,Corporate,,FALSE,1
Professional and Business Service,Bridge Nine Capital Partners,United Arab Emirates,ae,Private Equity and Venture Capital,,FALSE,1
Professional and Business Service,Brighteye,France,fr,Private Equity and Venture Capital,,FALSE,1
Professional and Business Service,Broadlake Capital,Ireland,ie,Private Equity and Venture Capital,,FALSE,1
Professional and Business Service,CASSIUS,United States,us,Private Equity and Venture Capital,,FALSE,1
Professional and Business Service,CFFI UK Ventures,Barbados,bb,Private Investment Vehicle,,FALSE,1
Professional and Business Service,CITIC Securities,China,cn,Merchant Bank,,FALSE,1
Professional and Business Service,CN Innovations Holdings,Hong Kong,hk,Corporate,,FALSE,1
Professional and Business Service,CNP Assurances,France,fr,Corporate,,FALSE,1
Professional and Business Service,CPP Investments,Canada,ca,Asset Management,SW Fund,FALSE,1
Professional and Business Service,CTC Venture Capital,United States,us,Private Equity and Venture Capital,,FALSE,1
Professional and Business Service,CVC Capital Partners,Luxembourg,lu,Private Equity and Venture Capital,,FALSE,1
Professional and Business Service,CVentures,Egypt,eg,Corporate,,FALSE,1
Professional and Business Service,CaaS Capital Management,United States,us,Asset Management,,FALSE,1
Professional and Business Service,Cabus Ventures,"Virgin Islands, British",vg,Private Equity and Venture Capital,,FALSE,1
Professional and Business Service,Canaccord Genuity Group,Canada,ca,Merchant Bank,,FALSE,1
Professional and Business Service,CapHorn Invest,France,fr,Private Equity and Venture Capital,,FALSE,1
Professional and Business Service,CapitalG (formerly Google Capital),United States,us,Corporate,,FALSE,1
Professional and Business Service,Capricorn Investment Group,United States,us,Private Equity and Venture Capital,,FALSE,1
Professional and Business Service,Carbon Direct Capital,United States,us,Private Equity and Venture Capital,,FALSE,1
Professional and Business Service,Cedars-Sinai Hospital,United States,us,Charity/Not-for-profit company,,FALSE,1
Professional and Business Service,Charles River Labs,United States,us,Commercialisation Company,,FALSE,1
Professional and Business Service,Chevron Technology Ventures,United States,us,Corporate,,FALSE,1
Professional and Business Service,Chief Financial Capital,United States,us,Private Investment Vehicle,,FALSE,1
Professional and Business Service,Circle,United States,us,Corporate,,FALSE,1
Professional and Business Service,Cisco,United States,us,Corporate,,FALSE,1
Professional and Business Service,Civilization Ventures,United States,us,Private Equity and Venture Capital,,FALSE,1
Professional and Business Service,Club Changer,Monaco / UAE,mc,Family Office,,FALSE,1
Professional and Business Service,CoVent Partners,France,fr,Private Equity and Venture Capital,,FALSE,1
Professional and Business Service,Colle Capital,United States,us,Private Equity and Venture Capital,,FALSE,1
Professional and Business Service,Collector Bank,Sweden,se,Bank,,FALSE,1
Professional and Business Service,Columbia Pacific,United States,us,Asset Management,,FALSE,1
Professional and Business Service,Communitas Capital Partners,United States,us,Private Equity and Venture Capital,,FALSE,1
Professional and Business Service,Company K Partners,South Korea,kr,Private Equity and Venture Capital,,FALSE,1
Professional and Business Service,Companyon Ventures,United States,us,Private Equity and Venture Capital,,FALSE,1
Professional and Business Service,Connected Capital,Netherlands,nl,Private Equity and Venture Capital,,FALSE,1
Professional and Business Service,Contour Venture Partners,United States,us,Private Equity and Venture Capital,,FALSE,1
Professional and Business Service,Crayon,Norway,no,Corporate,,FALSE,1
Professional and Business Service,Credit Agricole,France,fr,Bank,,FALSE,1
Professional and Business Service,CreditEase,China,cn,Asset Management,,FALSE,1
Professional and Business Service,Crestline Investors,United States,us,Asset Management,,FALSE,1
Professional and Business Service,D1 Capital Partners,United States,us,Private Equity and Venture Capital,,FALSE,1
Professional and Business Service,DAG Ventures,United States,us,Private Equity and Venture Capital,,FALSE,1
Professional and Business Service,DB1 Ventures,,,,,,1
Professional and Business Service,DCVC,United States,us,Corporate,,FALSE,1
Professional and Business Service,DNB,Norway,no,Bank,,FALSE,1
Professional and Business Service,DST Global,United States,us,Private Equity and Venture Capital,,FALSE,1
Professional and Business Service,Da Vinci Capital,Russian Federation,ru,Private Equity and Venture Capital,,FALSE,1
Professional and Business Service,Dai-ichi Life Insurance,Japan,jp,Corporate,,FALSE,1
Professional and Business Service,Daishin Private Equity,"Korea, Republic Of (South Korea)",kr,Private Equity and Venture Capital,,FALSE,1
Professional and Business Service,Deep Track Capital,United States,us,Private Equity and Venture Capital,,FALSE,1
Professional and Business Service,Department of Education,Dependent,,Government,,FALSE,1
Professional and Business Service,Designer Fund,United States,us,Private Equity and Venture Capital,,FALSE,1
Professional and Business Service,Digital China Health Technologies Corporation (DCHealth),China,cn,Corporate,,FALSE,1
Professional and Business Service,Dimension,United States,us,Private Equity and Venture Capital,,FALSE,1
Professional and Business Service,Dragoneer Investment Group,United States,us,Private Equity and Venture Capital,,FALSE,1
Professional and Business Service,Drake Capital Advisors LLC,United States,us,Private Equity and Venture Capital,,FALSE,1
Professional and Business Service,Dubai Investments,United Arab Emirates,ae,Private Equity and Venture Capital,,FALSE,1
Professional and Business Service,EMBL Ventures,Germany,de,Private Equity and Venture Capital,,FALSE,1
Professional and Business Service,ENEOS Innovation Partners,Japan,jp,Corporate,,FALSE,1
Professional and Business Service,Eagle Investment,United States,us,Private Equity and Venture Capital,,FALSE,1
Professional and Business Service,East Capital Group,Sweden,se,Asset Management,,FALSE,1
Professional and Business Service,Edmond de Rothschild Investment Partners,France,fr,Private Equity and Venture Capital,,FALSE,1
Professional and Business Service,EduCapital,France,fr,Private Equity and Venture Capital,,FALSE,1
Professional and Business Service,Eldridge Industries,United States,us,Private Equity and Venture Capital,,FALSE,1
Professional and Business Service,ElectriFI initiative,Belgium,be,European,,FALSE,1
Professional and Business Service,Elkstone,Ireland,ie,Family Office,,FALSE,1
Professional and Business Service,Elliott Management Corporation,United States,us,Asset Management,,FALSE,1
Professional and Business Service,Emerald Technology Ventures,Switzerland,ch,Private Equity and Venture Capital,,FALSE,1
Professional and Business Service,EnBW,Germany,de,Private Equity and Venture Capital,,FALSE,1
Professional and Business Service,Energy Impact Partners LP,United States,us,Private Equity and Venture Capital,,FALSE,1
Professional and Business Service,Enstar,Bermuda,bm,Corporate,,FALSE,1
Professional and Business Service,Epic Games,United States,us,Corporate,,FALSE,1
Professional and Business Service,Equinor,Norway,no,State-owned enterprise (SOE) / Corporate strategic investor,,FALSE,1
Professional and Business Service,Ericsson,Sweden,se,Corporate,,FALSE,1
Professional and Business Service,Escala Capital,Spain,es,Private Equity and Venture Capital,,FALSE,1
Professional and Business Service,Estancia Capital Partners,United States,us,Private Equity and Venture Capital,,FALSE,1
Professional and Business Service,Ethereal Ventures,"Virgin Islands, British",vg,Private Equity and Venture Capital,,FALSE,1
Professional and Business Service,European Investment Bank (EIB),Luxembourg,lu,Bank,,FALSE,1
Professional and Business Service,Exor,Netherlands,nl,Family Office,,FALSE,1
Professional and Business Service,F-Prime Capital Partners,United States,us,Private Equity and Venture Capital,,FALSE,1
Professional and Business Service,FIS,United States,us,Corporate,,FALSE,1
Professional and Business Service,FLUXUNIT,Germany,de,Corporate,,FALSE,1
Professional and Business Service,FMZ Ventures,United States,us,Private Investment Vehicle,,FALSE,1
Professional and Business Service,FactSet,United States,us,Corporate,,FALSE,1
Professional and Business Service,Federated Hermes,United States,us,Asset Management,,TRUE,1
Professional and Business Service,Felicis Ventures,United States,us,Private Equity and Venture Capital,,FALSE,1
Professional and Business Service,Fidelity Investments,United States,us,Asset Management,,FALSE,1
Professional and Business Service,Fifth Era,United States,us,Private Equity and Venture Capital,,FALSE,1
Professional and Business Service,FinTech Collective,United States,us,Private Equity and Venture Capital,,FALSE,1
Professional and Business Service,First Capital Ventures,United States,us,Private Equity and Venture Capital,,FALSE,1
Professional and Business Service,FirstCape,New Zealand,nz,Private Equity and Venture Capital,,FALSE,1
Professional and Business Service,Five Seasons Ventures,France,fr,Private Equity and Venture Capital,,FALSE,1
Professional and Business Service,Flerie Invest,Sweden,se,Private Equity and Venture Capital,,FALSE,1
Professional and Business Service,Flow Capital,Canada,ca,Private Equity and Venture Capital,,FALSE,1
Professional and Business Service,Folklore Ventures,Australia,au,Private Equity and Venture Capital,,FALSE,1
Professional and Business Service,Fondazione di Sardegna,Italy,it,Corporate,,FALSE,1
Professional and Business Service,Forbion Capital Partners,Netherlands,nl,Private Equity and Venture Capital,,FALSE,1
Professional and Business Service,Fortress Investment Group,United States,us,Asset Management / Private Equity,,FALSE,1
Professional and Business Service,Forum Foundry,United States,us,Corporate,,FALSE,1
Professional and Business Service,Founder Collective,United States,us,Private Equity and Venture Capital,,FALSE,1
Professional and Business Service,Founders Circle Capital,United States,us,Private Equity and Venture Capital,,FALSE,1
Professional and Business Service,Framework Venture Partners,Canada,ca,Private Equity and Venture Capital,,FALSE,1
Professional and Business Service,Franklin Templeton,United States,us,Private Equity and Venture Capital,,FALSE,1
Professional and Business Service,Furukawa Electric,Japan,jp,Private Equity and Venture Capital,,FALSE,1
Professional and Business Service,Future Energy Ventures Management,Germany,de,Private Equity and Venture Capital,,FALSE,1
Professional and Business Service,Future Shape,France,fr,Private Investment Vehicle,,FALSE,1
Professional and Business Service,GE Healthcare,United States,us,Corporate,,FALSE,1
Professional and Business Service,GLy Capital Management,Hong Kong,hk,Private Equity and Venture Capital,,FALSE,1
Professional and Business Service,Gauss Ventures,Cayman Islands,ky,Private Equity and Venture Capital,,FALSE,1
Professional and Business Service,GenZero,Singapore,sg,Private Equity and Venture Capital,,FALSE,1
Professional and Business Service,General Electric,United States,us,Corporate,,FALSE,1
Professional and Business Service,Genoa Ventures,United States,us,Private Equity and Venture Capital,,FALSE,1
Professional and Business Service,German Media Pool,Germany,de,Private Equity and Venture Capital,,FALSE,1
Professional and Business Service,Global Brain Corporation,Japan,jp,Private Equity and Venture Capital,,FALSE,1
Professional and Business Service,Goldwind,China,cn,Corporate,,FALSE,1
Professional and Business Service,Goodwater Capital LLC,United States,us,Private Equity and Venture Capital,,FALSE,1
Professional and Business Service,Greenoaks Capital Management,United States,us,Private Equity and Venture Capital,,FALSE,1
Professional and Business Service,Guanqun Chi Cheng,China,cn,Specialist Lender,,FALSE,1
Professional and Business Service,GuoGuang Electric Co,China,cn,Corporate,,FALSE,1
Professional and Business Service,HAVAÍC,,,,,,1
Professional and Business Service,HB Investments,United Arab Emirates,ae,Private Investment Vehicle,,FALSE,1
Professional and Business Service,HCOB,Germany,de,Bank,,FALSE,1
Professional and Business Service,HICO Investment Group,Singapore / United Kingdom,sg,Private Equity and Venture Capital,,FALSE,1
Professional and Business Service,Handelsbanken,Sweden,se,Bank,,FALSE,1
Professional and Business Service,Harbert Management Capital,United States,us,Asset Management / Private Equity,,FALSE,1
Professional and Business Service,Hardware Club,United States,us,Private Equity and Venture Capital,,FALSE,1
Professional and Business Service,HealthQuest Capital,United States,us,Private Equity and Venture Capital,,FALSE,1
Professional and Business Service,Healthlink Capital,China,cn,Private Equity and Venture Capital,,FALSE,1
Professional and Business Service,Hearst,United States,us,Corporate,,FALSE,1
Professional and Business Service,Helsinn Investment Fund S.A.,Monaco,mc,Private Equity and Venture Capital,,FALSE,1
Professional and Business Service,Hillhouse Capital Group,China,cn,Private Equity and Venture Capital,,FALSE,1
Professional and Business Service,Holzbrinck Publishing Group,Germany,de,Corporate,,FALSE,1
Professional and Business Service,Honeywell,United States,us,Corporate,,FALSE,1
Professional and Business Service,HongShan,China,cn,Private Equity and Venture Capital,,FALSE,1
Professional and Business Service,Horizons Labs,Hong Kong,hk,Private Equity and Venture Capital,,FALSE,1
Professional and Business Service,Hummingbird Ventures,Belgium,be,Private Equity and Venture Capital,,FALSE,1
Professional and Business Service,ICG-Longbow,Guernsey,gg,Property Lender,,FALSE,1
Professional and Business Service,ICONIQ Capital,United States,us,Family Office,,FALSE,1
Professional and Business Service,IDO Investments,Oman,om,Private Equity and Venture Capital,,FALSE,1
Professional and Business Service,IMM Investment,"Korea, Republic Of (South Korea)",kr,Private Equity and Venture Capital,,FALSE,1
Professional and Business Service,Impulse VC,Russian Federation,ru,Private Equity and Venture Capital,,FALSE,1
Professional and Business Service,Indigo IP Holdings,Antigua & Barbuda,ag,Private Investment Vehicle,,FALSE,1
Professional and Business Service,Indorama Ventures,Thailand,th,Corporate,,FALSE,1
Professional and Business Service,Infocomm Investments,Singapore,sg,Accelerator,,FALSE,1
Professional and Business Service,InfraVia Capital Partners,France,fr,Private Equity and Venture Capital,,FALSE,1
Professional and Business Service,Ingevity,United States,us,Corporate,,FALSE,1
Professional and Business Service,Inovia Capital,Canada,ca,Private Equity and Venture Capital,,FALSE,1
Professional and Business Service,Intel,United States,us,Corporate,,FALSE,1
Professional and Business Service,International Finance Corporation (IFC),United States,us,Private Equity and Venture Capital,,FALSE,1
Professional and Business Service,Inventure,Finland,fi,Private Equity and Venture Capital,,FALSE,1
Professional and Business Service,JC Flowers,United States,us,Private Equity and Venture Capital,,FALSE,1
Professional and Business Service,Jafco Ventures,United States,us,Private Equity and Venture Capital,,FALSE,1
Professional and Business Service,Japan Energy Fund,Japan,jp,Private Equity and Venture Capital,,FALSE,1
Professional and Business Service,Jefferies,United States,us,Merchant Bank,,FALSE,1
Professional and Business Service,Jeito Capital,France,fr,Private Equity and Venture Capital,,FALSE,1
Professional and Business Service,Jigsaw VC,Jersey,je,Private Equity and Venture Capital,,FALSE,1
Professional and Business Service,KRW Schindler Private Ventures,Luxembourg,lu,Private Equity and Venture Capital,,FALSE,1
Professional and Business Service,KV Management,United States,us,Private Investment Vehicle,,FALSE,1
Professional and Business Service,Kaiser Permanente Ventures,United States,us,Corporate,,FALSE,1
Professional and Business Service,Kamet Ventures,France,fr,Private Equity and Venture Capital,,FALSE,1
Professional and Business Service,Keolis,France,fr,Corporate,,FALSE,1
Professional and Business Service,Kernel Capital,Ireland,ie,Private Equity and Venture Capital,,FALSE,1
Professional and Business Service,Kibo Invest,Singapore,sg,Family Office,,FALSE,1
Professional and Business Service,Kineticos Life Sciences,United States,us,Private Equity and Venture Capital,,FALSE,1
Professional and Business Service,Kiwoom,"Korea, Republic Of (South Korea)",kr,Merchant Bank,,FALSE,1
Professional and Business Service,Kommunal Credit,Austria,at,Bank,,FALSE,1
Professional and Business Service,Kouros,France,fr,Family Office,,FALSE,1
Professional and Business Service,LBO France,France,fr,Private Equity and Venture Capital,,FALSE,1
Professional and Business Service,LG Technology Ventures,United States,us,Corporate,,FALSE,1
Professional and Business Service,LGT Capital Partners,Switzerland,ch,Asset Management,,TRUE,1
Professional and Business Service,LSP Health Economics Fund,Netherlands,nl,Private Equity and Venture Capital,,FALSE,1
Professional and Business Service,LVMH,France,fr,Corporate,,FALSE,1
Professional and Business Service,Lerer Hippeau Ventures,United States,us,Private Equity and Venture Capital,,FALSE,1
Professional and Business Service,Leucadia National Corporation,United States,us,Merchant Bank,,FALSE,1
Professional and Business Service,Levine Leichtman Capital Partners,United States,us,Private Equity and Venture Capital,,FALSE,1
Professional and Business Service,Levy-Weiss,Israel,il,Business Angel(s),,FALSE,1
Professional and Business Service,LifeSci Capital,United States,us,Merchant Bank,,FALSE,1
Professional and Business Service,Lightbank,United States,us,Private Equity and Venture Capital,,FALSE,1
Professional and Business Service,Lightspeed Management,United States,us,Private Equity and Venture Capital,,FALSE,1
Professional and Business Service,Lingotto,Netherlands,nl,Asset Management,,FALSE,1
Professional and Business Service,Link Group,Australia,au,Corporate,,FALSE,1
Professional and Business Service,LionTree,United States,us,Asset Management,,FALSE,1
Professional and Business Service,Lombard Odier,Switzerland,ch,Asset Management,,FALSE,1
Professional and Business Service,Long Ridge Equity Partners,United States,us,Private Equity and Venture Capital,,FALSE,1
Professional and Business Service,Lugard Road Capital,United States,us,Private Equity and Venture Capital,,FALSE,1
Professional and Business Service,Lumia Capital,United States,us,Private Equity and Venture Capital,,FALSE,1
Professional and Business Service,Lunate Holding,United Arab Emirates,ae,Asset Management,,FALSE,1
Professional and Business Service,Lux Capital,United States,us,Private Equity and Venture Capital,,FALSE,1
Professional and Business Service,Lux Nordic,Norway,no,Asset Management,,FALSE,1
Professional and Business Service,MUSIC,United States,us,Private Equity and Venture Capital,,FALSE,1
Professional and Business Service,MVM Life Science Partners,United States,us,Private Equity and Venture Capital,,FALSE,1
Professional and Business Service,MVolution Partners,United States,us,Private Equity and Venture Capital,,FALSE,1
Professional and Business Service,Macdoch Ventures,Australia,au,Corporate,,FALSE,1
Professional and Business Service,Mandatum Life,Finland,fi,Asset Management,,FALSE,1
Professional and Business Service,Marketech International,Taiwan,tw,Private Equity and Venture Capital,,FALSE,1
Professional and Business Service,Marlin Equity Partners,United States,us,Private Equity and Venture Capital,,FALSE,1
Professional and Business Service,Marqeta,United States,us,Corporate,,FALSE,1
Professional and Business Service,Marubeni Ventures,Japan,jp,Corporate,,FALSE,1
Professional and Business Service,Material Impact,United States,us,Private Equity and Venture Capital,,FALSE,1
Professional and Business Service,Matrix,United States,us,Private Equity and Venture Capital,,FALSE,1
Professional and Business Service,Maxfield Capital,Russian Federation,ru,Private Equity and Venture Capital,,FALSE,1
Professional and Business Service,Mayo Clinic,United States,us,Private Equity and Venture Capital,,FALSE,1
Professional and Business Service,Mazda,Japan,jp,Corporate,,FALSE,1
Professional and Business Service,Menlo Ventures,United States,us,Private Equity and Venture Capital,,FALSE,1
Professional and Business Service,Mercedes-Benz Group,Germany,de,Corporate,,FALSE,1
Professional and Business Service,Merifin Capital,Belgium,be,Private Equity and Venture Capital,,FALSE,1
Professional and Business Service,Meyer Burger,Switzerland,ch,Corporate,,FALSE,1
Professional and Business Service,Microsoft,United States,us,Corporate,,FALSE,1
Professional and Business Service,Middle East Venture Partners (MEVP),United Arab Emirates,ae,Private Equity and Venture Capital,,FALSE,1
Professional and Business Service,Milky Way Investments,United States,us,Family Office,,FALSE,1
Professional and Business Service,Mirabaud Private Equity,Switzerland,ch,Private Equity and Venture Capital,,FALSE,1
Professional and Business Service,Mirana Ventures,Singapore,sg,Private Equity and Venture Capital,,FALSE,1
Professional and Business Service,MissionOG,United States,us,Private Equity and Venture Capital,,FALSE,1
Professional and Business Service,Mithril,United States,us,Private Equity and Venture Capital,,FALSE,1
Professional and Business Service,Miyako Capital,Japan,jp,Private Equity and Venture Capital,,FALSE,1
Professional and Business Service,Monashee Investment Management,United States,us,Asset Management,,FALSE,1
Professional and Business Service,Monashees,Brazil,br,Private Equity and Venture Capital,,FALSE,1
Professional and Business Service,Moreira Salles,Brazil,br,Family Office,,FALSE,1
Professional and Business Service,Mosaik Partners,United States,us,Private Equity and Venture Capital,,FALSE,1
Professional and Business Service,Motive Partners,United States,us,Private Equity and Venture Capital,,FALSE,1
Professional and Business Service,Move Energy,Netherlands,nl,Private Equity and Venture Capital,,FALSE,1
Professional and Business Service,Mudrick Capital Management,United States,us,Private Equity and Venture Capital,,FALSE,1
Professional and Business Service,MultiversX,Malta,mt,Private Equity and Venture Capital,,FALSE,1
Professional and Business Service,NFT Ventures,Sweden,se,Private Equity and Venture Capital,,FALSE,1
Professional and Business Service,NIBC Bank,Netherlands,nl,Bank,,FALSE,1
Professional and Business Service,NOVIT Ventures,United States,us,Private Equity and Venture Capital,,FALSE,1
Professional and Business Service,Nasdaq,United States,us,Corporate,,FALSE,1
Professional and Business Service,National Australia Bank,Australia,au,Bank,,FALSE,1
Professional and Business Service,National Grid Partners,United States,us,Private Equity and Venture Capital,,FALSE,1
Professional and Business Service,National Resilience,United States,us,Corporate,,FALSE,1
Professional and Business Service,Natixis,France,fr,Merchant Bank,,FALSE,1
Professional and Business Service,NetEase (NTES) Capital,China,cn,Corporate,,FALSE,1
Professional and Business Service,New Science Ventures,United States,us,Private Equity and Venture Capital,,FALSE,1
Professional and Business Service,Nexo,Switzerland,ch,Corporate,,FALSE,1
Professional and Business Service,NextLaw Labs,United States,us,Corporate,,FALSE,1
Professional and Business Service,Nina Capital,Spain,es,Private Equity and Venture Capital,,FALSE,1
Professional and Business Service,Nomura,Japan,jp,Bank,,FALSE,1
Professional and Business Service,NordicNinja,Finland,fi,Private Equity and Venture Capital,,FALSE,1
Professional and Business Service,Norrsken Foundation,Sweden,se,Charity/Not-for-profit company,,FALSE,1
Professional and Business Service,Novalis LifeSciences,United States,us,Private Equity and Venture Capital,,FALSE,1
Professional and Business Service,Novax,Sweden,se,Corporate,,FALSE,1
Professional and Business Service,Novel TMT Ventures,United States,us,Private Equity and Venture Capital,,FALSE,1
Professional and Business Service,Novo,Denmark,dk,Private Investment Vehicle,,FALSE,1
Professional and Business Service,OPG Ventures,Isle Of Man,im,Corporate,,FALSE,1
Professional and Business Service,ORA Capital Partners,Guernsey,gg,Private Equity and Venture Capital,,FALSE,1
Professional and Business Service,Oak HC/FT,United States,us,Private Equity and Venture Capital,,FALSE,1
Professional and Business Service,Oak Hill Advisors,United States,us,Private Equity and Venture Capital,,FALSE,1
Professional and Business Service,Obvious Ventures,United States,us,Private Equity and Venture Capital,,FALSE,1
Professional and Business Service,Ocado,United States,us,Corporate,,FALSE,1
Professional and Business Service,Octahedron Capital,United States,us,Private Equity and Venture Capital,,FALSE,1
Professional and Business Service,Omega Funds,United States,us,Private Equity and Venture Capital,,FALSE,1
Professional and Business Service,Open Ocean Capital,Finland,fi,Private Equity and Venture Capital,,FALSE,1
Professional and Business Service,Optiver,Netherlands,nl,Asset Management,,FALSE,1
Professional and Business Service,Optum Ventures,United States,us,Private Equity and Venture Capital,,FALSE,1
Professional and Business Service,Orange,France,fr,Corporate,,FALSE,1
Professional and Business Service,OrbiMed,United States,us,Asset Management,,FALSE,1
Professional and Business Service,OurCrowd,Israel,il,Crowd funding,,FALSE,1
Professional and Business Service,Oxford Finance,United States,us,Private Equity and Venture Capital,,FALSE,1
Professional and Business Service,Oyster Capital,Ireland,ie,Private Equity and Venture Capital,,FALSE,1
Professional and Business Service,PATRIZIA,Germany,de,Asset Management,,FALSE,1
Professional and Business Service,PFM Health Sciences,United States,us,Asset Management,,FALSE,1
Professional and Business Service,PGIM Private Capital,United States,us,Asset Management,,FALSE,1
Professional and Business Service,PPF Group,Czech Republic,cz,Private Investment Vehicle,,FALSE,1
Professional and Business Service,Panacea Venture Healthcare Fund,China,cn,Private Equity and Venture Capital,,FALSE,1
Professional and Business Service,Parkway Venture Capital,United States,us,Private Equity and Venture Capital,,FALSE,1
Professional and Business Service,Partnership Fund for New York City,United States,us,Charity/Not-for-profit company,,FALSE,1
Professional and Business Service,Pavilion Capital,United States,us,Private Equity and Venture Capital,,FALSE,1
Professional and Business Service,Pinorena Capital,Estonia,ee,Private Equity and Venture Capital,,FALSE,1
Professional and Business Service,Piper Heartland Healthcare Capital,United States,us,Private Equity and Venture Capital,,FALSE,1
Professional and Business Service,Plaid,United States,us,Corporate,,FALSE,1
Professional and Business Service,Planet First Partners,Luxembourg,lu,Private Equity and Venture Capital,,FALSE,1
Professional and Business Service,Pontifax,Israel,il,Private Equity and Venture Capital,,FALSE,1
Professional and Business Service,Possible Ventures,Germany,de,Private Equity and Venture Capital,,FALSE,1
Professional and Business Service,Poste Italiane,Italy,it,State-owned enterprise (SOE) / Corporate strategic investor,,FALSE,1
Professional and Business Service,Prime Ventures,Netherlands,nl,Private Equity and Venture Capital,,TRUE,1
Professional and Business Service,Project A,Germany,de,Private Equity and Venture Capital,,FALSE,1
Professional and Business Service,Proprium Capital,United States,us,Private Equity and Venture Capital,,FALSE,1
Professional and Business Service,Prosperity7 Ventures,United States,us,Private Equity and Venture Capital,,FALSE,1
Professional and Business Service,Providence Investment Company,United States,us,Private Equity and Venture Capital,,FALSE,1
Professional and Business Service,Quan Capital,China,cn,Private Equity and Venture Capital,,FALSE,1
Professional and Business Service,R204 Partners,Italy,it,Private Equity and Venture Capital,,FALSE,1
Professional and Business Service,R42 Group,United States,us,Private Equity and Venture Capital,,FALSE,1
Professional and Business Service,RA Capital Management,United States,us,Asset Management / Private Equity,,FALSE,1
Professional and Business Service,RB Capital,Singapore,sg,Property Lender,,FALSE,1
Professional and Business Service,RGAX,United States,us,Corporate,,FALSE,1
Professional and Business Service,RTW Investments,United States,us,Asset Management / Private Equity,,FALSE,1
Professional and Business Service,RXR Digital Ventures,United States,us,Corporate,,FALSE,1
Professional and Business Service,Rainfall Ventures,United States,us,Private Equity and Venture Capital,,FALSE,1
Professional and Business Service,Ramboll,Denmark,dk,Corporate,,FALSE,1
Professional and Business Service,Recurring Capital Partners,United States,us,Private Equity and Venture Capital,,FALSE,1
Professional and Business Service,Redmile Group,United States,us,Private Equity and Venture Capital,,FALSE,1
Professional and Business Service,ReefKNoT Investments,Singapore,sg,Private Equity and Venture Capital,,FALSE,1
Professional and Business Service,Reference Capital,United States,us,Private Equity and Venture Capital,,FALSE,1
Professional and Business Service,Ridgeback Capital Management,United States,us,Private Equity and Venture Capital,,FALSE,1
Professional and Business Service,Rising Tide Fund,United States,us,Private Equity and Venture Capital,,FALSE,1
Professional and Business Service,Road King,Hong Kong,hk,Corporate,,FALSE,1
Professional and Business Service,Round13,Canada,ca,Private Equity and Venture Capital,,FALSE,1
Professional and Business Service,Runa Capital,United States,us,Private Equity and Venture Capital,,FALSE,1
Professional and Business Service,Ruttenberg Gordon,United States,us,Private Equity and Venture Capital,,FALSE,1
Professional and Business Service,Ryan Sports Ventures,United States,us,Family Office,,FALSE,1
Professional and Business Service,SAIC Capital,United States,us,Private Equity and Venture Capital,,FALSE,1
Professional and Business Service,SB ISAT Fund,Indonesia,id,Private Equity and Venture Capital,,FALSE,1
Professional and Business Service,SGInnovate,Singapore,sg,Private Equity and Venture Capital,,FALSE,1
Professional and Business Service,SJL Partners,"Korea, Republic Of (South Korea)",kr,Private Equity and Venture Capital,,FALSE,1
Professional and Business Service,SKC Co,"Korea, Republic Of (South Korea)",kr,Corporate,,FALSE,1
Professional and Business Service,SLB Ventures,United States,us,Corporate,,FALSE,1
Professional and Business Service,SOSV,United States,us,Accelerator,,FALSE,1
Professional and Business Service,SWEN Blue Ocean,France,fr,Private Equity and Venture Capital,,FALSE,1
Professional and Business Service,Sabadell Capital,Spain,es,Corporate,,FALSE,1
Professional and Business Service,Sabanci,Turkey,tr,Private Equity and Venture Capital,,FALSE,1
Professional and Business Service,Sana Kliniken AG,Germany,de,Corporate,,FALSE,1
Professional and Business Service,Sanctor Capital,Puerto Rico,pr,Private Equity and Venture Capital,,FALSE,1
Professional and Business Service,Sanofi,United States,us,Private Equity and Venture Capital,,FALSE,1
Professional and Business Service,Saudi Aramco,Saudi Arabia,sa,Corporate,,FALSE,1
Professional and Business Service,Schneider,France,fr,Corporate,,FALSE,1
Professional and Business Service,Scopely,United States,us,Corporate,,FALSE,1
Professional and Business Service,SeAH Wind,"Korea, Republic Of (South Korea)",kr,Corporate,,FALSE,1
Professional and Business Service,Searchlight Capital Partners,United States,us,Private Equity and Venture Capital,,FALSE,1
Professional and Business Service,Sectoral Asset Management,Canada,ca,Specialist Lender,,FALSE,1
Professional and Business Service,Seedrocket 4Founders Capital,Spain,es,Private Equity and Venture Capital,,FALSE,1
Professional and Business Service,SemperVirens,United States,us,Private Equity and Venture Capital,,FALSE,1
Professional and Business Service,Seventure Partners,France,fr,Private Equity and Venture Capital,,FALSE,1
Professional and Business Service,Shinhan Investment Private Equity,"Korea, Republic Of (South Korea)",kr,Private Equity and Venture Capital,,FALSE,1
Professional and Business Service,Shopify,Canada,ca,Corporate,,FALSE,1
Professional and Business Service,SignalFire,United States,us,Private Equity and Venture Capital,,FALSE,1
Professional and Business Service,Simcah Management,United States,us,Asset Management,,FALSE,1
Professional and Business Service,Singapore Power,Singapore,sg,Corporate,,FALSE,1
Professional and Business Service,SixThirty Ventures,United States,us,Private Equity and Venture Capital,,FALSE,1
Professional and Business Service,Skyviews Life Science,Switzerland,ch,Private Equity and Venture Capital,,FALSE,1
Professional and Business Service,Smash Capital,United States,us,Private Equity and Venture Capital,,FALSE,1
Professional and Business Service,Snam,Italy,it,State-owned enterprise (SOE) / Corporate strategic investor,,FALSE,1
Professional and Business Service,Snowflake,United States,us,Corporate,,FALSE,1
Professional and Business Service,Sofina,Belgium,be,Private Equity and Venture Capital,,FALSE,1
Professional and Business Service,Soleus Capital,United States,us,Private Equity and Venture Capital,,FALSE,1
Professional and Business Service,Sonae IM,Portugal,pt,Corporate,,FALSE,1
Professional and Business Service,Sony Corporation,Japan,jp,Corporate,,FALSE,1
Professional and Business Service,Sosei,Japan,jp,Corporate,,FALSE,1
Professional and Business Service,Space Angels,United States,us,Angel Network,,FALSE,1
Professional and Business Service,Spark Capital Partners,United States,us,Private Equity and Venture Capital,,FALSE,1
Professional and Business Service,Speedinvest,Austria,at,Private Equity and Venture Capital,,FALSE,1
Professional and Business Service,Spring Partners,Japan,jp,Private Equity and Venture Capital,,FALSE,1
Professional and Business Service,Stone Point Capital,United States,us,Private Equity and Venture Capital,,FALSE,1
Professional and Business Service,Structural Capital,United States,us,Private Equity and Venture Capital,,FALSE,1
Professional and Business Service,Sucden Ventures,France,fr,Corporate,,FALSE,1
Professional and Business Service,Suffolk Ventures,United States,us,Private Equity and Venture Capital,,FALSE,1
Professional and Business Service,Sumitomo Corporation,Japan,jp,Corporate,,FALSE,1
Professional and Business Service,Summit Action Fund,United States,us,Private Equity and Venture Capital,,FALSE,1
Professional and Business Service,Sunley House Capital Management,United States,us,Asset Management,,FALSE,1
Professional and Business Service,Sunstone Capital,Denmark,dk,Private Equity and Venture Capital,,FALSE,1
Professional and Business Service,Surplus,Germany,de,Private Equity and Venture Capital,,FALSE,1
Professional and Business Service,Swiss Post,Switzerland,ch,State-owned enterprise (SOE) / Corporate strategic investor,,FALSE,1
Professional and Business Service,Symphony Technology Group,United States,us,Private Equity and Venture Capital,,FALSE,1
Professional and Business Service,System.One,Germany,de,Private Equity and Venture Capital,,FALSE,1
Professional and Business Service,Söderberg & Partners,,,,,,1
Professional and Business Service,TA Associates,United States,us,Private Equity and Venture Capital,,FALSE,1
Professional and Business Service,TED Global,United States,us,Charity/Not-for-profit company,,FALSE,1
Professional and Business Service,TIRTA,United States,us,Private Equity and Venture Capital,,FALSE,1
Professional and Business Service,TOMS Capital,United States,us,Asset Management,,FALSE,1
Professional and Business Service,TRINE,Sweden,se,Crowd funding,,FALSE,1
Professional and Business Service,TTV Capital,United States,us,Private Equity and Venture Capital,,FALSE,1
Professional and Business Service,Tapestry,United States,us,Corporate,,FALSE,1
Professional and Business Service,TechNexus,United States,us,Private Equity and Venture Capital,,FALSE,1
Professional and Business Service,Technology Crossover Ventures,United States,us,Private Equity and Venture Capital,,FALSE,1
Professional and Business Service,Technology Venture Partners,United States,us,Private Equity and Venture Capital,,FALSE,1
Professional and Business Service,Tekfen Ventures,United States,us,Corporate,,FALSE,1
Professional and Business Service,Tekla Capital Management,United States,us,Private Equity and Venture Capital,,FALSE,1
Professional and Business Service,Tetragon,United States,us,Asset Management,,FALSE,1
Professional and Business Service,The Autism Impact Fund,United States,us,Private Investment Vehicle,,FALSE,1
Professional and Business Service,The Column Group,United States,us,Private Equity and Venture Capital,,FALSE,1
Professional and Business Service,The Dow Chemical Company,United States,us,Corporate,,FALSE,1
Professional and Business Service,The Gores Group,United States,us,Private Equity and Venture Capital,,FALSE,1
Professional and Business Service,The New York Times Company,United States,us,Corporate,,FALSE,1
Professional and Business Service,The Rise Fund,United States,us,Private Equity and Venture Capital,,FALSE,1
Professional and Business Service,TheFamily,France,fr,Accelerator,,FALSE,1
Professional and Business Service,Third Stream Partners,United States,us,Private Equity and Venture Capital,,FALSE,1
Professional and Business Service,Thomson Reuters,Canada,ca,Corporate,,FALSE,1
Professional and Business Service,Thrive Capital,United States,us,Private Equity and Venture Capital,,FALSE,1
Professional and Business Service,Tikehau Capital,France,fr,Asset Management,,FALSE,1
Professional and Business Service,Torch Capital,United States,us,Private Equity and Venture Capital,,FALSE,1
Professional and Business Service,Toshiba,Japan,jp,Commercialisation Company,,FALSE,1
Professional and Business Service,TransUnion,United States,us,Corporate,,FALSE,1
Professional and Business Service,Transition Level Investments,Australia,au,Private Equity and Venture Capital,,FALSE,1
Professional and Business Service,Tribe Capital,United States,us,Private Equity and Venture Capital,,FALSE,1
Professional and Business Service,Tribeca Early Stage Partners,United States,us,Private Equity and Venture Capital,,FALSE,1
Professional and Business Service,Trillium International,United Arab Emirates,ae,Private Equity and Venture Capital,,FALSE,1
Professional and Business Service,Trimble Ventures,United States,us,Corporate,,FALSE,1
Professional and Business Service,True Ventures,United States,us,Private Equity and Venture Capital,,FALSE,1
Professional and Business Service,Tudor Group,United States,us,Asset Management,,FALSE,1
Professional and Business Service,Turn Sports Investments,Singapore,sg,Family Office,,FALSE,1
Professional and Business Service,Turner International,United States,us,Corporate,,FALSE,1
Professional and Business Service,U-Start Club,Italy,it,Private Equity and Venture Capital,,FALSE,1
Professional and Business Service,UBS,Switzerland,ch,Bank,,FALSE,1
Professional and Business Service,UPMC Enterprises,United States,us,Corporate,,FALSE,1
Professional and Business Service,UTokyo Innovation Platform Co.,Japan,jp,University,,FALSE,1
Professional and Business Service,United Ventures,Italy,it,Private Equity and Venture Capital,,FALSE,1
Professional and Business Service,University of Chicago Medicine,United States,us,University,,FALSE,1
Professional and Business Service,University of Tokyo Edge Capital,Japan,jp,University,,FALSE,1
Professional and Business Service,VNV Global (Vostok New Ventures),Bermuda,bm,Private Equity and Venture Capital,,FALSE,1
Professional and Business Service,VU Venture Partners,United States,us,Private Equity and Venture Capital,,FALSE,1
Professional and Business Service,Valcor Ventures LLC,United States,us,Private Equity and Venture Capital,,FALSE,1
Professional and Business Service,Vanderbilt University,United States,us,University,,FALSE,1
Professional and Business Service,Various,,,Business Angel(s),,FALSE,1
Professional and Business Service,Venture Science,United States,us,Private Equity and Venture Capital,,FALSE,1
Professional and Business Service,Vertex Pharmaceuticals,United States,us,Corporate,,FALSE,1
Professional and Business Service,Vesta Ventures,United States,us,Private Equity and Venture Capital,,FALSE,1
Professional and Business Service,VilCap,United States,us,Accelerator,,FALSE,1
Professional and Business Service,Vipshop,China,cn,Corporate,,FALSE,1
Professional and Business Service,Vita Spring,Hong Kong,hk,Private Investment Vehicle,,FALSE,1
Professional and Business Service,Volition Capital,United States,us,Private Equity and Venture Capital,,FALSE,1
Professional and Business Service,WACKER Chemie AG,Germany,de,Corporate,,FALSE,1
Professional and Business Service,Warburg Pincus,United States,us,Private Equity and Venture Capital,,FALSE,1
Professional and Business Service,Watrium,Norway,no,Family Office,,FALSE,1
Professional and Business Service,Wells Fargo,United States,us,Private Equity and Venture Capital,,FALSE,1
Professional and Business Service,WndrCo,United States,us,Private Equity and Venture Capital,,FALSE,1
Professional and Business Service,Wonik Investments,"Korea, Republic Of (South Korea)",kr,Private Equity and Venture Capital,,FALSE,1
Professional and Business Service,Wylie Family Trust,Australia,au,Family Office,,FALSE,1
Professional and Business Service,XV Capital,Australia,au,Private Equity and Venture Capital,,FALSE,1
Professional and Business Service,Xeraya Capital,Malaysia,my,Private Equity and Venture Capital,,FALSE,1
Professional and Business Service,Xponova,Australia,au,Private Equity and Venture Capital,,FALSE,1
Professional and Business Service,XtalPi Inc,United States,us,Corporate,,FALSE,1
Professional and Business Service,Y Combinator,United States,us,Accelerator,,FALSE,1
Professional and Business Service,Yuga Labs,United States,us,Corporate,,FALSE,1
Professional and Business Service,ZAIS Group,United States,us,Asset Management,,FALSE,1
Professional and Business Service,ZF,Germany,de,Private Equity and Venture Capital,,FALSE,1
Professional and Business Service,Zebra Technologies,United States,us,Corporate,,FALSE,1
Professional and Business Service,Zhejiang Silk Road Fund,China,cn,Asset Management,,FALSE,1
Professional and Business Service,aMoon Fund,Israel,il,Private Equity and Venture Capital,,FALSE,1
Professional and Business Service,b2venture,Germany,de,Private Equity and Venture Capital,,FALSE,1
Professional and Business Service,eVentures,United States,us,Private Equity and Venture Capital,,FALSE,1
Professional and Business Service,nVent,United States,us,Corporate,,FALSE,1
Transportation and storage,Santander,Spain,es,Bank,,TRUE,10
Transportation and storage,Business Angel(s),,,Business Angel(s),,FALSE,9
Transportation and storage,CIBC (Canadian Imperial Bank of Commerce),Canada,ca,Bank,,FALSE,3
Transportation and storage,KfW IPEX,Germany,de,European,,FALSE,2
Transportation and storage,AIB,Ireland,ie,Bank,,FALSE,1
Transportation and storage,AXA,France,fr,Corporate,,FALSE,1
Transportation and storage,Accel-KKR,United States,us,Private Equity and Venture Capital,,FALSE,1
Transportation and storage,American Airlines,United States,us,Corporate,,FALSE,1
Transportation and storage,Aqua-Spark,Netherlands,nl,Private Equity and Venture Capital,,FALSE,1
Transportation and storage,Avolon,United States,us,Private Equity and Venture Capital,,FALSE,1
Transportation and storage,BNW Investment Co,"Korea, Republic Of (South Korea)",kr,Private Equity and Venture Capital,,FALSE,1
Transportation and storage,Beauport Partners,Jersey,je,Private Equity and Venture Capital,,FALSE,1
Transportation and storage,Carbon Direct Capital,United States,us,Private Equity and Venture Capital,,FALSE,1
Transportation and storage,CommerzVentures,Germany,de,Private Equity and Venture Capital,,FALSE,1
Transportation and storage,Communitas Capital Partners,United States,us,Private Equity and Venture Capital,,FALSE,1
Transportation and storage,DST Global,United States,us,Private Equity and Venture Capital,,FALSE,1
Transportation and storage,Daishin Private Equity,"Korea, Republic Of (South Korea)",kr,Private Equity and Venture Capital,,FALSE,1
Transportation and storage,Danish Green Futures Fund,Denmark,dk,Government,,FALSE,1
Transportation and storage,Danske Bank,Denmark,dk,Bank,,FALSE,1
Transportation and storage,ENEOS Innovation Partners,Japan,jp,Corporate,,FALSE,1
Transportation and storage,Elecnor Deimos Space,Spain,es,Corporate,,FALSE,1
Transportation and storage,Export & Investment Fund of Denmark,Denmark,dk,Central Government,,FALSE,1
Transportation and storage,FJ Labs,United States,us,Private Equity and Venture Capital,,FALSE,1
Transportation and storage,GK Goh Group,Singapore,sg,Corporate,,FALSE,1
Transportation and storage,GLy Capital Management,Hong Kong,hk,Private Equity and Venture Capital,,FALSE,1
Transportation and storage,GenZero,Singapore,sg,Private Equity and Venture Capital,,FALSE,1
Transportation and storage,General Catalyst,United States,us,Private Equity and Venture Capital,,FALSE,1
Transportation and storage,Google,United States,us,Corporate,,FALSE,1
Transportation and storage,Gulf Oil International,Cayman Islands,ky,Corporate,,FALSE,1
Transportation and storage,GuoGuang Electric Co,China,cn,Corporate,,FALSE,1
Transportation and storage,Handelsbanken,Sweden,se,Bank,,FALSE,1
Transportation and storage,Heartcore Capital,Denmark,dk,Private Equity and Venture Capital,,FALSE,1
Transportation and storage,High-Tech Gründerfonds (HTGF),,,,,,1
Transportation and storage,Honeywell,United States,us,Corporate,,FALSE,1
Transportation and storage,Hostplus,Australia,au,Asset Management,,FALSE,1
Transportation and storage,Ingevity,United States,us,Corporate,,FALSE,1
Transportation and storage,Insight Partners,United States,us,Private Equity and Venture Capital,,FALSE,1
Transportation and storage,Invesco,United States,us,Asset Management,,FALSE,1
Transportation and storage,JPMorgan Chase & Co,United States,us,Asset Management,,FALSE,1
Transportation and storage,Jacobs,United States,us,Corporate,,FALSE,1
Transportation and storage,Jera,Japan,jp,Corporate,,FALSE,1
Transportation and storage,KKR,United States,us,Private Equity and Venture Capital,,FALSE,1
Transportation and storage,Keolis,France,fr,Corporate,,FALSE,1
Transportation and storage,Kibo Invest,Singapore,sg,Family Office,,FALSE,1
Transportation and storage,Kiwoom,"Korea, Republic Of (South Korea)",kr,Merchant Bank,,FALSE,1
Transportation and storage,Kouros,France,fr,Family Office,,FALSE,1
Transportation and storage,MUFG Innovation Partners,Japan,jp,Corporate,,FALSE,1
Transportation and storage,Macquarie Group,Australia,au,Merchant Bank,,FALSE,1
Transportation and storage,Magnetar,United States,us,Corporate,,FALSE,1
Transportation and storage,MasterCard,United States,us,Corporate,,FALSE,1
Transportation and storage,Metaplanet,Estonia,ee,Corporate,,FALSE,1
Transportation and storage,Microsoft,United States,us,Corporate,,FALSE,1
Transportation and storage,Mitsubishi HC Capital UK PLC,Japan,jp,Corporate,,FALSE,1
Transportation and storage,Monashees,Brazil,br,Private Equity and Venture Capital,,FALSE,1
Transportation and storage,Morgan Stanley,United States,us,Merchant Bank,,FALSE,1
Transportation and storage,Mudrick Capital Management,United States,us,Private Equity and Venture Capital,,FALSE,1
Transportation and storage,Natixis,France,fr,Merchant Bank,,FALSE,1
Transportation and storage,Ocado,United States,us,Corporate,,FALSE,1
Transportation and storage,Raven Ventures,Australia,au,Private Equity and Venture Capital,,FALSE,1
Transportation and storage,Republic,United States,us,Crowd funding,,FALSE,1
Transportation and storage,SAP,United States,us,Corporate,,FALSE,1
Transportation and storage,SJL Partners,"Korea, Republic Of (South Korea)",kr,Private Equity and Venture Capital,,FALSE,1
Transportation and storage,SKC Co,"Korea, Republic Of (South Korea)",kr,Corporate,,FALSE,1
Transportation and storage,Saker Capital,United Arab Emirates,ae,Private Equity and Venture Capital,,FALSE,1
Transportation and storage,Sandton Capital Partners,United States,us,Specialist Lender,,FALSE,1
Transportation and storage,SeAH Wind,"Korea, Republic Of (South Korea)",kr,Corporate,,FALSE,1
Transportation and storage,Shinhan Investment Private Equity,"Korea, Republic Of (South Korea)",kr,Private Equity and Venture Capital,,FALSE,1
Transportation and storage,TEPCO,Japan,jp,State-owned enterprise (SOE) / Corporate strategic investor,,FALSE,1
Transportation and storage,TPG,United States,us,Private Equity and Venture Capital,,FALSE,1
Transportation and storage,Target Global,Germany,de,Private Equity and Venture Capital,,FALSE,1
Transportation and storage,Tencent,China,cn,Corporate,,FALSE,1
Transportation and storage,Tiger Infrastructure Partners,United States,us,Asset Management / Private Equity,,FALSE,1
Transportation and storage,Trimble Ventures,United States,us,Corporate,,FALSE,1
Transportation and storage,Tudor Group,United States,us,Asset Management,,FALSE,1
Transportation and storage,Venture Science,United States,us,Private Equity and Venture Capital,,FALSE,1
Transportation and storage,Verve Ventures,Switzerland,ch,Private Equity and Venture Capital,,FALSE,1
Transportation and storage,WACKER Chemie AG,Germany,de,Corporate,,FALSE,1
Transportation and storage,Wallenius Wilhelmsen,Norway,no,Private Equity and Venture Capital,,FALSE,1
Transportation and storage,ZF,Germany,de,Private Equity and Venture Capital,,FALSE,1
Wholesale and retail,Business Angel(s),,,Business Angel(s),,FALSE,47
Wholesale and retail,Santander,Spain,es,Bank,,TRUE,21
Wholesale and retail,Republic,United States,us,Crowd funding,,FALSE,13
Wholesale and retail,Beringea,United States,us,Private Equity and Venture Capital,,FALSE,6
Wholesale and retail,Tata Steel,India,in,Corporate,,FALSE,5
Wholesale and retail,General Catalyst,United States,us,Private Equity and Venture Capital,,FALSE,3
Wholesale and retail,Various,,,Business Angel(s),,FALSE,3
Wholesale and retail,Acton Capital Partners,Germany,de,Private Equity and Venture Capital,,FALSE,2
Wholesale and retail,Brookfield,Canada,ca,Asset Management / Private Equity,,FALSE,2
Wholesale and retail,Burda Principal Investments,Germany,de,Private Equity and Venture Capital,,FALSE,2
Wholesale and retail,C4 Ventures,France,fr,Private Equity and Venture Capital,,FALSE,2
Wholesale and retail,L Catterton,United States,us,Private Equity and Venture Capital,,FALSE,2
Wholesale and retail,LVMH,France,fr,Corporate,,FALSE,2
Wholesale and retail,Novator Partners,Switzerland,ch,Private Investment Vehicle,,FALSE,2
Wholesale and retail,Target Global,Germany,de,Private Equity and Venture Capital,,FALSE,2
Wholesale and retail,1/0 Capital,United States,us,Private Equity and Venture Capital,,FALSE,1
Wholesale and retail,14W,United States,us,Private Equity and Venture Capital,,FALSE,1
Wholesale and retail,301 Inc,United States,us,Corporate,,FALSE,1
Wholesale and retail,500 Global,United States,us,Private Equity and Venture Capital,,FALSE,1
Wholesale and retail,A.P. Moller Holding,Denmark,dk,Corporate,,FALSE,1
Wholesale and retail,ACE Ventures,India,in,Private Equity and Venture Capital,,FALSE,1
Wholesale and retail,ADM Capital,Hong Kong,hk,Private Equity and Venture Capital,,FALSE,1
Wholesale and retail,ADM Ventures,United States,us,Private Equity and Venture Capital,,FALSE,1
Wholesale and retail,AIB,Ireland,ie,Bank,,FALSE,1
Wholesale and retail,AURELIUS Group,Germany,de,Private Equity and Venture Capital,,FALSE,1
Wholesale and retail,Abbey Commercial,Spain,es,Bank,,FALSE,1
Wholesale and retail,Accel Partners,United States,us,Private Equity and Venture Capital,,FALSE,1
Wholesale and retail,Aeternum Holdings,Germany,de,Family Office,,FALSE,1
Wholesale and retail,Alliance Ventures,Netherlands,nl,Corporate,,FALSE,1
Wholesale and retail,Asia West,United States,us,Private Equity and Venture Capital,,FALSE,1
Wholesale and retail,Atami Capital,Isle Of Man,im,Private Equity and Venture Capital,,FALSE,1
Wholesale and retail,BMW,United States,us,Corporate,,FALSE,1
Wholesale and retail,Base Partners,Brazil,br,Private Equity and Venture Capital,,FALSE,1
Wholesale and retail,Beauport Partners,Jersey,je,Private Equity and Venture Capital,,FALSE,1
Wholesale and retail,Bits x Bites,China,cn,Private Equity and Venture Capital,,FALSE,1
Wholesale and retail,Black River Ventures,Russian Federation,ru,Private Equity and Venture Capital,,FALSE,1
Wholesale and retail,Borski Fund,Netherlands,nl,Private Equity and Venture Capital,,FALSE,1
Wholesale and retail,Bosch,Germany,de,Corporate,,FALSE,1
Wholesale and retail,Broadlake Capital,Ireland,ie,Private Equity and Venture Capital,,FALSE,1
Wholesale and retail,CAVU Venture Partners,United States,us,Private Equity and Venture Capital,,FALSE,1
Wholesale and retail,Canaccord Genuity Group,Canada,ca,Merchant Bank,,FALSE,1
Wholesale and retail,Capstar Ventures,United States,us,Private Equity and Venture Capital,,FALSE,1
Wholesale and retail,Cartesian Capital,United States,us,Private Equity and Venture Capital,,FALSE,1
Wholesale and retail,Catamaran Ventures,India,in,Family Office,,FALSE,1
Wholesale and retail,Chief Financial Capital,United States,us,Private Investment Vehicle,,FALSE,1
Wholesale and retail,Clay Capital,Singapore,sg,Private Equity and Venture Capital,,FALSE,1
Wholesale and retail,Clocktower Ventures,United States,us,Private Equity and Venture Capital,,FALSE,1
Wholesale and retail,Colle Capital,United States,us,Private Equity and Venture Capital,,FALSE,1
Wholesale and retail,CommerzVentures,Germany,de,Private Equity and Venture Capital,,FALSE,1
Wholesale and retail,DFJ,United States,us,Private Equity and Venture Capital,,FALSE,1
Wholesale and retail,DST Global,United States,us,Private Equity and Venture Capital,,FALSE,1
Wholesale and retail,Danske Bank,Denmark,dk,Bank,,FALSE,1
Wholesale and retail,Deutsche Bank,China,cn,Private Equity and Venture Capital,,FALSE,1
Wholesale and retail,EDP Ventures,Portugal,pt,Corporate,,FALSE,1
Wholesale and retail,Eight Roads Ventures,Bermuda,bm,Private Equity and Venture Capital,,FALSE,1
Wholesale and retail,Estée Lauder Companies,,,,,,1
Wholesale and retail,FJ Labs,United States,us,Private Equity and Venture Capital,,FALSE,1
Wholesale and retail,Federated Hermes,United States,us,Asset Management,,TRUE,1
Wholesale and retail,Foundation Capital,United States,us,Private Equity and Venture Capital,,FALSE,1
Wholesale and retail,Frontline Ventures,Ireland,ie,Private Equity and Venture Capital,,FALSE,1
Wholesale and retail,Future Energy Ventures Management,Germany,de,Private Equity and Venture Capital,,FALSE,1
Wholesale and retail,General Atlantic,United States,us,Private Equity and Venture Capital,,FALSE,1
Wholesale and retail,Giano Capital,Italy,it,Private Equity and Venture Capital,,FALSE,1
Wholesale and retail,Groupe Arnault,France,fr,Merchant Bank,,FALSE,1
Wholesale and retail,Guan Quan Investments,China,cn,Private Investment Vehicle,,FALSE,1
Wholesale and retail,H2 Equity Partners,Netherlands,nl,Private Equity and Venture Capital,,FALSE,1
Wholesale and retail,Hanaco Ventures,Israel,il,Private Equity and Venture Capital,,FALSE,1
Wholesale and retail,Handelsbanken,Sweden,se,Bank,,FALSE,1
Wholesale and retail,Harbert Management Capital,United States,us,Asset Management / Private Equity,,FALSE,1
Wholesale and retail,Henkel,Germany,de,Private Equity and Venture Capital,,FALSE,1
Wholesale and retail,Huawei Technologies,China,cn,Corporate,,FALSE,1
Wholesale and retail,ICONIQ Capital,United States,us,Family Office,,FALSE,1
Wholesale and retail,ITOCHU Corporation,Japan,jp,Corporate,,FALSE,1
Wholesale and retail,Infineon,Germany,de,Corporate,,FALSE,1
Wholesale and retail,Insight Partners,United States,us,Private Equity and Venture Capital,,FALSE,1
Wholesale and retail,Japan Energy Fund,Japan,jp,Private Equity and Venture Capital,,FALSE,1
Wholesale and retail,KKR,United States,us,Private Equity and Venture Capital,,FALSE,1
Wholesale and retail,KfW IPEX,Germany,de,European,,FALSE,1
Wholesale and retail,LAUNCHub Ventures,Bulgaria,bg,Accelerator,,FALSE,1
Wholesale and retail,Lombard Odier,Switzerland,ch,Asset Management,,FALSE,1
Wholesale and retail,MCI.TechVentures,Poland,pl,Private Equity and Venture Capital,,FALSE,1
Wholesale and retail,Macquarie Group,Australia,au,Merchant Bank,,FALSE,1
Wholesale and retail,Material Impact,United States,us,Private Equity and Venture Capital,,FALSE,1
Wholesale and retail,Mayhoola for Investments,Qatar,qa,Family Office,,FALSE,1
Wholesale and retail,Morgan Stanley,United States,us,Merchant Bank,,FALSE,1
Wholesale and retail,Mubadala Investment Company,United Arab Emirates,ae,Sovereign Wealth Fund,SW Fund,FALSE,1
Wholesale and retail,Norrsken Foundation,Sweden,se,Charity/Not-for-profit company,,FALSE,1
Wholesale and retail,Novel TMT Ventures,United States,us,Private Equity and Venture Capital,,FALSE,1
Wholesale and retail,PATRIZIA,Germany,de,Asset Management,,FALSE,1
Wholesale and retail,Partech Partners,France,fr,Private Equity and Venture Capital,,FALSE,1
Wholesale and retail,R&Co4 Generations,France,fr,Family Office,,FALSE,1
Wholesale and retail,RXR Digital Ventures,United States,us,Corporate,,FALSE,1
Wholesale and retail,Raven Ventures,Australia,au,Private Equity and Venture Capital,,FALSE,1
Wholesale and retail,SAP,United States,us,Corporate,,FALSE,1
Wholesale and retail,Shortlist Ventures,United States,us,Private Equity and Venture Capital,,FALSE,1
Wholesale and retail,Siemens,Germany,de,Corporate,,FALSE,1
Wholesale and retail,Southern Cross Beverages,United States,us,Corporate,,FALSE,1
Wholesale and retail,Speedinvest,Austria,at,Private Equity and Venture Capital,,FALSE,1
Wholesale and retail,Suntory,Japan,jp,Corporate,,FALSE,1
Wholesale and retail,Tapestry,United States,us,Corporate,,FALSE,1
Wholesale and retail,Techstars,United States,us,Accelerator,,FALSE,1
Wholesale and retail,The Dow Chemical Company,United States,us,Corporate,,FALSE,1
Wholesale and retail,The Raine Group,United States,us,Merchant Bank,,FALSE,1
Wholesale and retail,Tiger Global Management,United States,us,Asset Management,,FALSE,1
Wholesale and retail,Toshiba,Japan,jp,Commercialisation Company,,FALSE,1
Wholesale and retail,Trillium International,United Arab Emirates,ae,Private Equity and Venture Capital,,FALSE,1
Wholesale and retail,Turn Sports Investments,Singapore,sg,Family Office,,FALSE,1
Wholesale and retail,UNIQA Ventures,Austria,at,Corporate,,FALSE,1
Wholesale and retail,UPSA,France,fr,Corporate,,FALSE,1
Wholesale and retail,VNV Global (Vostok New Ventures),Bermuda,bm,Private Equity and Venture Capital,,FALSE,1
Wholesale and retail,Valcor Ventures LLC,United States,us,Private Equity and Venture Capital,,FALSE,1
Wholesale and retail,Vipshop,China,cn,Corporate,,FALSE,1
Wholesale and retail,Winona Capital,United States,us,Private Equity and Venture Capital,,FALSE,1
Wholesale and retail,Xilinx,United States,us,Corporate,,FALSE,1
Wholesale and retail,Zebra Technologies,United States,us,Corporate,,FALSE,1
