Sector,Investor,Latitude,Longitude,InvestorType,Country,PensionSWF,BBBBacked,CompaniesBackedInSector
Advanced Manufacturing,HSBC,51.507627,-0.09714,Bank,United Kingdom,,TRUE,31
Advanced Manufacturing,British Business Bank,53.382174,-1.472389,Central Government,United Kingdom,,FALSE,24
Advanced Manufacturing,IP Group,51.517285,-0.096031,Commercialisation Company,United Kingdom,,FALSE,14
Advanced Manufacturing,BGF (formerly Business Growth Fund),51.508771,-0.122916,Private Equity and Venture Capital,United Kingdom,,FALSE,12
Advanced Manufacturing,Lloyds Banking Group,53.809305,-1.680548,Private Equity and Venture Capital,United Kingdom,,FALSE,12
Advanced Manufacturing,Octopus Group,51.512038,-0.097431,Asset Management / Private Equity,United Kingdom,,FALSE,8
Advanced Manufacturing,Virgin Money UK,55.863326,-4.26009,Bank,United Kingdom,,FALSE,8
Advanced Manufacturing,Barclays,51.504924,-0.014381,Bank,United Kingdom,,TRUE,7
Advanced Manufacturing,NatWest Group,53.480414,-2.253286,Bank,United Kingdom,,TRUE,7
Advanced Manufacturing,Future Planet Capital,53.47944,-2.250206,Private Equity and Venture Capital,United Kingdom,,FALSE,6
Advanced Manufacturing,Phoenix Court Group,51.531187,-0.12952,Private Equity and Venture Capital,United Kingdom,,FALSE,6
Advanced Manufacturing,Mercia Asset Management,52.358937,-1.779514,Asset Management / Private Equity,United Kingdom,,TRUE,5
Advanced Manufacturing,Oxford Science Enterprises,51.755299,-1.257415,Commercialisation Company,United Kingdom,,FALSE,5
Advanced Manufacturing,Development Bank of Wales,51.483907,-3.191222,Devolved Government,United Kingdom,,FALSE,4
Advanced Manufacturing,Frontier Development Capital,52.482336,-1.900985,Private Equity and Venture Capital,United Kingdom,,TRUE,4
Advanced Manufacturing,Maven Capital Partners UK LLP,55.862675,-4.256424,Private Equity and Venture Capital,United Kingdom,,FALSE,4
Advanced Manufacturing,Midven,52.45994,-2.100544,Private Equity and Venture Capital,United Kingdom,,FALSE,4
Advanced Manufacturing,Molten Ventures,51.510289,-0.125044,Private Equity and Venture Capital,United Kingdom,,FALSE,4
Advanced Manufacturing,Scottish Enterprise,55.945754,-3.221459,Devolved Government,United Kingdom,,FALSE,4
Advanced Manufacturing,Thompson Taraz,52.208207,0.11994,Asset Management,United Kingdom,,FALSE,4
Advanced Manufacturing,Amadeus Capital Partners,52.209941,0.117535,Private Equity and Venture Capital,United Kingdom,,FALSE,3
Advanced Manufacturing,BP,51.507733,-0.134545,Corporate,United Kingdom,,FALSE,3
Advanced Manufacturing,Cambridge Innovation Capital,52.248533,0.081223,Private Equity and Venture Capital,United Kingdom,,TRUE,3
Advanced Manufacturing,Downing,51.503541,-0.12767,Private Equity and Venture Capital,United Kingdom,,FALSE,3
Advanced Manufacturing,EMV Capital PLC,51.507905,-0.131757,Private Equity and Venture Capital,United Kingdom,,FALSE,3
Advanced Manufacturing,IQ Capital Partners,52.213917,0.113932,Private Equity and Venture Capital,United Kingdom,,FALSE,3
Advanced Manufacturing,Lansdowne Partners,51.506992,-0.142804,Asset Management,United Kingdom,,FALSE,3
Advanced Manufacturing,Legal & General,51.476116,-3.177297,Corporate,United Kingdom,UK pension funds,FALSE,3
Advanced Manufacturing,Longwall Venture Partners,51.817775,-1.306658,Private Equity and Venture Capital,United Kingdom,,FALSE,3
Advanced Manufacturing,Oxford Innovation Finance,51.731891,-1.204714,Angel Network,United Kingdom,,FALSE,3
Advanced Manufacturing,University of Oxford,51.751927,-1.215879,University,United Kingdom,,FALSE,3
Advanced Manufacturing,Whiterock Finance,54.596986,-5.924968,Specialist Lender,United Kingdom,,TRUE,3
Advanced Manufacturing,YFM Equity Partners,53.79721,-1.554253,Private Equity and Venture Capital,United Kingdom,,FALSE,3
Advanced Manufacturing,3i,51.502202,-0.153257,Private Equity and Venture Capital,United Kingdom,,FALSE,2
Advanced Manufacturing,Aioi Nissay Dowa Insurance,51.513208,-0.079295,Corporate,United Kingdom,,FALSE,2
Advanced Manufacturing,Albion Capital Group,51.520723,-0.103974,Private Equity and Venture Capital,United Kingdom,,FALSE,2
Advanced Manufacturing,Allied Irish Bank / AIB Group,51.515551,-0.079571,Family Office,United Kingdom,,FALSE,2
Advanced Manufacturing,Backed VC,51.527736,-0.077386,Private Equity and Venture Capital,United Kingdom,,FALSE,2
Advanced Manufacturing,Cambridge Angels,52.234909,0.153433,Angel Network,United Kingdom,,FALSE,2
Advanced Manufacturing,Capital for Colleagues,51.025282,-4.206337,Private Equity and Venture Capital,United Kingdom,,FALSE,2
Advanced Manufacturing,Cibus Capital,51.511657,-0.14662,Private Equity and Venture Capital,United Kingdom,,FALSE,2
Advanced Manufacturing,Crowdcube,51.523617,-0.083412,Crowd funding,United Kingdom,,FALSE,2
Advanced Manufacturing,Entrepreneurs First,51.529269,-0.088062,Accelerator,United Kingdom,,FALSE,2
Advanced Manufacturing,Felix Capital,51.512314,-0.138134,Private Equity and Venture Capital,United Kingdom,,FALSE,2
Advanced Manufacturing,Lancashire County Council,53.753902,-2.366371,Local and Regional Government,United Kingdom,,FALSE,2
Advanced Manufacturing,Lightrock,51.507905,-0.131757,Private Equity and Venture Capital,United Kingdom,,FALSE,2
Advanced Manufacturing,MMC Ventures,51.49454,-0.156088,Private Equity and Venture Capital,United Kingdom,,TRUE,2
Advanced Manufacturing,NEL Fund Managers,54.925643,-1.620569,Private Equity and Venture Capital,United Kingdom,,TRUE,2
Advanced Manufacturing,Northern Gritstone,53.477441,-2.243173,Private Equity and Venture Capital,United Kingdom,,TRUE,2
Advanced Manufacturing,Passion Capital,51.521893,-0.109014,Private Equity and Venture Capital,United Kingdom,,TRUE,2
Advanced Manufacturing,Quester Venture Partnership,51.512038,-0.097431,Private Equity and Venture Capital,United Kingdom,,FALSE,2
Advanced Manufacturing,Scottish EDGE,56.416609,-3.482055,Charity/Not-for-profit company,United Kingdom,,FALSE,2
Advanced Manufacturing,Secure Trust Commercial Finance,52.381977,-1.788743,Bank,United Kingdom,,FALSE,2
Advanced Manufacturing,UCL Business,51.522324,-0.136529,Commercialisation Company,United Kingdom,,FALSE,2
Advanced Manufacturing,UK Export Finance,51.501638,-0.126768,Central Government,United Kingdom,,FALSE,2
Advanced Manufacturing,University of Warwick Science Park,52.387015,-1.558093,University,United Kingdom,,FALSE,2
Advanced Manufacturing,4J Studios,51.692673,-0.419468,Corporate,United Kingdom,,FALSE,1
Advanced Manufacturing,ACF Investors,51.519926,-0.107495,Private Equity and Venture Capital,United Kingdom,,FALSE,1
Advanced Manufacturing,Acceleris,51.505396,-0.016249,Private Equity and Venture Capital,United Kingdom,,FALSE,1
Advanced Manufacturing,Active Partners,51.473852,-0.202728,Private Equity and Venture Capital,United Kingdom,,TRUE,1
Advanced Manufacturing,Adjuvo,51.511866,-0.124706,Angel Network,United Kingdom,,FALSE,1
Advanced Manufacturing,Air Street Capital,51.548215,-0.198197,Private Equity and Venture Capital,United Kingdom,,FALSE,1
Advanced Manufacturing,Alpine Electronics,52.399811,-1.559097,Corporate,United Kingdom,,FALSE,1
Advanced Manufacturing,Ananke Ventures,51.569124,-0.195336,Private Equity and Venture Capital,United Kingdom,,FALSE,1
Advanced Manufacturing,Angels in the City,51.511682,-0.08276,Angel Network,United Kingdom,,FALSE,1
Advanced Manufacturing,Apater Capital,53.797209,-1.546875,Private Equity and Venture Capital,United Kingdom,,FALSE,1
Advanced Manufacturing,Arini,51.508405,-0.153136,Asset Management,United Kingdom,,FALSE,1
Advanced Manufacturing,Arm,53.479603,-2.236435,Corporate,United Kingdom,,FALSE,1
Advanced Manufacturing,Ascension,51.490425,0.295556,Private Equity and Venture Capital,United Kingdom,,FALSE,1
Advanced Manufacturing,Atomico,51.518334,-0.135567,Private Equity and Venture Capital,United Kingdom,,TRUE,1
Advanced Manufacturing,Balderton Capital,51.529874,-0.118818,Private Equity and Venture Capital,United Kingdom,,TRUE,1
Advanced Manufacturing,Ballpark Ventures,51.900681,-2.080624,Private Investment Vehicle,United Kingdom,,FALSE,1
Advanced Manufacturing,Bank of Ireland,51.550176,-0.086911,Bank,United Kingdom,,FALSE,1
Advanced Manufacturing,Bank of Scotland,55.789595,-4.277033,Bank,United Kingdom,,TRUE,1
Advanced Manufacturing,Bibby Financial Services,52.060139,-1.339541,Specialist Lender,United Kingdom,,FALSE,1
Advanced Manufacturing,Cambridge Enterprise,52.248533,0.081223,Commercialisation Company,United Kingdom,,FALSE,1
Advanced Manufacturing,Caple,51.516385,-0.077792,Specialist Lender,United Kingdom,,FALSE,1
Advanced Manufacturing,Channel 4,53.796354,-1.548888,State-owned enterprise (SOE) / Corporate strategic investor,United Kingdom,,FALSE,1
Advanced Manufacturing,Chimera Partners,51.509799,-0.147445,Merchant Bank,United Kingdom,,FALSE,1
Advanced Manufacturing,Circularity Capital,55.952353,-3.206485,Private Equity and Venture Capital,United Kingdom,,FALSE,1
Advanced Manufacturing,Clean Growth Investment Management,51.508514,-0.133303,Private Equity and Venture Capital,United Kingdom,,FALSE,1
Advanced Manufacturing,ClearlySo,51.514178,-0.093552,Merchant Bank,United Kingdom,,FALSE,1
Advanced Manufacturing,Close Brothers,51.520382,-0.083519,Merchant Bank,United Kingdom,,FALSE,1
Advanced Manufacturing,Connect Ventures,51.517362,-0.125388,Private Equity and Venture Capital,United Kingdom,,FALSE,1
Advanced Manufacturing,Cow Corner,53.786096,-1.609661,Private Equity and Venture Capital,United Kingdom,,FALSE,1
Advanced Manufacturing,Doxa Partners,51.513921,-0.143069,Private Equity and Venture Capital,United Kingdom,,FALSE,1
Advanced Manufacturing,Drax,53.730605,-0.994677,Corporate,United Kingdom,,FALSE,1
Advanced Manufacturing,EPIC Investment Partners,51.519096,-0.107371,Asset Management,United Kingdom,,FALSE,1
Advanced Manufacturing,Earth Capital,51.507986,-0.137417,Private Equity and Venture Capital,United Kingdom,,FALSE,1
Advanced Manufacturing,East Alpha,51.795506,1.038723,Asset Management,United Kingdom,,FALSE,1
Advanced Manufacturing,EcoMachines Ventures,51.507905,-0.131757,Private Equity and Venture Capital,United Kingdom,,FALSE,1
Advanced Manufacturing,Edge Investments Limited,51.51624,-0.152718,Private Equity and Venture Capital,United Kingdom,,FALSE,1
Advanced Manufacturing,Envestors,51.505696,-0.105073,Angel Network,United Kingdom,,FALSE,1
Advanced Manufacturing,Equity Gap,55.950643,-3.208593,Angel Network,United Kingdom,,FALSE,1
Advanced Manufacturing,Erna Low Consultants,50.880103,-1.23946,Corporate,United Kingdom,,FALSE,1
Advanced Manufacturing,Fig,51.457945,-0.304849,Angel Network,United Kingdom,,FALSE,1
Advanced Manufacturing,Finance Yorkshire,53.381381,-1.48853,Private Equity and Venture Capital,United Kingdom,,FALSE,1
Advanced Manufacturing,Finance for Enterprise,53.511227,-1.130901,Specialist Lender,United Kingdom,,TRUE,1
Advanced Manufacturing,Firstminute Capital,51.512087,-0.114406,Private Equity and Venture Capital,United Kingdom,,FALSE,1
Advanced Manufacturing,Fjord Capital,51.610936,-0.178282,Private Equity and Venture Capital,United Kingdom,,FALSE,1
Advanced Manufacturing,GIA Surveyors,51.505484,-0.114823,Corporate,United Kingdom,,FALSE,1
Advanced Manufacturing,Green Angel Ventures,51.463955,-0.220681,Angel Network,United Kingdom,,TRUE,1
Advanced Manufacturing,Greenwood Way Capital,51.516112,-0.173839,Angel Network,United Kingdom,,FALSE,1
Advanced Manufacturing,Gresham House,53.798,-1.551588,Asset Management,United Kingdom,,FALSE,1
Advanced Manufacturing,Grosvenor Hill Ventures,51.516537,-0.143064,Private Equity and Venture Capital,United Kingdom,,FALSE,1
Advanced Manufacturing,Growth Capital Partners,51.506892,-0.138787,Private Equity and Venture Capital,United Kingdom,,TRUE,1
Advanced Manufacturing,Growth Lending Group,51.542808,-0.009977,Specialist Lender,United Kingdom,,FALSE,1
Advanced Manufacturing,HM Treasury,51.501638,-0.126768,Central Government,United Kingdom,,FALSE,1
Advanced Manufacturing,Halma,51.667444,-0.615764,Corporate,United Kingdom,,FALSE,1
Advanced Manufacturing,Harrock Investments,53.606104,-2.745138,Private Equity and Venture Capital,United Kingdom,,FALSE,1
Advanced Manufacturing,Highlands and Islands Enterprise,58.208102,-6.38326,Local and Regional Government,United Kingdom,,FALSE,1
Advanced Manufacturing,Innovation SuperNetwork,54.974867,-1.594657,Accelerator,United Kingdom,,FALSE,1
Advanced Manufacturing,Invest NI,54.594305,-5.93216,Devolved Government,United Kingdom,,FALSE,1
Advanced Manufacturing,Isomer Capital,51.525617,-0.083602,Private Equity and Venture Capital,United Kingdom,,TRUE,1
Advanced Manufacturing,JamJar Investments,51.501972,-0.119003,Private Investment Vehicle,United Kingdom,,TRUE,1
Advanced Manufacturing,Kero Limited,52.236792,0.140372,Private Equity and Venture Capital,United Kingdom,,FALSE,1
Advanced Manufacturing,Kindred Capital VC,51.516744,-0.151602,Private Equity and Venture Capital,United Kingdom,,FALSE,1
Advanced Manufacturing,Longbow,51.415827,-0.186682,Private Equity and Venture Capital,United Kingdom,,FALSE,1
Advanced Manufacturing,M&G,56.133866,-3.966186,Asset Management,United Kingdom,UK pension funds,FALSE,1
Advanced Manufacturing,Mobeus,51.506229,-0.146279,Private Equity and Venture Capital,United Kingdom,,TRUE,1
Advanced Manufacturing,NFU Mutual,51.016243,-3.0662,Corporate,United Kingdom,,FALSE,1
Advanced Manufacturing,Nesta,51.511348,-0.107548,Charity/Not-for-profit company,United Kingdom,,FALSE,1
Advanced Manufacturing,New Wave Ventures,51.519926,-0.107495,Private Equity and Venture Capital,United Kingdom,,FALSE,1
Advanced Manufacturing,NorthInvest,53.795472,-1.555729,Angel Network,United Kingdom,,FALSE,1
Advanced Manufacturing,Northstar Ventures,54.971327,-1.597505,Private Equity and Venture Capital,United Kingdom,,FALSE,1
Advanced Manufacturing,Oil & Gas Technology Centre,57.139045,-2.095492,Charity/Not-for-profit company,United Kingdom,,FALSE,1
Advanced Manufacturing,Ombu Group,51.517395,-0.149515,Private Equity and Venture Capital,United Kingdom,,FALSE,1
Advanced Manufacturing,Origin Capital Ltd,51.499973,-0.13345,Private Equity and Venture Capital,United Kingdom,,FALSE,1
Advanced Manufacturing,Oxford Instruments,51.695371,-1.353309,Corporate,United Kingdom,,FALSE,1
Advanced Manufacturing,Oxford Technology,51.763364,-1.260195,Private Equity and Venture Capital,United Kingdom,,FALSE,1
Advanced Manufacturing,Oxx,51.512597,-0.13671,Private Equity and Venture Capital,United Kingdom,,TRUE,1
Advanced Manufacturing,Par Equity,55.948296,-3.21342,Private Equity and Venture Capital,United Kingdom,,FALSE,1
Advanced Manufacturing,Partners Investment Company,51.513371,-0.092548,Private Equity and Venture Capital,United Kingdom,,FALSE,1
Advanced Manufacturing,Partnerships UK,52.922548,-1.478746,Government,United Kingdom,,FALSE,1
Advanced Manufacturing,Pearson,51.516766,-0.122948,Corporate,United Kingdom,,FALSE,1
Advanced Manufacturing,Phoenix Equity Partners,51.510762,-0.136698,Private Equity and Venture Capital,United Kingdom,,FALSE,1
Advanced Manufacturing,Playfair Capital,51.527304,-0.088894,Private Equity and Venture Capital,United Kingdom,,FALSE,1
Advanced Manufacturing,Praetura Group,53.47988,-2.250781,Private Equity and Venture Capital,United Kingdom,,FALSE,1
Advanced Manufacturing,Prelude Trust plc,52.148526,0.194195,Private Equity and Venture Capital,United Kingdom,,FALSE,1
Advanced Manufacturing,QinetiQ plc,51.276054,-0.761524,Corporate,United Kingdom,,FALSE,1
Advanced Manufacturing,RAB Capital,51.507986,-0.137417,Asset Management,United Kingdom,,FALSE,1
Advanced Manufacturing,Railpen,51.512305,-0.07524,Asset Management,United Kingdom,,FALSE,1
Advanced Manufacturing,Redrice Ventures,51.512597,-0.13671,Private Equity and Venture Capital,United Kingdom,,FALSE,1
Advanced Manufacturing,Risk Capital Partners,51.50231,-0.154406,Private Equity and Venture Capital,United Kingdom,,FALSE,1
Advanced Manufacturing,Rockpool Investments,51.506554,-0.135054,Private Equity and Venture Capital,United Kingdom,,FALSE,1
Advanced Manufacturing,Rolls-Royce,52.911001,-1.430616,Corporate,United Kingdom,,FALSE,1
Advanced Manufacturing,SSE Ventures,56.417342,-3.464187,Corporate,United Kingdom,,FALSE,1
Advanced Manufacturing,SWAIN,51.457731,-2.60719,Angel Network,United Kingdom,,FALSE,1
Advanced Manufacturing,ScaleUp Capital,51.515985,-0.150235,Private Equity and Venture Capital,United Kingdom,,FALSE,1
Advanced Manufacturing,Schroders,51.248506,-0.158924,Asset Management,United Kingdom,,FALSE,1
Advanced Manufacturing,Scottish Government,55.978349,-3.173673,Devolved Government,United Kingdom,,FALSE,1
Advanced Manufacturing,SilverRock Financial Services,51.512314,-0.149519,Bank,United Kingdom,,FALSE,1
Advanced Manufacturing,Social Investment Scotland (SIS),55.957314,-3.18878,Charity/Not-for-profit company,United Kingdom,,FALSE,1
Advanced Manufacturing,South Yorkshire Investment Fund,53.383988,-1.461948,Private Equity and Venture Capital,United Kingdom,,FALSE,1
Advanced Manufacturing,Sulis Seedcorn Fund,51.379324,-2.327157,Private Equity and Venture Capital,United Kingdom,,FALSE,1
Advanced Manufacturing,Sussex Place Ventures,51.526583,-0.161353,Private Equity and Venture Capital,United Kingdom,,TRUE,1
Advanced Manufacturing,SyndicateRoom,52.234909,0.153433,Crowd funding,United Kingdom,,TRUE,1
Advanced Manufacturing,T J Morris (Investments) Ltd,53.464194,-2.895312,Private Equity and Venture Capital,United Kingdom,,FALSE,1
Advanced Manufacturing,TTP Ventures,52.088111,0.025697,Private Equity and Venture Capital,United Kingdom,,FALSE,1
Advanced Manufacturing,Tern PLC,51.516416,-0.077488,Private Equity and Venture Capital,United Kingdom,,FALSE,1
Advanced Manufacturing,The University of Derby,52.938473,-1.496678,University,United Kingdom,,FALSE,1
Advanced Manufacturing,ThinCats,52.758356,-1.477058,Specialist Lender,United Kingdom,,TRUE,1
Advanced Manufacturing,Toscafund Asset Management,51.506992,-0.142804,Specialist Lender,United Kingdom,,FALSE,1
Advanced Manufacturing,Tracsis,51.56851,-0.133125,Corporate,United Kingdom,,FALSE,1
Advanced Manufacturing,Triple Point,53.374425,-1.46808,Asset Management,United Kingdom,,FALSE,1
Advanced Manufacturing,Turquoise International,51.526359,-0.080053,Merchant Bank,United Kingdom,,FALSE,1
Advanced Manufacturing,University of Edinburgh,55.943737,-3.184186,University,United Kingdom,,FALSE,1
Advanced Manufacturing,VentureFounders,51.514178,-0.093552,Private Equity and Venture Capital,United Kingdom,,FALSE,1
Advanced Manufacturing,Wealth Club,51.461031,-0.304332,Angel Network,United Kingdom,,FALSE,1
Advanced Manufacturing,Welsh Government,51.488373,-3.182582,Central Government,United Kingdom,,FALSE,1
Advanced Manufacturing,West Yorkshire Business and Skills,53.77576,-1.54099,Local and Regional Government,United Kingdom,,FALSE,1
Advanced Manufacturing,Woodford Investment Management,51.731891,-1.204714,Private Equity and Venture Capital,United Kingdom,,FALSE,1
Advanced Manufacturing,World Gold Council,51.514778,-0.102246,Corporate,United Kingdom,,FALSE,1
Advanced Manufacturing,Wren Capital LLP,51.553152,-0.19881,Private Equity and Venture Capital,United Kingdom,,FALSE,1
Clean Energy Industries,HSBC,51.507627,-0.09714,Bank,United Kingdom,,TRUE,12
Clean Energy Industries,British Business Bank,53.382174,-1.472389,Central Government,United Kingdom,,FALSE,10
Clean Energy Industries,Barclays,51.504924,-0.014381,Bank,United Kingdom,,TRUE,9
Clean Energy Industries,NatWest Group,53.480414,-2.253286,Bank,United Kingdom,,TRUE,9
Clean Energy Industries,IP Group,51.517285,-0.096031,Commercialisation Company,United Kingdom,,FALSE,8
Clean Energy Industries,BGF (formerly Business Growth Fund),51.508771,-0.122916,Private Equity and Venture Capital,United Kingdom,,FALSE,7
Clean Energy Industries,Legal & General,51.476116,-3.177297,Corporate,United Kingdom,UK pension funds,FALSE,6
Clean Energy Industries,Lloyds Banking Group,53.809305,-1.680548,Private Equity and Venture Capital,United Kingdom,,FALSE,6
Clean Energy Industries,Mercia Asset Management,52.358937,-1.779514,Asset Management / Private Equity,United Kingdom,,TRUE,4
Clean Energy Industries,Scottish Enterprise,55.945754,-3.221459,Devolved Government,United Kingdom,,FALSE,4
Clean Energy Industries,BP,51.507733,-0.134545,Corporate,United Kingdom,,FALSE,3
Clean Energy Industries,Clean Growth Investment Management,51.508514,-0.133303,Private Equity and Venture Capital,United Kingdom,,FALSE,3
Clean Energy Industries,Maven Capital Partners UK LLP,55.862675,-4.256424,Private Equity and Venture Capital,United Kingdom,,FALSE,3
Clean Energy Industries,Oxford Science Enterprises,51.755299,-1.257415,Commercialisation Company,United Kingdom,,FALSE,3
Clean Energy Industries,Caple,51.516385,-0.077792,Specialist Lender,United Kingdom,,FALSE,2
Clean Energy Industries,Centrica Energy,51.485661,-0.639614,Corporate,United Kingdom,,FALSE,2
Clean Energy Industries,Development Bank of Wales,51.483907,-3.191222,Devolved Government,United Kingdom,,FALSE,2
Clean Energy Industries,Equity Gap,55.950643,-3.208593,Angel Network,United Kingdom,,FALSE,2
Clean Energy Industries,Future Planet Capital,53.47944,-2.250206,Private Equity and Venture Capital,United Kingdom,,FALSE,2
Clean Energy Industries,Green Angel Ventures,51.463955,-0.220681,Angel Network,United Kingdom,,TRUE,2
Clean Energy Industries,IW Capital,51.514156,-0.143189,Private Equity and Venture Capital,United Kingdom,,FALSE,2
Clean Energy Industries,Infracapital,51.518469,-0.14238,Corporate,United Kingdom,,FALSE,2
Clean Energy Industries,Midven,52.45994,-2.100544,Private Equity and Venture Capital,United Kingdom,,FALSE,2
Clean Energy Industries,Northern Gritstone,53.477441,-2.243173,Private Equity and Venture Capital,United Kingdom,,TRUE,2
Clean Energy Industries,Octopus Group,51.512038,-0.097431,Asset Management / Private Equity,United Kingdom,,FALSE,2
Clean Energy Industries,Ombu Group,51.517395,-0.149515,Private Equity and Venture Capital,United Kingdom,,FALSE,2
Clean Energy Industries,Par Equity,55.948296,-3.21342,Private Equity and Venture Capital,United Kingdom,,FALSE,2
Clean Energy Industries,Turquoise International,51.526359,-0.080053,Merchant Bank,United Kingdom,,FALSE,2
Clean Energy Industries,2150 VC,52.488037,-0.704488,Private Equity and Venture Capital,United Kingdom,,FALSE,1
Clean Energy Industries,3i,51.502202,-0.153257,Private Equity and Venture Capital,United Kingdom,,FALSE,1
Clean Energy Industries,4J Studios,51.692673,-0.419468,Corporate,United Kingdom,,FALSE,1
Clean Energy Industries,AS Capital,51.525647,0.102024,Asset Management,United Kingdom,,FALSE,1
Clean Energy Industries,Acceleris,51.505396,-0.016249,Private Equity and Venture Capital,United Kingdom,,FALSE,1
Clean Energy Industries,Adjuvo,51.511866,-0.124706,Angel Network,United Kingdom,,FALSE,1
Clean Energy Industries,Amati Global Investors,55.949086,-3.211667,Private Equity and Venture Capital,United Kingdom,,FALSE,1
Clean Energy Industries,Amber Infrastructure Group,51.50416,-0.079748,Asset Management / Private Equity,United Kingdom,,FALSE,1
Clean Energy Industries,Angels in the City,51.511682,-0.08276,Angel Network,United Kingdom,,FALSE,1
Clean Energy Industries,Anthemis Group,51.517578,-0.136636,Private Equity and Venture Capital,United Kingdom,,FALSE,1
Clean Energy Industries,Aston University,52.489323,-1.883165,University,United Kingdom,,FALSE,1
Clean Energy Industries,Aviva,53.371149,-1.485676,Corporate,United Kingdom,UK pension funds,FALSE,1
Clean Energy Industries,Berti Investments,51.516948,-0.144027,Charity/Not-for-profit company,United Kingdom,,FALSE,1
Clean Energy Industries,Calculus Capital,51.512328,-0.154981,Private Equity and Venture Capital,United Kingdom,,FALSE,1
Clean Energy Industries,Capricorn Fund Managers,51.509879,-0.14456,Asset Management,United Kingdom,,FALSE,1
Clean Energy Industries,Circularity Capital,55.952353,-3.206485,Private Equity and Venture Capital,United Kingdom,,FALSE,1
Clean Energy Industries,ClearlySo,51.514178,-0.093552,Merchant Bank,United Kingdom,,FALSE,1
Clean Energy Industries,Close Brothers,51.520382,-0.083519,Merchant Bank,United Kingdom,,FALSE,1
Clean Energy Industries,Crowdcube,51.523617,-0.083412,Crowd funding,United Kingdom,,FALSE,1
Clean Energy Industries,DN Capital,51.520571,-0.15593,Private Equity and Venture Capital,United Kingdom,,FALSE,1
Clean Energy Industries,Deepbridge Capital,53.161686,-2.900117,Private Equity and Venture Capital,United Kingdom,,FALSE,1
Clean Energy Industries,Downing,51.503541,-0.12767,Private Equity and Venture Capital,United Kingdom,,FALSE,1
Clean Energy Industries,Drax,53.730605,-0.994677,Corporate,United Kingdom,,FALSE,1
Clean Energy Industries,EMV Capital PLC,51.507905,-0.131757,Private Equity and Venture Capital,United Kingdom,,FALSE,1
Clean Energy Industries,Earth Capital,51.507986,-0.137417,Private Equity and Venture Capital,United Kingdom,,FALSE,1
Clean Energy Industries,East Alpha,51.795506,1.038723,Asset Management,United Kingdom,,FALSE,1
Clean Energy Industries,EcoMachines Ventures,51.507905,-0.131757,Private Equity and Venture Capital,United Kingdom,,FALSE,1
Clean Energy Industries,Eurovestech,51.578136,-0.399445,Private Equity and Venture Capital,United Kingdom,,FALSE,1
Clean Energy Industries,Fidelity International,51.512687,-0.096929,Asset Management,United Kingdom,,FALSE,1
Clean Energy Industries,Fjord Capital,51.610936,-0.178282,Private Equity and Venture Capital,United Kingdom,,FALSE,1
Clean Energy Industries,GRIDSERVE,51.379884,-0.123854,Corporate,United Kingdom,,FALSE,1
Clean Energy Industries,Greenwood Way Capital,51.516112,-0.173839,Angel Network,United Kingdom,,FALSE,1
Clean Energy Industries,Gresham House,53.798,-1.551588,Asset Management,United Kingdom,,FALSE,1
Clean Energy Industries,Growth Capital Partners,51.506892,-0.138787,Private Equity and Venture Capital,United Kingdom,,TRUE,1
Clean Energy Industries,HM Treasury,51.501638,-0.126768,Central Government,United Kingdom,,FALSE,1
Clean Energy Industries,Highland Venture Capital,56.465977,-2.873762,Angel Network,United Kingdom,,FALSE,1
Clean Energy Industries,Inflexion Private Equity,51.517641,-0.148611,Private Equity and Venture Capital,United Kingdom,,FALSE,1
Clean Energy Industries,Innovation SuperNetwork,54.974867,-1.594657,Accelerator,United Kingdom,,FALSE,1
Clean Energy Industries,Investec Bank,51.515643,-0.090132,Bank,United Kingdom,,FALSE,1
Clean Energy Industries,Kanadevia Inova Capital,51.296546,-0.754591,Private Equity and Venture Capital,United Kingdom,,FALSE,1
Clean Energy Industries,Kero Limited,52.236792,0.140372,Private Equity and Venture Capital,United Kingdom,,FALSE,1
Clean Energy Industries,Key Capital Partners,53.79721,-1.554253,Private Equity and Venture Capital,United Kingdom,,FALSE,1
Clean Energy Industries,Lansdowne Partners,51.506992,-0.142804,Asset Management,United Kingdom,,FALSE,1
Clean Energy Industries,Lendahand Ethex,51.741736,-1.235695,Crowd funding,United Kingdom,,FALSE,1
Clean Energy Industries,Lightrock,51.507905,-0.131757,Private Equity and Venture Capital,United Kingdom,,FALSE,1
Clean Energy Industries,Literacy Capital,51.506609,-0.130585,Private Investment Vehicle,United Kingdom,,FALSE,1
Clean Energy Industries,Longwall Venture Partners,51.817775,-1.306658,Private Equity and Venture Capital,United Kingdom,,FALSE,1
Clean Energy Industries,Megger Group,51.115559,1.305629,Corporate,United Kingdom,,FALSE,1
Clean Energy Industries,Mobeus,51.506229,-0.146279,Private Equity and Venture Capital,United Kingdom,,TRUE,1
Clean Energy Industries,Mosaic Ventures,51.512314,-0.138134,Private Equity and Venture Capital,United Kingdom,,FALSE,1
Clean Energy Industries,Mott Macdonald,52.482523,-1.899395,Corporate,United Kingdom,,FALSE,1
Clean Energy Industries,NVM Private Equity,54.971016,-1.612535,Private Equity and Venture Capital,United Kingdom,,TRUE,1
Clean Energy Industries,Nesta,51.511348,-0.107548,Charity/Not-for-profit company,United Kingdom,,FALSE,1
Clean Energy Industries,NorthInvest,53.795472,-1.555729,Angel Network,United Kingdom,,FALSE,1
Clean Energy Industries,Northstar Ventures,54.971327,-1.597505,Private Equity and Venture Capital,United Kingdom,,FALSE,1
Clean Energy Industries,Notion Capital Partners LLP,51.524129,-0.106586,Private Equity and Venture Capital,United Kingdom,,FALSE,1
Clean Energy Industries,Novuna,51.435186,-0.508667,Corporate,United Kingdom,,FALSE,1
Clean Energy Industries,OVO Energy,51.450233,-2.58408,Corporate,United Kingdom,,FALSE,1
Clean Energy Industries,OakNorth,51.514297,-0.140143,Bank,United Kingdom,,FALSE,1
Clean Energy Industries,Oil & Gas Technology Centre,57.139045,-2.095492,Charity/Not-for-profit company,United Kingdom,,FALSE,1
Clean Energy Industries,Origin Capital Ltd,51.499973,-0.13345,Private Equity and Venture Capital,United Kingdom,,FALSE,1
Clean Energy Industries,Oxford Capital Partners,51.752564,-1.265674,Private Equity and Venture Capital,United Kingdom,,FALSE,1
Clean Energy Industries,Oxford Endowment Fund,51.752802,-1.291298,Asset Management,United Kingdom,,FALSE,1
Clean Energy Industries,Oxford Innovation Finance,51.731891,-1.204714,Angel Network,United Kingdom,,FALSE,1
Clean Energy Industries,Oxford Instruments,51.695371,-1.353309,Corporate,United Kingdom,,FALSE,1
Clean Energy Industries,Partnerships UK,52.922548,-1.478746,Government,United Kingdom,,FALSE,1
Clean Energy Industries,Penta Capital,55.86225,-4.260938,Private Equity and Venture Capital,United Kingdom,,FALSE,1
Clean Energy Industries,Perscitus Advisers,51.497689,-0.165369,Private Equity and Venture Capital,United Kingdom,,FALSE,1
Clean Energy Industries,Phoenix Court Group,51.531187,-0.12952,Private Equity and Venture Capital,United Kingdom,,FALSE,1
Clean Energy Industries,Proserv,57.208939,-2.219824,Corporate,United Kingdom,,FALSE,1
Clean Energy Industries,Quester Venture Partnership,51.512038,-0.097431,Private Equity and Venture Capital,United Kingdom,,FALSE,1
Clean Energy Industries,RAB Capital,51.507986,-0.137417,Asset Management,United Kingdom,,FALSE,1
Clean Energy Industries,SFC Capital,53.263837,-2.536688,Private Equity and Venture Capital,United Kingdom,,FALSE,1
Clean Energy Industries,SSE Ventures,56.417342,-3.464187,Corporate,United Kingdom,,FALSE,1
Clean Energy Industries,Schroders,51.248506,-0.158924,Asset Management,United Kingdom,,FALSE,1
Clean Energy Industries,Scottish EDGE,56.416609,-3.482055,Charity/Not-for-profit company,United Kingdom,,FALSE,1
Clean Energy Industries,Scottish Government,55.978349,-3.173673,Devolved Government,United Kingdom,,FALSE,1
Clean Energy Industries,Shawbrook Bank,51.513208,-0.079295,Bank,United Kingdom,,TRUE,1
Clean Energy Industries,Standard Chartered,51.517202,-0.089779,Bank,United Kingdom,,FALSE,1
Clean Energy Industries,ThinCats,52.758356,-1.477058,Specialist Lender,United Kingdom,,TRUE,1
Clean Energy Industries,Tracsis,51.56851,-0.133125,Corporate,United Kingdom,,FALSE,1
Clean Energy Industries,UK Steel Enterprise (UKSE),53.394417,-1.446508,Corporate,United Kingdom,,FALSE,1
Clean Energy Industries,University of Edinburgh,55.943737,-3.184186,University,United Kingdom,,FALSE,1
Clean Energy Industries,University of Oxford,51.751927,-1.215879,University,United Kingdom,,FALSE,1
Clean Energy Industries,University of Strathclyde,55.864721,-4.243326,University,United Kingdom,,FALSE,1
Clean Energy Industries,University of Warwick Science Park,52.387015,-1.558093,University,United Kingdom,,FALSE,1
Clean Energy Industries,VentureFounders,51.514178,-0.093552,Private Equity and Venture Capital,United Kingdom,,FALSE,1
Clean Energy Industries,Virgin Money UK,55.863326,-4.26009,Bank,United Kingdom,,FALSE,1
Clean Energy Industries,Wealth Club,51.461031,-0.304332,Angel Network,United Kingdom,,FALSE,1
Clean Energy Industries,WestBridge Capital,51.489014,-3.179718,Private Equity and Venture Capital,United Kingdom,,FALSE,1
Clean Energy Industries,Woodford Investment Management,51.731891,-1.204714,Private Equity and Venture Capital,United Kingdom,,FALSE,1
Clean Energy Industries,World Gold Council,51.514778,-0.102246,Corporate,United Kingdom,,FALSE,1
Construction,HSBC,51.507627,-0.09714,Bank,United Kingdom,,TRUE,21
Construction,Lloyds Banking Group,53.809305,-1.680548,Private Equity and Venture Capital,United Kingdom,,FALSE,19
Construction,British Business Bank,53.382174,-1.472389,Central Government,United Kingdom,,FALSE,17
Construction,BGF (formerly Business Growth Fund),51.508771,-0.122916,Private Equity and Venture Capital,United Kingdom,,FALSE,11
Construction,Barclays,51.504924,-0.014381,Bank,United Kingdom,,TRUE,9
Construction,NatWest Group,53.480414,-2.253286,Bank,United Kingdom,,TRUE,9
Construction,Mercia Asset Management,52.358937,-1.779514,Asset Management / Private Equity,United Kingdom,,TRUE,8
Construction,OakNorth,51.514297,-0.140143,Bank,United Kingdom,,FALSE,7
Construction,Development Bank of Wales,51.483907,-3.191222,Devolved Government,United Kingdom,,FALSE,4
Construction,Phoenix Court Group,51.531187,-0.12952,Private Equity and Venture Capital,United Kingdom,,FALSE,4
Construction,Scottish Enterprise,55.945754,-3.221459,Devolved Government,United Kingdom,,FALSE,4
Construction,ThinCats,52.758356,-1.477058,Specialist Lender,United Kingdom,,TRUE,4
Construction,Virgin Money UK,55.863326,-4.26009,Bank,United Kingdom,,FALSE,4
Construction,Key Capital Partners,53.79721,-1.554253,Private Equity and Venture Capital,United Kingdom,,FALSE,3
Construction,Mobeus,51.506229,-0.146279,Private Equity and Venture Capital,United Kingdom,,TRUE,3
Construction,Pi Labs,51.520888,-0.072197,Accelerator,United Kingdom,,FALSE,3
Construction,Seedcamp,51.516858,-0.142287,Private Equity and Venture Capital,United Kingdom,,TRUE,3
Construction,Capital for Colleagues,51.025282,-4.206337,Private Equity and Venture Capital,United Kingdom,,FALSE,2
Construction,Caple,51.516385,-0.077792,Specialist Lender,United Kingdom,,FALSE,2
Construction,Centrica Energy,51.485661,-0.639614,Corporate,United Kingdom,,FALSE,2
Construction,Crowdcube,51.523617,-0.083412,Crowd funding,United Kingdom,,FALSE,2
Construction,Finance Yorkshire,53.381381,-1.48853,Private Equity and Venture Capital,United Kingdom,,FALSE,2
Construction,Future Planet Capital,53.47944,-2.250206,Private Equity and Venture Capital,United Kingdom,,FALSE,2
Construction,Grosvenor Hill Ventures,51.516537,-0.143064,Private Equity and Venture Capital,United Kingdom,,FALSE,2
Construction,Highland Europe,51.511746,-0.138085,Private Equity and Venture Capital,United Kingdom,,FALSE,2
Construction,IP Group,51.517285,-0.096031,Commercialisation Company,United Kingdom,,FALSE,2
Construction,ITV,54.604774,-5.920191,Corporate,United Kingdom,,FALSE,2
Construction,Innovate UK (IUK),51.566729,-1.784744,Central Government,United Kingdom,,FALSE,2
Construction,Legal & General,51.476116,-3.177297,Corporate,United Kingdom,UK pension funds,FALSE,2
Construction,Midven,52.45994,-2.100544,Private Equity and Venture Capital,United Kingdom,,FALSE,2
Construction,NEL Fund Managers,54.925643,-1.620569,Private Equity and Venture Capital,United Kingdom,,TRUE,2
Construction,Nesta,51.511348,-0.107548,Charity/Not-for-profit company,United Kingdom,,FALSE,2
Construction,Notion Capital Partners LLP,51.524129,-0.106586,Private Equity and Venture Capital,United Kingdom,,FALSE,2
Construction,Octopus Group,51.512038,-0.097431,Asset Management / Private Equity,United Kingdom,,FALSE,2
Construction,Shawbrook Bank,51.513208,-0.079295,Bank,United Kingdom,,TRUE,2
Construction,Whiterock Finance,54.596986,-5.924968,Specialist Lender,United Kingdom,,TRUE,2
Construction,noa,51.45509,-2.620468,Private Equity and Venture Capital,United Kingdom,,FALSE,2
Construction,2150 VC,52.488037,-0.704488,Private Equity and Venture Capital,United Kingdom,,FALSE,1
Construction,Adjuvo,51.511866,-0.124706,Angel Network,United Kingdom,,FALSE,1
Construction,Amadeus Capital Partners,52.209941,0.117535,Private Equity and Venture Capital,United Kingdom,,FALSE,1
Construction,Angels in the City,51.511682,-0.08276,Angel Network,United Kingdom,,FALSE,1
Construction,Anthemis Group,51.517578,-0.136636,Private Equity and Venture Capital,United Kingdom,,FALSE,1
Construction,Archangels,51.833768,0.695697,Angel Network,United Kingdom,,TRUE,1
Construction,Ask Partners,51.517982,-0.146839,Property Lender,United Kingdom,,FALSE,1
Construction,Asset finance,55.961416,-3.184533,Bank,United Kingdom,,FALSE,1
Construction,Aston University,52.489323,-1.883165,University,United Kingdom,,FALSE,1
Construction,BP,51.507733,-0.134545,Corporate,United Kingdom,,FALSE,1
Construction,Bank of Scotland,55.789595,-4.277033,Bank,United Kingdom,,TRUE,1
Construction,Channel 4,53.796354,-1.548888,State-owned enterprise (SOE) / Corporate strategic investor,United Kingdom,,FALSE,1
Construction,Charlotte Street Capital,51.518954,-0.135513,Private Equity and Venture Capital,United Kingdom,,FALSE,1
Construction,Clean Growth Investment Management,51.508514,-0.133303,Private Equity and Venture Capital,United Kingdom,,FALSE,1
Construction,ClearlySo,51.514178,-0.093552,Merchant Bank,United Kingdom,,FALSE,1
Construction,Columbia Lake Partners,51.525617,-0.083602,Specialist Lender,United Kingdom,,TRUE,1
Construction,DMGT,51.501371,-0.191128,Corporate,United Kingdom,,FALSE,1
Construction,DN Capital,51.520571,-0.15593,Private Equity and Venture Capital,United Kingdom,,FALSE,1
Construction,Deepbridge Capital,53.161686,-2.900117,Private Equity and Venture Capital,United Kingdom,,FALSE,1
Construction,Downing,51.503541,-0.12767,Private Equity and Venture Capital,United Kingdom,,FALSE,1
Construction,EMV Capital PLC,51.507905,-0.131757,Private Equity and Venture Capital,United Kingdom,,FALSE,1
Construction,EcoMachines Ventures,51.507905,-0.131757,Private Equity and Venture Capital,United Kingdom,,FALSE,1
Construction,Eden Ventures,51.38115,-2.357863,Private Equity and Venture Capital,United Kingdom,,FALSE,1
Construction,Edition Capital,51.513049,-0.140294,Private Equity and Venture Capital,United Kingdom,,FALSE,1
Construction,Elysian Capital,51.508154,-0.134989,Private Equity and Venture Capital,United Kingdom,,FALSE,1
Construction,Enterprise Ventures Ltd,53.760359,-2.717497,Private Equity and Venture Capital,United Kingdom,,FALSE,1
Construction,Entrepreneurs First,51.529269,-0.088062,Accelerator,United Kingdom,,FALSE,1
Construction,Episode 1,51.516697,-0.129336,Private Equity and Venture Capital,United Kingdom,,FALSE,1
Construction,Felix Capital,51.512314,-0.138134,Private Equity and Venture Capital,United Kingdom,,FALSE,1
Construction,FrestonVentures,51.512264,-0.218309,Family Office,United Kingdom,,FALSE,1
Construction,Frontier Development Capital,52.482336,-1.900985,Private Equity and Venture Capital,United Kingdom,,TRUE,1
Construction,GC Business Finance,53.474951,-2.243761,Government,United Kingdom,,TRUE,1
Construction,GIA Surveyors,51.505484,-0.114823,Corporate,United Kingdom,,FALSE,1
Construction,Glenrinnes Farms,57.438357,-3.146492,Corporate,United Kingdom,,FALSE,1
Construction,Growth Capital Partners,51.506892,-0.138787,Private Equity and Venture Capital,United Kingdom,,TRUE,1
Construction,Growth Lending Group,51.542808,-0.009977,Specialist Lender,United Kingdom,,FALSE,1
Construction,Growth Partner,54.014985,-1.221823,Family Office,United Kingdom,,FALSE,1
Construction,Henley,51.536919,-0.904481,Asset Management,United Kingdom,,FALSE,1
Construction,Homes England,51.448932,-2.583545,Central Government,United Kingdom,,FALSE,1
Construction,Hoxton Ventures,51.516679,-0.127074,Private Equity and Venture Capital,United Kingdom,,TRUE,1
Construction,IW Capital,51.514156,-0.143189,Private Equity and Venture Capital,United Kingdom,,FALSE,1
Construction,Investec Bank,51.515643,-0.090132,Bank,United Kingdom,,FALSE,1
Construction,J Coffey Construction,51.5597,-0.334726,Corporate,United Kingdom,,FALSE,1
Construction,Kartesia,51.51312,-0.142497,Asset Management,United Kingdom,,FALSE,1
Construction,LSL Property Services,54.960721,-1.633981,Corporate,United Kingdom,,FALSE,1
Construction,Latitude Investment Management,51.499321,-0.157034,Asset Management,United Kingdom,,FALSE,1
Construction,Literacy Capital,51.506609,-0.130585,Private Investment Vehicle,United Kingdom,,FALSE,1
Construction,Livingbridge EP,51.504963,-0.087625,Private Equity and Venture Capital,United Kingdom,,FALSE,1
Construction,Love Ventures,51.515235,-0.091619,Private Equity and Venture Capital,United Kingdom,,FALSE,1
Construction,MW&L Capital Partners,51.506992,-0.142804,Private Investment Vehicle,United Kingdom,,FALSE,1
Construction,Maven Capital Partners UK LLP,55.862675,-4.256424,Private Equity and Venture Capital,United Kingdom,,FALSE,1
Construction,NVM Private Equity,54.971016,-1.612535,Private Equity and Venture Capital,United Kingdom,,TRUE,1
Construction,Newcastle City Council,54.980621,-1.595459,Local and Regional Government,United Kingdom,,FALSE,1
Construction,Next,51.567782,0.703511,Corporate,United Kingdom,,FALSE,1
Construction,Northern & Shell Ventures,51.509143,-0.084784,Corporate,United Kingdom,,FALSE,1
Construction,Northern Gritstone,53.477441,-2.243173,Private Equity and Venture Capital,United Kingdom,,TRUE,1
Construction,Ombu Group,51.517395,-0.149515,Private Equity and Venture Capital,United Kingdom,,FALSE,1
Construction,Omni Partners,51.518105,-0.151807,Private Equity and Venture Capital,United Kingdom,,FALSE,1
Construction,Origin Capital Ltd,51.499973,-0.13345,Private Equity and Venture Capital,United Kingdom,,FALSE,1
Construction,Oxford Capital Partners,51.752564,-1.265674,Private Equity and Venture Capital,United Kingdom,,FALSE,1
Construction,Oxford Science Enterprises,51.755299,-1.257415,Commercialisation Company,United Kingdom,,FALSE,1
Construction,Oxx,51.512597,-0.13671,Private Equity and Venture Capital,United Kingdom,,TRUE,1
Construction,Palatine Private Equity,53.477441,-2.243173,Private Equity and Venture Capital,United Kingdom,,FALSE,1
Construction,Paragon Development Finance,52.416642,-1.798474,Property Lender,United Kingdom,,FALSE,1
Construction,Penta Capital,55.86225,-4.260938,Private Equity and Venture Capital,United Kingdom,,FALSE,1
Construction,Pentech Ventures,55.957523,-3.195097,Private Equity and Venture Capital,United Kingdom,,FALSE,1
Construction,Pentland Group,55.900089,-3.263396,Corporate,United Kingdom,,FALSE,1
Construction,Perscitus Advisers,51.497689,-0.165369,Private Equity and Venture Capital,United Kingdom,,FALSE,1
Construction,Reward Finance Group,53.797346,-1.549834,Specialist Lender,United Kingdom,,FALSE,1
Construction,Round Hill Ventures,51.493103,-0.146494,Private Equity and Venture Capital,United Kingdom,,FALSE,1
Construction,Rutland Partners,51.513636,-0.091729,Private Equity and Venture Capital,United Kingdom,,FALSE,1
Construction,SSE Ventures,56.417342,-3.464187,Corporate,United Kingdom,,FALSE,1
Construction,Secure Trust Commercial Finance,52.381977,-1.788743,Bank,United Kingdom,,FALSE,1
Construction,Soho Square Capital,51.516251,-0.126731,Private Equity and Venture Capital,United Kingdom,,FALSE,1
Construction,South Yorkshire Investment Fund,53.383988,-1.461948,Private Equity and Venture Capital,United Kingdom,,FALSE,1
Construction,Spire Ventures,51.518201,-0.147017,Private Equity and Venture Capital,United Kingdom,,FALSE,1
Construction,TPA Capital,51.511448,-0.142536,Private Equity and Venture Capital,United Kingdom,,FALSE,1
Construction,Talis Capital,51.456483,-0.193075,Private Equity and Venture Capital,United Kingdom,,FALSE,1
Construction,Tethys,52.48662,1.751534,Family Office,United Kingdom,,FALSE,1
Construction,Toscafund Asset Management,51.506992,-0.142804,Specialist Lender,United Kingdom,,FALSE,1
Construction,Turquoise International,51.526359,-0.080053,Merchant Bank,United Kingdom,,FALSE,1
Construction,UK Steel Enterprise (UKSE),53.394417,-1.446508,Corporate,United Kingdom,,FALSE,1
Construction,University of Warwick Science Park,52.387015,-1.558093,University,United Kingdom,,FALSE,1
Construction,Wealth Club,51.461031,-0.304332,Angel Network,United Kingdom,,FALSE,1
Construction,West Hill Capital,51.511026,-0.099361,Private Equity and Venture Capital,United Kingdom,,FALSE,1
Construction,Wild Blue Cohort,51.52703,-0.128768,Angel Network,United Kingdom,,FALSE,1
Construction,YFM Equity Partners,53.79721,-1.554253,Private Equity and Venture Capital,United Kingdom,,FALSE,1
Construction,Zoopla Property Group,51.50212,-0.070511,Corporate,United Kingdom,,FALSE,1
Creative Industries,British Business Bank,53.382174,-1.472389,Central Government,United Kingdom,,FALSE,28
Creative Industries,BGF (formerly Business Growth Fund),51.508771,-0.122916,Private Equity and Venture Capital,United Kingdom,,FALSE,22
Creative Industries,HSBC,51.507627,-0.09714,Bank,United Kingdom,,TRUE,22
Creative Industries,Lloyds Banking Group,53.809305,-1.680548,Private Equity and Venture Capital,United Kingdom,,FALSE,12
Creative Industries,Crowdcube,51.523617,-0.083412,Crowd funding,United Kingdom,,FALSE,11
Creative Industries,Mercia Asset Management,52.358937,-1.779514,Asset Management / Private Equity,United Kingdom,,TRUE,11
Creative Industries,Barclays,51.504924,-0.014381,Bank,United Kingdom,,TRUE,8
Creative Industries,Virgin Money UK,55.863326,-4.26009,Bank,United Kingdom,,FALSE,7
Creative Industries,Octopus Group,51.512038,-0.097431,Asset Management / Private Equity,United Kingdom,,FALSE,6
Creative Industries,Albion Capital Group,51.520723,-0.103974,Private Equity and Venture Capital,United Kingdom,,FALSE,5
Creative Industries,Highland Europe,51.511746,-0.138085,Private Equity and Venture Capital,United Kingdom,,FALSE,5
Creative Industries,MMC Ventures,51.49454,-0.156088,Private Equity and Venture Capital,United Kingdom,,TRUE,5
Creative Industries,Maven Capital Partners UK LLP,55.862675,-4.256424,Private Equity and Venture Capital,United Kingdom,,FALSE,5
Creative Industries,Mobeus,51.506229,-0.146279,Private Equity and Venture Capital,United Kingdom,,TRUE,5
Creative Industries,OakNorth,51.514297,-0.140143,Bank,United Kingdom,,FALSE,5
Creative Industries,Venrex Investment Management,51.494596,-0.156216,Private Equity and Venture Capital,United Kingdom,,FALSE,5
Creative Industries,YFM Equity Partners,53.79721,-1.554253,Private Equity and Venture Capital,United Kingdom,,FALSE,5
Creative Industries,ACF Investors,51.519926,-0.107495,Private Equity and Venture Capital,United Kingdom,,FALSE,4
Creative Industries,Active Partners,51.473852,-0.202728,Private Equity and Venture Capital,United Kingdom,,TRUE,4
Creative Industries,Channel 4,53.796354,-1.548888,State-owned enterprise (SOE) / Corporate strategic investor,United Kingdom,,FALSE,4
Creative Industries,Creative UK,53.473677,-2.301759,Accelerator,United Kingdom,,FALSE,4
Creative Industries,Edge Investments Limited,51.51624,-0.152718,Private Equity and Venture Capital,United Kingdom,,FALSE,4
Creative Industries,Felix Capital,51.512314,-0.138134,Private Equity and Venture Capital,United Kingdom,,FALSE,4
Creative Industries,Future Planet Capital,53.47944,-2.250206,Private Equity and Venture Capital,United Kingdom,,FALSE,4
Creative Industries,Guinness Ventures,51.495577,-0.126758,Private Equity and Venture Capital,United Kingdom,,FALSE,4
Creative Industries,Phoenix Court Group,51.531187,-0.12952,Private Equity and Venture Capital,United Kingdom,,FALSE,4
Creative Industries,24Haymarket,51.509213,-0.13202,Angel Network,United Kingdom,,TRUE,3
Creative Industries,Angels Den,51.535716,-0.190083,Angel Network,United Kingdom,,FALSE,3
Creative Industries,Ascension,51.490425,0.295556,Private Equity and Venture Capital,United Kingdom,,FALSE,3
Creative Industries,Gresham House,53.798,-1.551588,Asset Management,United Kingdom,,FALSE,3
Creative Industries,Index Ventures,51.511035,-0.137451,Private Equity and Venture Capital,United Kingdom,,FALSE,3
Creative Industries,Key Capital Partners,53.79721,-1.554253,Private Equity and Venture Capital,United Kingdom,,FALSE,3
Creative Industries,Molten Ventures,51.510289,-0.125044,Private Equity and Venture Capital,United Kingdom,,FALSE,3
Creative Industries,Piper Private Equity,51.517191,-0.145141,Private Equity and Venture Capital,United Kingdom,,FALSE,3
Creative Industries,Playfair Capital,51.527304,-0.088894,Private Equity and Venture Capital,United Kingdom,,FALSE,3
Creative Industries,UK Export Finance,51.501638,-0.126768,Central Government,United Kingdom,,FALSE,3
Creative Industries,Wealth Club,51.461031,-0.304332,Angel Network,United Kingdom,,FALSE,3
Creative Industries,Ballpark Ventures,51.900681,-2.080624,Private Investment Vehicle,United Kingdom,,FALSE,2
Creative Industries,CrowdBnk,51.515178,-0.078232,Crowd funding,United Kingdom,,FALSE,2
Creative Industries,DN Capital,51.520571,-0.15593,Private Equity and Venture Capital,United Kingdom,,FALSE,2
Creative Industries,Development Bank of Wales,51.483907,-3.191222,Devolved Government,United Kingdom,,FALSE,2
Creative Industries,Entrepreneurs First,51.529269,-0.088062,Accelerator,United Kingdom,,FALSE,2
Creative Industries,Firstminute Capital,51.512087,-0.114406,Private Equity and Venture Capital,United Kingdom,,FALSE,2
Creative Industries,Growth Lending Group,51.542808,-0.009977,Specialist Lender,United Kingdom,,FALSE,2
Creative Industries,IQ Capital Partners,52.213917,0.113932,Private Equity and Venture Capital,United Kingdom,,FALSE,2
Creative Industries,ITV,54.604774,-5.920191,Corporate,United Kingdom,,FALSE,2
Creative Industries,Kin Group,51.511741,-0.146242,Private Investment Vehicle,United Kingdom,,FALSE,2
Creative Industries,Midven,52.45994,-2.100544,Private Equity and Venture Capital,United Kingdom,,FALSE,2
Creative Industries,NatWest Group,53.480414,-2.253286,Bank,United Kingdom,,TRUE,2
Creative Industries,Nesta,51.511348,-0.107548,Charity/Not-for-profit company,United Kingdom,,FALSE,2
Creative Industries,Oxford Capital Partners,51.752564,-1.265674,Private Equity and Venture Capital,United Kingdom,,FALSE,2
Creative Industries,Puma Investment Management,51.508957,-0.143098,Asset Management,United Kingdom,,FALSE,2
Creative Industries,ScaleUp Capital,51.515985,-0.150235,Private Equity and Venture Capital,United Kingdom,,FALSE,2
Creative Industries,Scottish Enterprise,55.945754,-3.221459,Devolved Government,United Kingdom,,FALSE,2
Creative Industries,Scottish Government,55.978349,-3.173673,Devolved Government,United Kingdom,,FALSE,2
Creative Industries,Seedcamp,51.516858,-0.142287,Private Equity and Venture Capital,United Kingdom,,TRUE,2
Creative Industries,Smedvig Capital,51.506545,-0.140141,Family Office,United Kingdom,,FALSE,2
Creative Industries,ThinCats,52.758356,-1.477058,Specialist Lender,United Kingdom,,TRUE,2
Creative Industries,University of Warwick Science Park,52.387015,-1.558093,University,United Kingdom,,FALSE,2
Creative Industries,Vitruvian Partners,51.506739,-0.148953,Private Equity and Venture Capital,United Kingdom,,FALSE,2
Creative Industries,13books Capital,51.522751,-0.103659,Private Equity and Venture Capital,United Kingdom,,TRUE,1
Creative Industries,2050 Capital,51.508051,-0.142098,Private Equity and Venture Capital,United Kingdom,,TRUE,1
Creative Industries,3i,51.502202,-0.153257,Private Equity and Venture Capital,United Kingdom,,FALSE,1
Creative Industries,7Percent Ventures,51.511263,-0.12695,Private Equity and Venture Capital,United Kingdom,,TRUE,1
Creative Industries,8 Miles,51.627234,-0.160118,Private Equity and Venture Capital,United Kingdom,,FALSE,1
Creative Industries,Aldermore Bank,51.458407,-0.969721,Bank,United Kingdom,,FALSE,1
Creative Industries,Allied Irish Bank / AIB Group,51.515551,-0.079571,Family Office,United Kingdom,,FALSE,1
Creative Industries,Alpine Electronics,52.399811,-1.559097,Corporate,United Kingdom,,FALSE,1
Creative Industries,Amadeus Capital Partners,52.209941,0.117535,Private Equity and Venture Capital,United Kingdom,,FALSE,1
Creative Industries,Angel Capital Group,51.519648,-0.097518,Angel Network,United Kingdom,,FALSE,1
Creative Industries,Archimedia,52.283241,-1.585905,Private Investment Vehicle,United Kingdom,,FALSE,1
Creative Industries,Arm,53.479603,-2.236435,Corporate,United Kingdom,,FALSE,1
Creative Industries,Avonmore Developments Ltd,51.494857,-0.206714,Private Equity and Venture Capital,United Kingdom,,FALSE,1
Creative Industries,Backed VC,51.527736,-0.077386,Private Equity and Venture Capital,United Kingdom,,FALSE,1
Creative Industries,Balderton Capital,51.529874,-0.118818,Private Equity and Venture Capital,United Kingdom,,TRUE,1
Creative Industries,Beechbrook Capital,51.519648,-0.158995,Specialist Lender,United Kingdom,,TRUE,1
Creative Industries,Cambridge Innovation Capital,52.248533,0.081223,Private Equity and Venture Capital,United Kingdom,,TRUE,1
Creative Industries,Capital D,51.511448,-0.142536,Private Equity and Venture Capital,United Kingdom,,FALSE,1
Creative Industries,Clean Growth Investment Management,51.508514,-0.133303,Private Equity and Venture Capital,United Kingdom,,FALSE,1
Creative Industries,Comhar Capital,53.795904,-1.54865,Private Equity and Venture Capital,United Kingdom,,FALSE,1
Creative Industries,Committed Capital,51.508588,-0.142508,Private Equity and Venture Capital,United Kingdom,,FALSE,1
Creative Industries,Concentric Partners,51.508901,-0.144686,Private Equity and Venture Capital,United Kingdom,,FALSE,1
Creative Industries,Connect Ventures,51.517362,-0.125388,Private Equity and Venture Capital,United Kingdom,,FALSE,1
Creative Industries,Connectd,51.527304,-0.088894,Angel Network,United Kingdom,,FALSE,1
Creative Industries,DMGT,51.501371,-0.191128,Corporate,United Kingdom,,FALSE,1
Creative Industries,Deepbridge Capital,53.161686,-2.900117,Private Equity and Venture Capital,United Kingdom,,FALSE,1
Creative Industries,Delin Capital,51.51682,-0.122398,Asset Management / Private Equity,United Kingdom,,FALSE,1
Creative Industries,Downing,51.503541,-0.12767,Private Equity and Venture Capital,United Kingdom,,FALSE,1
Creative Industries,Dr. Martens,51.512743,-0.138577,Corporate,United Kingdom,,FALSE,1
Creative Industries,EKA Ventures,51.527304,-0.088894,Private Equity and Venture Capital,United Kingdom,,TRUE,1
Creative Industries,ETF Partners,51.500332,-0.133392,Private Equity and Venture Capital,United Kingdom,,TRUE,1
Creative Industries,Earth Capital,51.507986,-0.137417,Private Equity and Venture Capital,United Kingdom,,FALSE,1
Creative Industries,Elcot Capital Management,51.505794,-0.139869,Private Equity and Venture Capital,United Kingdom,,FALSE,1
Creative Industries,Elysian Capital,51.508154,-0.134989,Private Equity and Venture Capital,United Kingdom,,FALSE,1
Creative Industries,Enterprise Investment Partners,51.512986,-0.09265,Private Equity and Venture Capital,United Kingdom,,FALSE,1
Creative Industries,Envestors,51.505696,-0.105073,Angel Network,United Kingdom,,FALSE,1
Creative Industries,Environmental Innovation Fund,55.947586,-3.206945,Private Equity and Venture Capital,United Kingdom,,FALSE,1
Creative Industries,Erna Low Consultants,50.880103,-1.23946,Corporate,United Kingdom,,FALSE,1
Creative Industries,Fidelity International,51.512687,-0.096929,Asset Management,United Kingdom,,FALSE,1
Creative Industries,First Enterprise,51.542158,0.007545,Specialist Lender,United Kingdom,,TRUE,1
Creative Industries,GIA Surveyors,51.505484,-0.114823,Corporate,United Kingdom,,FALSE,1
Creative Industries,GP Bullhound,51.505461,-0.138716,Merchant Bank,United Kingdom,,FALSE,1
Creative Industries,Gorkana Group,51.524485,-0.091405,Corporate,United Kingdom,,FALSE,1
Creative Industries,Grafton Capital,51.513183,-0.148763,Private Equity and Venture Capital,United Kingdom,,FALSE,1
Creative Industries,Green Angel Ventures,51.463955,-0.220681,Angel Network,United Kingdom,,TRUE,1
Creative Industries,Grosvenor Hill Ventures,51.516537,-0.143064,Private Equity and Venture Capital,United Kingdom,,FALSE,1
Creative Industries,Growthdeck,51.515738,-0.090474,Crowd funding,United Kingdom,,FALSE,1
Creative Industries,HM Treasury,51.501638,-0.126768,Central Government,United Kingdom,,FALSE,1
Creative Industries,Henley,51.536919,-0.904481,Asset Management,United Kingdom,,FALSE,1
Creative Industries,IP Group,51.517285,-0.096031,Commercialisation Company,United Kingdom,,FALSE,1
Creative Industries,InMotion Ventures,51.52479,-0.089129,Corporate,United Kingdom,,FALSE,1
Creative Industries,Invest NI,54.594305,-5.93216,Devolved Government,United Kingdom,,FALSE,1
Creative Industries,JamJar Investments,51.501972,-0.119003,Private Investment Vehicle,United Kingdom,,TRUE,1
Creative Industries,Kartesia,51.51312,-0.142497,Asset Management,United Kingdom,,FALSE,1
Creative Industries,Kuvari Partners,51.511741,-0.146242,Asset Management,United Kingdom,,FALSE,1
Creative Industries,Lancashire County Council,53.753902,-2.366371,Local and Regional Government,United Kingdom,,FALSE,1
Creative Industries,Lansdowne Partners,51.506992,-0.142804,Asset Management,United Kingdom,,FALSE,1
Creative Industries,Lendahand Ethex,51.741736,-1.235695,Crowd funding,United Kingdom,,FALSE,1
Creative Industries,Liberty Global Ventures,51.509292,-0.141557,Corporate,United Kingdom,,FALSE,1
Creative Industries,Livingbridge EP,51.504963,-0.087625,Private Equity and Venture Capital,United Kingdom,,FALSE,1
Creative Industries,London Venture Partners,51.518954,-0.135513,Private Equity and Venture Capital,United Kingdom,,FALSE,1
Creative Industries,M&G,56.133866,-3.966186,Asset Management,United Kingdom,UK pension funds,FALSE,1
Creative Industries,MML Capital Partners,51.51522,-0.104001,Private Equity and Venture Capital,United Kingdom,,TRUE,1
Creative Industries,Meyer Bergman,51.508224,-0.139972,Private Equity and Venture Capital,United Kingdom,,FALSE,1
Creative Industries,Mott Macdonald,52.482523,-1.899395,Corporate,United Kingdom,,FALSE,1
Creative Industries,NFU Mutual,51.016243,-3.0662,Corporate,United Kingdom,,FALSE,1
Creative Industries,Nauta Capital,51.514178,-0.093552,Private Equity and Venture Capital,United Kingdom,,TRUE,1
Creative Industries,Newcastle City Council,54.980621,-1.595459,Local and Regional Government,United Kingdom,,FALSE,1
Creative Industries,Next,51.567782,0.703511,Corporate,United Kingdom,,FALSE,1
Creative Industries,NorthEdge Capital,52.482306,-1.897216,Private Equity and Venture Capital,United Kingdom,,FALSE,1
Creative Industries,Northern Gritstone,53.477441,-2.243173,Private Equity and Venture Capital,United Kingdom,,TRUE,1
Creative Industries,Northstar Equity Investors,54.971327,-1.597505,Private Equity and Venture Capital,United Kingdom,,FALSE,1
Creative Industries,Northstar Ventures,54.971327,-1.597505,Private Equity and Venture Capital,United Kingdom,,FALSE,1
Creative Industries,Nottinghamshire Council,53.072193,-1.251299,Local and Regional Government,United Kingdom,,FALSE,1
Creative Industries,Oceanwood Capital Management,51.513001,-0.153166,Asset Management,United Kingdom,,FALSE,1
Creative Industries,Origin Capital Ltd,51.499973,-0.13345,Private Equity and Venture Capital,United Kingdom,,FALSE,1
Creative Industries,Outsized Ventures,51.525617,-0.083602,Private Equity and Venture Capital,United Kingdom,,FALSE,1
Creative Industries,Oxford Innovation Finance,51.731891,-1.204714,Angel Network,United Kingdom,,FALSE,1
Creative Industries,Oxx,51.512597,-0.13671,Private Equity and Venture Capital,United Kingdom,,TRUE,1
Creative Industries,PNC Financial Services,51.514976,-0.091702,Specialist Lender,United Kingdom,,FALSE,1
Creative Industries,Palatine Private Equity,53.477441,-2.243173,Private Equity and Venture Capital,United Kingdom,,FALSE,1
Creative Industries,Passion Capital,51.521893,-0.109014,Private Equity and Venture Capital,United Kingdom,,TRUE,1
Creative Industries,Pemberton Asset Management,51.508514,-0.133303,Private Equity and Venture Capital,United Kingdom,,FALSE,1
Creative Industries,Pentech Ventures,55.957523,-3.195097,Private Equity and Venture Capital,United Kingdom,,FALSE,1
Creative Industries,Permira,51.508654,-0.133066,Private Equity and Venture Capital,United Kingdom,,FALSE,1
Creative Industries,Perscitus Advisers,51.497689,-0.165369,Private Equity and Venture Capital,United Kingdom,,FALSE,1
Creative Industries,Phoenix Equity Partners,51.510762,-0.136698,Private Equity and Venture Capital,United Kingdom,,FALSE,1
Creative Industries,Praetura Group,53.47988,-2.250781,Private Equity and Venture Capital,United Kingdom,,FALSE,1
Creative Industries,Prelude Trust plc,52.148526,0.194195,Private Equity and Venture Capital,United Kingdom,,FALSE,1
Creative Industries,QinetiQ plc,51.276054,-0.761524,Corporate,United Kingdom,,FALSE,1
Creative Industries,Redrice Ventures,51.512597,-0.13671,Private Equity and Venture Capital,United Kingdom,,FALSE,1
Creative Industries,Reed Elsevier Ventures,51.508357,-0.108335,Corporate,United Kingdom,,FALSE,1
Creative Industries,Rockpool Investments,51.506554,-0.135054,Private Equity and Venture Capital,United Kingdom,,FALSE,1
Creative Industries,Rockridge Investment Partners,51.507679,-0.133942,Private Equity and Venture Capital,United Kingdom,,FALSE,1
Creative Industries,Salica Investments,51.51621,-0.085208,Asset Management / Private Equity,United Kingdom,,TRUE,1
Creative Industries,Samos Investments,51.517518,-0.122196,Private Equity and Venture Capital,United Kingdom,,FALSE,1
Creative Industries,Santon Capital,51.509879,-0.14456,Family Office,United Kingdom,,FALSE,1
Creative Industries,Sapphire Capital Partners,54.598827,-5.92441,Private Equity and Venture Capital,United Kingdom,,FALSE,1
Creative Industries,Scottish EDGE,56.416609,-3.482055,Charity/Not-for-profit company,United Kingdom,,FALSE,1
Creative Industries,Scottish Equity Partners,55.862643,-4.257174,Private Equity and Venture Capital,United Kingdom,,TRUE,1
Creative Industries,Secure Trust Commercial Finance,52.381977,-1.788743,Bank,United Kingdom,,FALSE,1
Creative Industries,Shackleton Ventures,51.516883,-0.112306,Private Equity and Venture Capital,United Kingdom,,FALSE,1
Creative Industries,Shawbrook Bank,51.513208,-0.079295,Bank,United Kingdom,,TRUE,1
Creative Industries,Sky,54.603919,-5.915391,Corporate,United Kingdom,,FALSE,1
Creative Industries,Soho Square Capital,51.516251,-0.126731,Private Equity and Venture Capital,United Kingdom,,FALSE,1
Creative Industries,Souter Investments LLP,55.952005,-3.198867,Family Office,United Kingdom,,FALSE,1
Creative Industries,South Yorkshire Investment Fund,53.383988,-1.461948,Private Equity and Venture Capital,United Kingdom,,FALSE,1
Creative Industries,Sports Investment Partners,51.509879,-0.14456,Private Equity and Venture Capital,United Kingdom,,FALSE,1
Creative Industries,Standard Chartered,51.517202,-0.089779,Bank,United Kingdom,,FALSE,1
Creative Industries,Stride.VC,51.522751,-0.103659,Private Equity and Venture Capital,United Kingdom,,FALSE,1
Creative Industries,Sussex Place Ventures,51.526583,-0.161353,Private Equity and Venture Capital,United Kingdom,,TRUE,1
Creative Industries,SyndicateRoom,52.234909,0.153433,Crowd funding,United Kingdom,,TRUE,1
Creative Industries,Systemiq,51.510289,-0.125044,Corporate,United Kingdom,,FALSE,1
Creative Industries,TTP Ventures,52.088111,0.025697,Private Equity and Venture Capital,United Kingdom,,FALSE,1
Creative Industries,Talis Capital,51.456483,-0.193075,Private Equity and Venture Capital,United Kingdom,,FALSE,1
Creative Industries,Tenzing,51.874376,-0.4284,Private Equity and Venture Capital,United Kingdom,,FALSE,1
Creative Industries,The Accelerator Group,51.512394,-0.157442,Accelerator,United Kingdom,,FALSE,1
Creative Industries,The Financial Times,51.51428,-0.101503,Corporate,United Kingdom,,FALSE,1
Creative Industries,Unilever,53.830245,-1.456816,Corporate,United Kingdom,,FALSE,1
Creative Industries,Volution,51.45695,-0.941386,Private Equity and Venture Capital,United Kingdom,,FALSE,1
Creative Industries,West Hill Capital,51.511026,-0.099361,Private Equity and Venture Capital,United Kingdom,,FALSE,1
Creative Industries,WestBridge Capital,51.489014,-3.179718,Private Equity and Venture Capital,United Kingdom,,FALSE,1
Creative Industries,White Star Capital,51.51798,-0.138739,Private Equity and Venture Capital,United Kingdom,,FALSE,1
Creative Industries,Wild Blue Cohort,51.52703,-0.128768,Angel Network,United Kingdom,,FALSE,1
Creative Industries,Zinal Growth,51.507514,-0.136571,Private Equity and Venture Capital,United Kingdom,,FALSE,1
Creative Industries,aberdeen,51.519875,-0.07838,Asset Management,United Kingdom,,FALSE,1
Defence,British Business Bank,53.382174,-1.472389,Central Government,United Kingdom,,FALSE,7
Defence,HSBC,51.507627,-0.09714,Bank,United Kingdom,,TRUE,6
Defence,Albion Capital Group,51.520723,-0.103974,Private Equity and Venture Capital,United Kingdom,,FALSE,4
Defence,BGF (formerly Business Growth Fund),51.508771,-0.122916,Private Equity and Venture Capital,United Kingdom,,FALSE,4
Defence,IP Group,51.517285,-0.096031,Commercialisation Company,United Kingdom,,FALSE,4
Defence,Lloyds Banking Group,53.809305,-1.680548,Private Equity and Venture Capital,United Kingdom,,FALSE,4
Defence,Cambridge Angels,52.234909,0.153433,Angel Network,United Kingdom,,FALSE,3
Defence,Dawn Capital,51.514539,-0.130476,Private Equity and Venture Capital,United Kingdom,,TRUE,3
Defence,NatWest Group,53.480414,-2.253286,Bank,United Kingdom,,TRUE,3
Defence,Amadeus Capital Partners,52.209941,0.117535,Private Equity and Venture Capital,United Kingdom,,FALSE,2
Defence,Barclays,51.504924,-0.014381,Bank,United Kingdom,,TRUE,2
Defence,Crane Ventures,51.514867,-0.13643,Private Equity and Venture Capital,United Kingdom,,FALSE,2
Defence,Gresham House,53.798,-1.551588,Asset Management,United Kingdom,,FALSE,2
Defence,Highland Europe,51.511746,-0.138085,Private Equity and Venture Capital,United Kingdom,,FALSE,2
Defence,IQ Capital Partners,52.213917,0.113932,Private Equity and Venture Capital,United Kingdom,,FALSE,2
Defence,Index Ventures,51.511035,-0.137451,Private Equity and Venture Capital,United Kingdom,,FALSE,2
Defence,Invoke Capital Partners,51.511144,-0.15572,Private Equity and Venture Capital,United Kingdom,,FALSE,2
Defence,Nesta,51.511348,-0.107548,Charity/Not-for-profit company,United Kingdom,,FALSE,2
Defence,Octopus Group,51.512038,-0.097431,Asset Management / Private Equity,United Kingdom,,FALSE,2
Defence,Seedcamp,51.516858,-0.142287,Private Equity and Venture Capital,United Kingdom,,TRUE,2
Defence,Talis Capital,51.456483,-0.193075,Private Equity and Venture Capital,United Kingdom,,FALSE,2
Defence,UK Export Finance,51.501638,-0.126768,Central Government,United Kingdom,,FALSE,2
Defence,Winton Capital Management,51.515715,-0.10238,Asset Management,United Kingdom,,FALSE,2
Defence,2050 Capital,51.508051,-0.142098,Private Equity and Venture Capital,United Kingdom,,TRUE,1
Defence,7Percent Ventures,51.511263,-0.12695,Private Equity and Venture Capital,United Kingdom,,TRUE,1
Defence,Allied Irish Bank / AIB Group,51.515551,-0.079571,Family Office,United Kingdom,,FALSE,1
Defence,Bailie Group,53.792856,-1.550716,Corporate,United Kingdom,,FALSE,1
Defence,Balderton Capital,51.529874,-0.118818,Private Equity and Venture Capital,United Kingdom,,TRUE,1
Defence,Cambridge Capital Group,52.234909,0.153433,Angel Network,United Kingdom,,FALSE,1
Defence,Close Brothers,51.520382,-0.083519,Merchant Bank,United Kingdom,,FALSE,1
Defence,Connectd,51.527304,-0.088894,Angel Network,United Kingdom,,FALSE,1
Defence,Cyber London (CyLon),51.494655,-0.214112,Accelerator,United Kingdom,,FALSE,1
Defence,Downing,51.503541,-0.12767,Private Equity and Venture Capital,United Kingdom,,FALSE,1
Defence,Elixirr,51.514523,-0.094834,Corporate,United Kingdom,,FALSE,1
Defence,Entrepreneurs First,51.529269,-0.088062,Accelerator,United Kingdom,,FALSE,1
Defence,Eos Venture,51.521036,-0.081185,Private Equity and Venture Capital,United Kingdom,,FALSE,1
Defence,Finance Yorkshire,53.381381,-1.48853,Private Equity and Venture Capital,United Kingdom,,FALSE,1
Defence,Growth Capital Partners,51.506892,-0.138787,Private Equity and Venture Capital,United Kingdom,,TRUE,1
Defence,Growth Lending Group,51.542808,-0.009977,Specialist Lender,United Kingdom,,FALSE,1
Defence,Hg,51.49336,-0.110195,Private Equity and Venture Capital,United Kingdom,,FALSE,1
Defence,Hoxton Ventures,51.516679,-0.127074,Private Equity and Venture Capital,United Kingdom,,TRUE,1
Defence,Inflexion Private Equity,51.517641,-0.148611,Private Equity and Venture Capital,United Kingdom,,FALSE,1
Defence,Investec Bank,51.515643,-0.090132,Bank,United Kingdom,,FALSE,1
Defence,Legal & General,51.476116,-3.177297,Corporate,United Kingdom,UK pension funds,FALSE,1
Defence,London Venture Partners,51.518954,-0.135513,Private Equity and Venture Capital,United Kingdom,,FALSE,1
Defence,MMC Ventures,51.49454,-0.156088,Private Equity and Venture Capital,United Kingdom,,TRUE,1
Defence,MML Capital Partners,51.51522,-0.104001,Private Equity and Venture Capital,United Kingdom,,TRUE,1
Defence,Maven Capital Partners UK LLP,55.862675,-4.256424,Private Equity and Venture Capital,United Kingdom,,FALSE,1
Defence,Mercia Asset Management,52.358937,-1.779514,Asset Management / Private Equity,United Kingdom,,TRUE,1
Defence,Mobeus,51.506229,-0.146279,Private Equity and Venture Capital,United Kingdom,,TRUE,1
Defence,Molten Ventures,51.510289,-0.125044,Private Equity and Venture Capital,United Kingdom,,FALSE,1
Defence,Mouro Capital,51.508514,-0.133303,Private Equity and Venture Capital,United Kingdom,,FALSE,1
Defence,NM Capital,51.509799,-0.147445,Private Equity and Venture Capital,United Kingdom,,FALSE,1
Defence,New Wave Ventures,51.519926,-0.107495,Private Equity and Venture Capital,United Kingdom,,FALSE,1
Defence,NorthEdge Capital,52.482306,-1.897216,Private Equity and Venture Capital,United Kingdom,,FALSE,1
Defence,Notion Capital Partners LLP,51.524129,-0.106586,Private Equity and Venture Capital,United Kingdom,,FALSE,1
Defence,Outsized Ventures,51.525617,-0.083602,Private Equity and Venture Capital,United Kingdom,,FALSE,1
Defence,Oxford Innovation Finance,51.731891,-1.204714,Angel Network,United Kingdom,,FALSE,1
Defence,Oxford Science Enterprises,51.755299,-1.257415,Commercialisation Company,United Kingdom,,FALSE,1
Defence,Oxx,51.512597,-0.13671,Private Equity and Venture Capital,United Kingdom,,TRUE,1
Defence,Par Equity,55.948296,-3.21342,Private Equity and Venture Capital,United Kingdom,,FALSE,1
Defence,Phoenix Court Group,51.531187,-0.12952,Private Equity and Venture Capital,United Kingdom,,FALSE,1
Defence,Phoenix Equity Partners,51.510762,-0.136698,Private Equity and Venture Capital,United Kingdom,,FALSE,1
Defence,Quester Venture Partnership,51.512038,-0.097431,Private Equity and Venture Capital,United Kingdom,,FALSE,1
Defence,Rockpool Investments,51.506554,-0.135054,Private Equity and Venture Capital,United Kingdom,,FALSE,1
Defence,Rolls-Royce,52.911001,-1.430616,Corporate,United Kingdom,,FALSE,1
Defence,SFC Capital,53.263837,-2.536688,Private Equity and Venture Capital,United Kingdom,,FALSE,1
Defence,Said Business School,51.753291,-1.268342,University,United Kingdom,,FALSE,1
Defence,Schroders,51.248506,-0.158924,Asset Management,United Kingdom,,FALSE,1
Defence,Scottish Enterprise,55.945754,-3.221459,Devolved Government,United Kingdom,,FALSE,1
Defence,Sulis Seedcorn Fund,51.379324,-2.327157,Private Equity and Venture Capital,United Kingdom,,FALSE,1
Defence,TempoCap,51.510623,-0.124569,Private Equity and Venture Capital,United Kingdom,,FALSE,1
Defence,Tracsis,51.56851,-0.133125,Corporate,United Kingdom,,FALSE,1
Defence,Vitruvian Partners,51.506739,-0.148953,Private Equity and Venture Capital,United Kingdom,,FALSE,1
Defence,Wealth Club,51.461031,-0.304332,Angel Network,United Kingdom,,FALSE,1
Defence,Welsh Government,51.488373,-3.182582,Central Government,United Kingdom,,FALSE,1
Defence,West Hill Capital,51.511026,-0.099361,Private Equity and Venture Capital,United Kingdom,,FALSE,1
Defence,Winton Ventures,51.515715,-0.10238,Corporate,United Kingdom,,FALSE,1
Defence,World Gold Council,51.514778,-0.102246,Corporate,United Kingdom,,FALSE,1
Defence,Worldpay Group,51.512154,-0.090177,Corporate,United Kingdom,,FALSE,1
Defence,YFM Equity Partners,53.79721,-1.554253,Private Equity and Venture Capital,United Kingdom,,FALSE,1
Defence,Zinal Growth,51.507514,-0.136571,Private Equity and Venture Capital,United Kingdom,,FALSE,1
Digital and Technologies,British Business Bank,53.382174,-1.472389,Central Government,United Kingdom,,FALSE,81
Digital and Technologies,BGF (formerly Business Growth Fund),51.508771,-0.122916,Private Equity and Venture Capital,United Kingdom,,FALSE,39
Digital and Technologies,IP Group,51.517285,-0.096031,Commercialisation Company,United Kingdom,,FALSE,32
Digital and Technologies,Mercia Asset Management,52.358937,-1.779514,Asset Management / Private Equity,United Kingdom,,TRUE,23
Digital and Technologies,Phoenix Court Group,51.531187,-0.12952,Private Equity and Venture Capital,United Kingdom,,FALSE,23
Digital and Technologies,Octopus Group,51.512038,-0.097431,Asset Management / Private Equity,United Kingdom,,FALSE,22
Digital and Technologies,Crowdcube,51.523617,-0.083412,Crowd funding,United Kingdom,,FALSE,20
Digital and Technologies,HSBC,51.507627,-0.09714,Bank,United Kingdom,,TRUE,19
Digital and Technologies,Maven Capital Partners UK LLP,55.862675,-4.256424,Private Equity and Venture Capital,United Kingdom,,FALSE,16
Digital and Technologies,Albion Capital Group,51.520723,-0.103974,Private Equity and Venture Capital,United Kingdom,,FALSE,15
Digital and Technologies,Lloyds Banking Group,53.809305,-1.680548,Private Equity and Venture Capital,United Kingdom,,FALSE,15
Digital and Technologies,Molten Ventures,51.510289,-0.125044,Private Equity and Venture Capital,United Kingdom,,FALSE,15
Digital and Technologies,NatWest Group,53.480414,-2.253286,Bank,United Kingdom,,TRUE,15
Digital and Technologies,Scottish Enterprise,55.945754,-3.221459,Devolved Government,United Kingdom,,FALSE,15
Digital and Technologies,Index Ventures,51.511035,-0.137451,Private Equity and Venture Capital,United Kingdom,,FALSE,14
Digital and Technologies,Seedcamp,51.516858,-0.142287,Private Equity and Venture Capital,United Kingdom,,TRUE,14
Digital and Technologies,Amadeus Capital Partners,52.209941,0.117535,Private Equity and Venture Capital,United Kingdom,,FALSE,13
Digital and Technologies,Barclays,51.504924,-0.014381,Bank,United Kingdom,,TRUE,11
Digital and Technologies,Gresham House,53.798,-1.551588,Asset Management,United Kingdom,,FALSE,11
Digital and Technologies,MMC Ventures,51.49454,-0.156088,Private Equity and Venture Capital,United Kingdom,,TRUE,11
Digital and Technologies,Cambridge Angels,52.234909,0.153433,Angel Network,United Kingdom,,FALSE,10
Digital and Technologies,Future Planet Capital,53.47944,-2.250206,Private Equity and Venture Capital,United Kingdom,,FALSE,10
Digital and Technologies,Highland Europe,51.511746,-0.138085,Private Equity and Venture Capital,United Kingdom,,FALSE,10
Digital and Technologies,Oxford Science Enterprises,51.755299,-1.257415,Commercialisation Company,United Kingdom,,FALSE,10
Digital and Technologies,IQ Capital Partners,52.213917,0.113932,Private Equity and Venture Capital,United Kingdom,,FALSE,9
Digital and Technologies,Virgin Money UK,55.863326,-4.26009,Bank,United Kingdom,,FALSE,9
Digital and Technologies,YFM Equity Partners,53.79721,-1.554253,Private Equity and Venture Capital,United Kingdom,,FALSE,9
Digital and Technologies,Balderton Capital,51.529874,-0.118818,Private Equity and Venture Capital,United Kingdom,,TRUE,8
Digital and Technologies,Guinness Ventures,51.495577,-0.126758,Private Equity and Venture Capital,United Kingdom,,FALSE,8
Digital and Technologies,Legal & General,51.476116,-3.177297,Corporate,United Kingdom,UK pension funds,FALSE,8
Digital and Technologies,University of Oxford,51.751927,-1.215879,University,United Kingdom,,FALSE,8
Digital and Technologies,24Haymarket,51.509213,-0.13202,Angel Network,United Kingdom,,TRUE,7
Digital and Technologies,ACF Investors,51.519926,-0.107495,Private Equity and Venture Capital,United Kingdom,,FALSE,7
Digital and Technologies,Downing,51.503541,-0.12767,Private Equity and Venture Capital,United Kingdom,,FALSE,7
Digital and Technologies,Nesta,51.511348,-0.107548,Charity/Not-for-profit company,United Kingdom,,FALSE,7
Digital and Technologies,Notion Capital Partners LLP,51.524129,-0.106586,Private Equity and Venture Capital,United Kingdom,,FALSE,7
Digital and Technologies,Passion Capital,51.521893,-0.109014,Private Equity and Venture Capital,United Kingdom,,TRUE,7
Digital and Technologies,Cambridge Innovation Capital,52.248533,0.081223,Private Equity and Venture Capital,United Kingdom,,TRUE,6
Digital and Technologies,Entrepreneurs First,51.529269,-0.088062,Accelerator,United Kingdom,,FALSE,6
Digital and Technologies,JamJar Investments,51.501972,-0.119003,Private Investment Vehicle,United Kingdom,,TRUE,6
Digital and Technologies,Livingbridge EP,51.504963,-0.087625,Private Equity and Venture Capital,United Kingdom,,FALSE,6
Digital and Technologies,Mobeus,51.506229,-0.146279,Private Equity and Venture Capital,United Kingdom,,TRUE,6
Digital and Technologies,Praetura Group,53.47988,-2.250781,Private Equity and Venture Capital,United Kingdom,,FALSE,6
Digital and Technologies,Salica Investments,51.51621,-0.085208,Asset Management / Private Equity,United Kingdom,,TRUE,6
Digital and Technologies,Samos Investments,51.517518,-0.122196,Private Equity and Venture Capital,United Kingdom,,FALSE,6
Digital and Technologies,Talis Capital,51.456483,-0.193075,Private Equity and Venture Capital,United Kingdom,,FALSE,6
Digital and Technologies,Thompson Taraz,52.208207,0.11994,Asset Management,United Kingdom,,FALSE,6
Digital and Technologies,Triple Point,53.374425,-1.46808,Asset Management,United Kingdom,,FALSE,6
Digital and Technologies,Connect Ventures,51.517362,-0.125388,Private Equity and Venture Capital,United Kingdom,,FALSE,5
Digital and Technologies,Creative UK,53.473677,-2.301759,Accelerator,United Kingdom,,FALSE,5
Digital and Technologies,EMV Capital PLC,51.507905,-0.131757,Private Equity and Venture Capital,United Kingdom,,FALSE,5
Digital and Technologies,Fidelity International,51.512687,-0.096929,Asset Management,United Kingdom,,FALSE,5
Digital and Technologies,Growth Lending Group,51.542808,-0.009977,Specialist Lender,United Kingdom,,FALSE,5
Digital and Technologies,Kin Group,51.511741,-0.146242,Private Investment Vehicle,United Kingdom,,FALSE,5
Digital and Technologies,Oxford Capital Partners,51.752564,-1.265674,Private Equity and Venture Capital,United Kingdom,,FALSE,5
Digital and Technologies,Oxford Innovation Finance,51.731891,-1.204714,Angel Network,United Kingdom,,FALSE,5
Digital and Technologies,Par Equity,55.948296,-3.21342,Private Equity and Venture Capital,United Kingdom,,FALSE,5
Digital and Technologies,Rockpool Investments,51.506554,-0.135054,Private Equity and Venture Capital,United Kingdom,,FALSE,5
Digital and Technologies,Scottish EDGE,56.416609,-3.482055,Charity/Not-for-profit company,United Kingdom,,FALSE,5
Digital and Technologies,Smedvig Capital,51.506545,-0.140141,Family Office,United Kingdom,,FALSE,5
Digital and Technologies,University of Warwick Science Park,52.387015,-1.558093,University,United Kingdom,,FALSE,5
Digital and Technologies,Venrex Investment Management,51.494596,-0.156216,Private Equity and Venture Capital,United Kingdom,,FALSE,5
Digital and Technologies,Wealth Club,51.461031,-0.304332,Angel Network,United Kingdom,,FALSE,5
Digital and Technologies,Ascension,51.490425,0.295556,Private Equity and Venture Capital,United Kingdom,,FALSE,4
Digital and Technologies,Atomico,51.518334,-0.135567,Private Equity and Venture Capital,United Kingdom,,TRUE,4
Digital and Technologies,Calculus Capital,51.512328,-0.154981,Private Equity and Venture Capital,United Kingdom,,FALSE,4
Digital and Technologies,Dawn Capital,51.514539,-0.130476,Private Equity and Venture Capital,United Kingdom,,TRUE,4
Digital and Technologies,Deepbridge Capital,53.161686,-2.900117,Private Equity and Venture Capital,United Kingdom,,FALSE,4
Digital and Technologies,Development Bank of Wales,51.483907,-3.191222,Devolved Government,United Kingdom,,FALSE,4
Digital and Technologies,Felix Capital,51.512314,-0.138134,Private Equity and Venture Capital,United Kingdom,,FALSE,4
Digital and Technologies,Firstminute Capital,51.512087,-0.114406,Private Equity and Venture Capital,United Kingdom,,FALSE,4
Digital and Technologies,Investec Bank,51.515643,-0.090132,Bank,United Kingdom,,FALSE,4
Digital and Technologies,Key Capital Partners,53.79721,-1.554253,Private Equity and Venture Capital,United Kingdom,,FALSE,4
Digital and Technologies,Kindred Capital VC,51.516744,-0.151602,Private Equity and Venture Capital,United Kingdom,,FALSE,4
Digital and Technologies,Lansdowne Partners,51.506992,-0.142804,Asset Management,United Kingdom,,FALSE,4
Digital and Technologies,Midven,52.45994,-2.100544,Private Equity and Venture Capital,United Kingdom,,FALSE,4
Digital and Technologies,NVM Private Equity,54.971016,-1.612535,Private Equity and Venture Capital,United Kingdom,,TRUE,4
Digital and Technologies,Nationwide Building Society,51.57353,-0.423274,Bank,United Kingdom,,FALSE,4
Digital and Technologies,Northstar Ventures,54.971327,-1.597505,Private Equity and Venture Capital,United Kingdom,,FALSE,4
Digital and Technologies,Pi Labs,51.520888,-0.072197,Accelerator,United Kingdom,,FALSE,4
Digital and Technologies,Playfair Capital,51.527304,-0.088894,Private Equity and Venture Capital,United Kingdom,,FALSE,4
Digital and Technologies,Scottish Equity Partners,55.862643,-4.257174,Private Equity and Venture Capital,United Kingdom,,TRUE,4
Digital and Technologies,SyndicateRoom,52.234909,0.153433,Crowd funding,United Kingdom,,TRUE,4
Digital and Technologies,Vitruvian Partners,51.506739,-0.148953,Private Equity and Venture Capital,United Kingdom,,FALSE,4
Digital and Technologies,Volution,51.45695,-0.941386,Private Equity and Venture Capital,United Kingdom,,FALSE,4
Digital and Technologies,7Percent Ventures,51.511263,-0.12695,Private Equity and Venture Capital,United Kingdom,,TRUE,3
Digital and Technologies,Angels Den,51.535716,-0.190083,Angel Network,United Kingdom,,FALSE,3
Digital and Technologies,Anthemis Group,51.517578,-0.136636,Private Equity and Venture Capital,United Kingdom,,FALSE,3
Digital and Technologies,Aviva,53.371149,-1.485676,Corporate,United Kingdom,UK pension funds,FALSE,3
Digital and Technologies,Blenheim Chalcot,51.513948,-0.22261,Private Equity and Venture Capital,United Kingdom,,FALSE,3
Digital and Technologies,Channel 4,53.796354,-1.548888,State-owned enterprise (SOE) / Corporate strategic investor,United Kingdom,,FALSE,3
Digital and Technologies,Clarendon Fund Managers,54.597775,-5.931195,Private Equity and Venture Capital,United Kingdom,,TRUE,3
Digital and Technologies,ClearlySo,51.514178,-0.093552,Merchant Bank,United Kingdom,,FALSE,3
Digital and Technologies,Edge Investments Limited,51.51624,-0.152718,Private Equity and Venture Capital,United Kingdom,,FALSE,3
Digital and Technologies,Envestors,51.505696,-0.105073,Angel Network,United Kingdom,,FALSE,3
Digital and Technologies,Equity Gap,55.950643,-3.208593,Angel Network,United Kingdom,,FALSE,3
Digital and Technologies,GP Bullhound,51.505461,-0.138716,Merchant Bank,United Kingdom,,FALSE,3
Digital and Technologies,Growth Capital Partners,51.506892,-0.138787,Private Equity and Venture Capital,United Kingdom,,TRUE,3
Digital and Technologies,HM Treasury,51.501638,-0.126768,Central Government,United Kingdom,,FALSE,3
Digital and Technologies,Hoxton Ventures,51.516679,-0.127074,Private Equity and Venture Capital,United Kingdom,,TRUE,3
Digital and Technologies,Inflexion Private Equity,51.517641,-0.148611,Private Equity and Venture Capital,United Kingdom,,FALSE,3
Digital and Technologies,Innovate UK (IUK),51.566729,-1.784744,Central Government,United Kingdom,,FALSE,3
Digital and Technologies,Invest NI,54.594305,-5.93216,Devolved Government,United Kingdom,,FALSE,3
Digital and Technologies,Latitude Investment Management,51.499321,-0.157034,Asset Management,United Kingdom,,FALSE,3
Digital and Technologies,Longwall Venture Partners,51.817775,-1.306658,Private Equity and Venture Capital,United Kingdom,,FALSE,3
Digital and Technologies,Mosaic Ventures,51.512314,-0.138134,Private Equity and Venture Capital,United Kingdom,,FALSE,3
Digital and Technologies,Mouro Capital,51.508514,-0.133303,Private Equity and Venture Capital,United Kingdom,,FALSE,3
Digital and Technologies,Oxx,51.512597,-0.13671,Private Equity and Venture Capital,United Kingdom,,TRUE,3
Digital and Technologies,Palatine Private Equity,53.477441,-2.243173,Private Equity and Venture Capital,United Kingdom,,FALSE,3
Digital and Technologies,Schroders,51.248506,-0.158924,Asset Management,United Kingdom,,FALSE,3
Digital and Technologies,Scottish Government,55.978349,-3.173673,Devolved Government,United Kingdom,,FALSE,3
Digital and Technologies,Shawbrook Bank,51.513208,-0.079295,Bank,United Kingdom,,TRUE,3
Digital and Technologies,Sussex Place Ventures,51.526583,-0.161353,Private Equity and Venture Capital,United Kingdom,,TRUE,3
Digital and Technologies,Toscafund Asset Management,51.506992,-0.142804,Specialist Lender,United Kingdom,,FALSE,3
Digital and Technologies,University of Edinburgh,55.943737,-3.184186,University,United Kingdom,,FALSE,3
Digital and Technologies,VentureFounders,51.514178,-0.093552,Private Equity and Venture Capital,United Kingdom,,FALSE,3
Digital and Technologies,Winton Capital Management,51.515715,-0.10238,Asset Management,United Kingdom,,FALSE,3
Digital and Technologies,Woodford Investment Management,51.731891,-1.204714,Private Equity and Venture Capital,United Kingdom,,FALSE,3
Digital and Technologies,aberdeen,51.519875,-0.07838,Asset Management,United Kingdom,,FALSE,3
Digital and Technologies,83North,51.512021,-0.136704,Private Equity and Venture Capital,United Kingdom,,FALSE,2
Digital and Technologies,AS Capital,51.525647,0.102024,Asset Management,United Kingdom,,FALSE,2
Digital and Technologies,Accelerated Digital Ventures,51.517202,-0.089779,Private Equity and Venture Capital,United Kingdom,,TRUE,2
Digital and Technologies,Adjuvo,51.511866,-0.124706,Angel Network,United Kingdom,,FALSE,2
Digital and Technologies,Aioi Nissay Dowa Insurance,51.513208,-0.079295,Corporate,United Kingdom,,FALSE,2
Digital and Technologies,Allied Irish Bank / AIB Group,51.515551,-0.079571,Family Office,United Kingdom,,FALSE,2
Digital and Technologies,Amber Infrastructure Group,51.50416,-0.079748,Asset Management / Private Equity,United Kingdom,,FALSE,2
Digital and Technologies,AstraZeneca,52.190486,0.134298,Corporate,United Kingdom,,FALSE,2
Digital and Technologies,BP,51.507733,-0.134545,Corporate,United Kingdom,,FALSE,2
Digital and Technologies,Backed VC,51.527736,-0.077386,Private Equity and Venture Capital,United Kingdom,,FALSE,2
Digital and Technologies,Ballpark Ventures,51.900681,-2.080624,Private Investment Vehicle,United Kingdom,,FALSE,2
Digital and Technologies,Cambridge Enterprise,52.248533,0.081223,Commercialisation Company,United Kingdom,,FALSE,2
Digital and Technologies,Capital for Colleagues,51.025282,-4.206337,Private Equity and Venture Capital,United Kingdom,,FALSE,2
Digital and Technologies,Chimera Partners,51.509799,-0.147445,Merchant Bank,United Kingdom,,FALSE,2
Digital and Technologies,Clean Growth Investment Management,51.508514,-0.133303,Private Equity and Venture Capital,United Kingdom,,FALSE,2
Digital and Technologies,Columbia Lake Partners,51.525617,-0.083602,Specialist Lender,United Kingdom,,TRUE,2
Digital and Technologies,Crane Ventures,51.514867,-0.13643,Private Equity and Venture Capital,United Kingdom,,FALSE,2
Digital and Technologies,CrowdBnk,51.515178,-0.078232,Crowd funding,United Kingdom,,FALSE,2
Digital and Technologies,DMGT,51.501371,-0.191128,Corporate,United Kingdom,,FALSE,2
Digital and Technologies,DN Capital,51.520571,-0.15593,Private Equity and Venture Capital,United Kingdom,,FALSE,2
Digital and Technologies,Delin Capital,51.51682,-0.122398,Asset Management / Private Equity,United Kingdom,,FALSE,2
Digital and Technologies,ETFS Capital,51.515967,-0.10851,Private Equity and Venture Capital,United Kingdom,,FALSE,2
Digital and Technologies,Earth Capital,51.507986,-0.137417,Private Equity and Venture Capital,United Kingdom,,FALSE,2
Digital and Technologies,Eos Venture,51.521036,-0.081185,Private Equity and Venture Capital,United Kingdom,,FALSE,2
Digital and Technologies,Farview Equity Partners,51.521036,-0.081185,Private Equity and Venture Capital,United Kingdom,,FALSE,2
Digital and Technologies,Frontier Development Capital,52.482336,-1.900985,Private Equity and Venture Capital,United Kingdom,,TRUE,2
Digital and Technologies,Greenwood Way Capital,51.516112,-0.173839,Angel Network,United Kingdom,,FALSE,2
Digital and Technologies,Grosvenor Hill Ventures,51.516537,-0.143064,Private Equity and Venture Capital,United Kingdom,,FALSE,2
Digital and Technologies,Hedosophia,51.515723,-0.130846,Private Equity and Venture Capital,United Kingdom,,FALSE,2
Digital and Technologies,Hg,51.49336,-0.110195,Private Equity and Venture Capital,United Kingdom,,FALSE,2
Digital and Technologies,Invoke Capital Partners,51.511144,-0.15572,Private Equity and Venture Capital,United Kingdom,,FALSE,2
Digital and Technologies,Janus Henderson Investors,51.520644,-0.079241,Private Equity and Venture Capital,United Kingdom,,FALSE,2
Digital and Technologies,Kartesia,51.51312,-0.142497,Asset Management,United Kingdom,,FALSE,2
Digital and Technologies,Lightrock,51.507905,-0.131757,Private Equity and Venture Capital,United Kingdom,,FALSE,2
Digital and Technologies,New Wave Ventures,51.519926,-0.107495,Private Equity and Venture Capital,United Kingdom,,FALSE,2
Digital and Technologies,Northern Gritstone,53.477441,-2.243173,Private Equity and Venture Capital,United Kingdom,,TRUE,2
Digital and Technologies,Origin Capital Ltd,51.499973,-0.13345,Private Equity and Venture Capital,United Kingdom,,FALSE,2
Digital and Technologies,Outrun Ventures,51.525617,-0.083602,Private Equity and Venture Capital,United Kingdom,,FALSE,2
Digital and Technologies,Outsized Ventures,51.525617,-0.083602,Private Equity and Venture Capital,United Kingdom,,FALSE,2
Digital and Technologies,Oxford Technology,51.763364,-1.260195,Private Equity and Venture Capital,United Kingdom,,FALSE,2
Digital and Technologies,Penta Capital,55.86225,-4.260938,Private Equity and Venture Capital,United Kingdom,,FALSE,2
Digital and Technologies,Pentech Ventures,55.957523,-3.195097,Private Equity and Venture Capital,United Kingdom,,FALSE,2
Digital and Technologies,Perscitus Advisers,51.497689,-0.165369,Private Equity and Venture Capital,United Kingdom,,FALSE,2
Digital and Technologies,Phoenix Group,52.376283,-1.894168,Corporate,United Kingdom,UK pension funds,FALSE,2
Digital and Technologies,Pollen Street Capital,51.512501,-0.119434,Private Equity and Venture Capital,United Kingdom,,FALSE,2
Digital and Technologies,Puma Investment Management,51.508957,-0.143098,Asset Management,United Kingdom,,FALSE,2
Digital and Technologies,Quester Venture Partnership,51.512038,-0.097431,Private Equity and Venture Capital,United Kingdom,,FALSE,2
Digital and Technologies,Quilam Capital,51.511741,-0.146242,Private Equity and Venture Capital,United Kingdom,,FALSE,2
Digital and Technologies,Railpen,51.512305,-0.07524,Asset Management,United Kingdom,,FALSE,2
Digital and Technologies,SV Health Investors,51.508553,-0.123357,Private Equity and Venture Capital,United Kingdom,,TRUE,2
Digital and Technologies,Souter Investments LLP,55.952005,-3.198867,Family Office,United Kingdom,,FALSE,2
Digital and Technologies,Stride.VC,51.522751,-0.103659,Private Equity and Venture Capital,United Kingdom,,FALSE,2
Digital and Technologies,Syncona Partners,51.525898,-0.133918,Private Equity and Venture Capital,United Kingdom,,FALSE,2
Digital and Technologies,ThinCats,52.758356,-1.477058,Specialist Lender,United Kingdom,,TRUE,2
Digital and Technologies,UK Export Finance,51.501638,-0.126768,Central Government,United Kingdom,,FALSE,2
Digital and Technologies,Unilever,53.830245,-1.456816,Corporate,United Kingdom,,FALSE,2
Digital and Technologies,Wayra,51.522543,-0.135006,Accelerator,United Kingdom,,FALSE,2
Digital and Technologies,West Hill Capital,51.511026,-0.099361,Private Equity and Venture Capital,United Kingdom,,FALSE,2
Digital and Technologies,WestBridge Capital,51.489014,-3.179718,Private Equity and Venture Capital,United Kingdom,,FALSE,2
Digital and Technologies,Wild Blue Cohort,51.52703,-0.128768,Angel Network,United Kingdom,,FALSE,2
Digital and Technologies,World Gold Council,51.514778,-0.102246,Corporate,United Kingdom,,FALSE,2
Digital and Technologies,noa,51.45509,-2.620468,Private Equity and Venture Capital,United Kingdom,,FALSE,2
Digital and Technologies,o2h Ventures,52.110935,0.172048,Private Equity and Venture Capital,United Kingdom,,FALSE,2
Digital and Technologies,13books Capital,51.522751,-0.103659,Private Equity and Venture Capital,United Kingdom,,TRUE,1
Digital and Technologies,2050 Capital,51.508051,-0.142098,Private Equity and Venture Capital,United Kingdom,,TRUE,1
Digital and Technologies,4J Studios,51.692673,-0.419468,Corporate,United Kingdom,,FALSE,1
Digital and Technologies,8090 Partners,55.027702,-7.179036,Private Equity and Venture Capital,United Kingdom,,FALSE,1
Digital and Technologies,Advent Venture Partners,51.512314,-0.138134,Private Equity and Venture Capital,United Kingdom,,FALSE,1
Digital and Technologies,Air Street Capital,51.548215,-0.198197,Private Equity and Venture Capital,United Kingdom,,FALSE,1
Digital and Technologies,Aitua Limited,52.132521,0.205697,Corporate,United Kingdom,,FALSE,1
Digital and Technologies,Alpine Electronics,52.399811,-1.559097,Corporate,United Kingdom,,FALSE,1
Digital and Technologies,Amati Global Investors,55.949086,-3.211667,Private Equity and Venture Capital,United Kingdom,,FALSE,1
Digital and Technologies,Ananke Ventures,51.569124,-0.195336,Private Equity and Venture Capital,United Kingdom,,FALSE,1
Digital and Technologies,Angel Academe,50.833605,-0.272646,Angel Network,United Kingdom,,TRUE,1
Digital and Technologies,Angels Nominees,53.333304,-2.645049,Private Investment Vehicle,United Kingdom,,FALSE,1
Digital and Technologies,Angels in the City,51.511682,-0.08276,Angel Network,United Kingdom,,FALSE,1
Digital and Technologies,Anticus Partners,53.549788,-1.520418,Private Equity and Venture Capital,United Kingdom,,FALSE,1
Digital and Technologies,Antin Infrastructure Partners,51.512722,-0.143478,Private Equity and Venture Capital,United Kingdom,,FALSE,1
Digital and Technologies,Anvil Partners LLP,51.509437,-0.146696,Merchant Bank,United Kingdom,,FALSE,1
Digital and Technologies,Apis Partners,51.500555,-0.164044,Private Equity and Venture Capital,United Kingdom,,FALSE,1
Digital and Technologies,ArchOver,51.511371,-0.085714,Crowd funding,United Kingdom,,FALSE,1
Digital and Technologies,Archangels,51.833768,0.695697,Angel Network,United Kingdom,,TRUE,1
Digital and Technologies,Arini,51.508405,-0.153136,Asset Management,United Kingdom,,FALSE,1
Digital and Technologies,Arix Bioscience,51.499982,-0.13345,Private Equity and Venture Capital,United Kingdom,,FALSE,1
Digital and Technologies,Arm,53.479603,-2.236435,Corporate,United Kingdom,,FALSE,1
Digital and Technologies,Arthurian Life Sciences,51.463751,-3.16028,Private Equity and Venture Capital,United Kingdom,,FALSE,1
Digital and Technologies,Ashridge Capital,51.809003,-0.570538,Private Equity and Venture Capital,United Kingdom,,FALSE,1
Digital and Technologies,Assembly Capital Partners,51.511381,-0.09021,Private Equity and Venture Capital,United Kingdom,,FALSE,1
Digital and Technologies,Aston University,52.489323,-1.883165,University,United Kingdom,,FALSE,1
Digital and Technologies,Atempo Growth,51.505461,-0.138716,Specialist Lender,United Kingdom,,TRUE,1
Digital and Technologies,Auriens,51.487991,-0.17031,Corporate,United Kingdom,,FALSE,1
Digital and Technologies,Avlar Bioventures,52.218764,0.038766,Private Equity and Venture Capital,United Kingdom,,FALSE,1
Digital and Technologies,Avonmore Developments Ltd,51.494857,-0.206714,Private Equity and Venture Capital,United Kingdom,,FALSE,1
Digital and Technologies,BMJ,52.492414,-1.91248,Corporate,United Kingdom,,FALSE,1
Digital and Technologies,Bailie Group,53.792856,-1.550716,Corporate,United Kingdom,,FALSE,1
Digital and Technologies,Baillie Gifford,55.955044,-3.186549,Asset Management,United Kingdom,,FALSE,1
Digital and Technologies,Bank of Scotland,55.789595,-4.277033,Bank,United Kingdom,,TRUE,1
Digital and Technologies,Beacon Capital,51.482765,-0.015964,Angel Network,United Kingdom,,FALSE,1
Digital and Technologies,Beech Tree Private Equity,53.33745,-2.257664,Private Equity and Venture Capital,United Kingdom,,FALSE,1
Digital and Technologies,Beechbrook Capital,51.519648,-0.158995,Specialist Lender,United Kingdom,,TRUE,1
Digital and Technologies,Berti Investments,51.516948,-0.144027,Charity/Not-for-profit company,United Kingdom,,FALSE,1
Digital and Technologies,Blackfinch Group,51.847131,-2.178098,Asset Management,United Kingdom,,FALSE,1
Digital and Technologies,Blossom Capital,51.52699,-0.086745,Private Equity and Venture Capital,United Kingdom,,FALSE,1
Digital and Technologies,Bridgepoint,51.540386,0.038327,Private Equity and Venture Capital,United Kingdom,,FALSE,1
Digital and Technologies,CBPE Capital,51.513659,-0.11597,Private Equity and Venture Capital,United Kingdom,,FALSE,1
Digital and Technologies,Cabot Square Capital,51.514962,-0.103637,Private Equity and Venture Capital,United Kingdom,,FALSE,1
Digital and Technologies,Cambridge Capital Group,52.234909,0.153433,Angel Network,United Kingdom,,FALSE,1
Digital and Technologies,Cambridge Consultants,52.232274,0.144592,Commercialisation Company,United Kingdom,,FALSE,1
Digital and Technologies,Candy Ventures,51.510363,-0.153561,Family Office,United Kingdom,,FALSE,1
Digital and Technologies,Capita PLC,51.515235,-0.091619,Corporate,United Kingdom,,FALSE,1
Digital and Technologies,Capital D,51.511448,-0.142536,Private Equity and Venture Capital,United Kingdom,,FALSE,1
Digital and Technologies,Caple,51.516385,-0.077792,Specialist Lender,United Kingdom,,FALSE,1
Digital and Technologies,Cardiff Council,51.462933,-3.198738,Local and Regional Government,United Kingdom,,FALSE,1
Digital and Technologies,Catapult Venture Managers,52.48025,-0.923134,Private Equity and Venture Capital,United Kingdom,,FALSE,1
Digital and Technologies,Cazenove Private Equity,51.517777,-0.092508,Private Equity and Venture Capital,United Kingdom,,FALSE,1
Digital and Technologies,Centrica Energy,51.485661,-0.639614,Corporate,United Kingdom,,FALSE,1
Digital and Technologies,Charlotte Street Capital,51.518954,-0.135513,Private Equity and Venture Capital,United Kingdom,,FALSE,1
Digital and Technologies,Chaucer Consulting,51.513159,-0.078476,Corporate,United Kingdom,,FALSE,1
Digital and Technologies,Circularity Capital,55.952353,-3.206485,Private Equity and Venture Capital,United Kingdom,,FALSE,1
Digital and Technologies,City & Guilds Group,51.518876,-0.103215,Corporate,United Kingdom,,FALSE,1
Digital and Technologies,Coller Capital,51.504483,-0.149087,Private Equity and Venture Capital,United Kingdom,,FALSE,1
Digital and Technologies,Comhar Capital,53.795904,-1.54865,Private Equity and Venture Capital,United Kingdom,,FALSE,1
Digital and Technologies,Committed Capital,51.508588,-0.142508,Private Equity and Venture Capital,United Kingdom,,FALSE,1
Digital and Technologies,Concentric Partners,51.508901,-0.144686,Private Equity and Venture Capital,United Kingdom,,FALSE,1
Digital and Technologies,Connectd,51.527304,-0.088894,Angel Network,United Kingdom,,FALSE,1
Digital and Technologies,Cow Corner,53.786096,-1.609661,Private Equity and Venture Capital,United Kingdom,,FALSE,1
Digital and Technologies,Cyber London (CyLon),51.494655,-0.214112,Accelerator,United Kingdom,,FALSE,1
Digital and Technologies,D4 Ventures,51.508588,-0.142508,Private Equity and Venture Capital,United Kingdom,,FALSE,1
Digital and Technologies,DKLM,51.53226,-0.095045,Corporate,United Kingdom,,FALSE,1
Digital and Technologies,DSW Ventures,53.345237,-2.639191,Angel Network,United Kingdom,,TRUE,1
Digital and Technologies,Dentons,51.46357,-2.118228,Corporate,United Kingdom,,FALSE,1
Digital and Technologies,Doxa Partners,51.513921,-0.143069,Private Equity and Venture Capital,United Kingdom,,FALSE,1
Digital and Technologies,ECI Partners,51.506554,-0.135054,Private Equity and Venture Capital,United Kingdom,,FALSE,1
Digital and Technologies,EKA Ventures,51.527304,-0.088894,Private Equity and Venture Capital,United Kingdom,,TRUE,1
Digital and Technologies,EPIC Investment Partners,51.519096,-0.107371,Asset Management,United Kingdom,,FALSE,1
Digital and Technologies,ESM Investments,55.866733,-4.277582,Angel Network,United Kingdom,,FALSE,1
Digital and Technologies,East Lodge Capital,51.506992,-0.142804,Private Equity and Venture Capital,United Kingdom,,FALSE,1
Digital and Technologies,EcoMachines Ventures,51.507905,-0.131757,Private Equity and Venture Capital,United Kingdom,,FALSE,1
Digital and Technologies,Eden Ventures,51.38115,-2.357863,Private Equity and Venture Capital,United Kingdom,,FALSE,1
Digital and Technologies,Elixirr,51.514523,-0.094834,Corporate,United Kingdom,,FALSE,1
Digital and Technologies,Elmwood,53.791424,-1.552538,Corporate,United Kingdom,,FALSE,1
Digital and Technologies,Elysian Capital,51.508154,-0.134989,Private Equity and Venture Capital,United Kingdom,,FALSE,1
Digital and Technologies,Emerge Education,51.525617,-0.083602,Private Equity and Venture Capital,United Kingdom,,FALSE,1
Digital and Technologies,Encore Capital,51.511448,-0.142536,Private Equity and Venture Capital,United Kingdom,,FALSE,1
Digital and Technologies,Enterprise Investment Partners,51.512986,-0.09265,Private Equity and Venture Capital,United Kingdom,,FALSE,1
Digital and Technologies,Entree Capital,51.522001,-0.143922,Private Equity and Venture Capital,United Kingdom,,FALSE,1
Digital and Technologies,Episode 1,51.516697,-0.129336,Private Equity and Venture Capital,United Kingdom,,FALSE,1
Digital and Technologies,Erna Low Consultants,50.880103,-1.23946,Corporate,United Kingdom,,FALSE,1
Digital and Technologies,Essex Innovation,51.515942,-0.120892,Local and Regional Government,United Kingdom,,FALSE,1
Digital and Technologies,Eurovestech,51.578136,-0.399445,Private Equity and Venture Capital,United Kingdom,,FALSE,1
Digital and Technologies,Exponential Ventures,51.517578,-0.136636,Private Equity and Venture Capital,United Kingdom,,FALSE,1
Digital and Technologies,Fieldfisher,52.369105,-1.799673,Corporate,United Kingdom,,FALSE,1
Digital and Technologies,Finance Yorkshire,53.381381,-1.48853,Private Equity and Venture Capital,United Kingdom,,FALSE,1
Digital and Technologies,Fortescue Zero,51.832829,-1.310172,Corporate,United Kingdom,,FALSE,1
Digital and Technologies,Fushia,50.862915,-0.962313,Private Equity and Venture Capital,United Kingdom,,FALSE,1
Digital and Technologies,G Squared,50.953901,-0.143123,Private Equity and Venture Capital,United Kingdom,,FALSE,1
Digital and Technologies,GC Angels,52.496447,-1.878182,Angel Network,United Kingdom,,FALSE,1
Digital and Technologies,GIA Surveyors,51.505484,-0.114823,Corporate,United Kingdom,,FALSE,1
Digital and Technologies,GameTech Ventures,51.497445,-0.22076,Private Equity and Venture Capital,United Kingdom,,FALSE,1
Digital and Technologies,Gorkana Group,51.524485,-0.091405,Corporate,United Kingdom,,FALSE,1
Digital and Technologies,Grafton Capital,51.513183,-0.148763,Private Equity and Venture Capital,United Kingdom,,FALSE,1
Digital and Technologies,Greater Manchester Combined Authority,53.475322,-2.242106,Local and Regional Government,United Kingdom,,FALSE,1
Digital and Technologies,Green Angel Ventures,51.463955,-0.220681,Angel Network,United Kingdom,,TRUE,1
Digital and Technologies,Growth Capital Ventures,54.600509,-1.568783,Private Equity and Venture Capital,United Kingdom,,FALSE,1
Digital and Technologies,Growth Partner,54.014985,-1.221823,Family Office,United Kingdom,,FALSE,1
Digital and Technologies,Growthdeck,51.515738,-0.090474,Crowd funding,United Kingdom,,FALSE,1
Digital and Technologies,Halma,51.667444,-0.615764,Corporate,United Kingdom,,FALSE,1
Digital and Technologies,Harrock Investments,53.606104,-2.745138,Private Equity and Venture Capital,United Kingdom,,FALSE,1
Digital and Technologies,Henley,51.536919,-0.904481,Asset Management,United Kingdom,,FALSE,1
Digital and Technologies,Highlands and Islands Enterprise,58.208102,-6.38326,Local and Regional Government,United Kingdom,,FALSE,1
Digital and Technologies,Honeycomb Investment Trust,51.515235,-0.091619,Asset Management,United Kingdom,,FALSE,1
Digital and Technologies,Hoplon Investment Partners,51.512404,-0.127451,Private Equity and Venture Capital,United Kingdom,,FALSE,1
Digital and Technologies,House of Fraser,51.514559,-0.145883,Corporate,United Kingdom,,FALSE,1
Digital and Technologies,IHS Markit,51.412564,-0.763061,Corporate,United Kingdom,,FALSE,1
Digital and Technologies,IRIS,52.913705,-4.173051,Corporate,United Kingdom,,FALSE,1
Digital and Technologies,ITV,54.604774,-5.920191,Corporate,United Kingdom,,FALSE,1
Digital and Technologies,IW Capital,51.514156,-0.143189,Private Equity and Venture Capital,United Kingdom,,FALSE,1
Digital and Technologies,InHealth Group,51.608264,-0.704416,Corporate,United Kingdom,,FALSE,1
Digital and Technologies,InMotion Ventures,51.52479,-0.089129,Corporate,United Kingdom,,FALSE,1
Digital and Technologies,InReach Ventures,51.523994,-0.080628,Private Equity and Venture Capital,United Kingdom,,FALSE,1
Digital and Technologies,Infracapital,51.518469,-0.14238,Corporate,United Kingdom,,FALSE,1
Digital and Technologies,Insurtech Gateway,51.496077,-0.13613,Private Equity and Venture Capital,United Kingdom,,FALSE,1
Digital and Technologies,International Airlines Group,51.537326,-0.487335,Corporate,United Kingdom,,FALSE,1
Digital and Technologies,International Biotechnology Trust,51.515648,-0.094903,Asset Management,United Kingdom,,FALSE,1
Digital and Technologies,Isomer Capital,51.525617,-0.083602,Private Equity and Venture Capital,United Kingdom,,TRUE,1
Digital and Technologies,J Coffey Construction,51.5597,-0.334726,Corporate,United Kingdom,,FALSE,1
Digital and Technologies,JRJ Group,51.511516,-0.146799,Private Equity and Venture Capital,United Kingdom,,FALSE,1
Digital and Technologies,Kennet Partners,51.508514,-0.133303,Private Equity and Venture Capital,United Kingdom,,FALSE,1
Digital and Technologies,Kingsway Capital Partners Limited,51.507986,-0.137417,Private Equity and Venture Capital,United Kingdom,,FALSE,1
Digital and Technologies,Kuvari Partners,51.511741,-0.146242,Asset Management,United Kingdom,,FALSE,1
Digital and Technologies,LSL Property Services,54.960721,-1.633981,Corporate,United Kingdom,,FALSE,1
Digital and Technologies,Latitude fund,51.499321,-0.157034,Private Equity and Venture Capital,United Kingdom,,FALSE,1
Digital and Technologies,Launchbay Capital,51.513681,-0.145558,Private Equity and Venture Capital,United Kingdom,,FALSE,1
Digital and Technologies,LeapFrog Investments,51.511664,-0.098211,Private Equity and Venture Capital,United Kingdom,,FALSE,1
Digital and Technologies,Lepe Partners,51.51164,-0.148422,Merchant Bank,United Kingdom,,FALSE,1
Digital and Technologies,Literacy Capital,51.506609,-0.130585,Private Investment Vehicle,United Kingdom,,FALSE,1
Digital and Technologies,London Venture Partners,51.518954,-0.135513,Private Equity and Venture Capital,United Kingdom,,FALSE,1
Digital and Technologies,Love Ventures,51.515235,-0.091619,Private Equity and Venture Capital,United Kingdom,,FALSE,1
Digital and Technologies,Lupton Fawcett LLP,53.798537,-1.54853,Corporate,United Kingdom,,FALSE,1
Digital and Technologies,M&G,56.133866,-3.966186,Asset Management,United Kingdom,UK pension funds,FALSE,1
Digital and Technologies,MML Capital Partners,51.51522,-0.104001,Private Equity and Venture Capital,United Kingdom,,TRUE,1
Digital and Technologies,Magenta Partners,51.507358,-0.142039,Private Equity and Venture Capital,United Kingdom,,FALSE,1
Digital and Technologies,Megger Group,51.115559,1.305629,Corporate,United Kingdom,,FALSE,1
Digital and Technologies,Meyer Bergman,51.508224,-0.139972,Private Equity and Venture Capital,United Kingdom,,FALSE,1
Digital and Technologies,Moneysupermarket.com,53.189105,-3.05239,Corporate,United Kingdom,,FALSE,1
Digital and Technologies,Montagu Private Equity,51.51453,-0.157774,Private Equity and Venture Capital,United Kingdom,,FALSE,1
Digital and Technologies,Montreux Capital Management,51.507218,-0.142881,Private Equity and Venture Capital,United Kingdom,,FALSE,1
Digital and Technologies,Mott Macdonald,52.482523,-1.899395,Corporate,United Kingdom,,FALSE,1
Digital and Technologies,Murray Capital,55.95109,-3.206974,Family Office,United Kingdom,,FALSE,1
Digital and Technologies,NEL Fund Managers,54.925643,-1.620569,Private Equity and Venture Capital,United Kingdom,,TRUE,1
Digital and Technologies,NFU Mutual,51.016243,-3.0662,Corporate,United Kingdom,,FALSE,1
Digital and Technologies,NM Capital,51.509799,-0.147445,Private Equity and Venture Capital,United Kingdom,,FALSE,1
Digital and Technologies,Nauta Capital,51.514178,-0.093552,Private Equity and Venture Capital,United Kingdom,,TRUE,1
Digital and Technologies,Neptune,51.419332,-0.198222,Private Equity and Venture Capital,United Kingdom,,FALSE,1
Digital and Technologies,Ninety One,51.521722,-0.071484,Private Equity and Venture Capital,United Kingdom,,FALSE,1
Digital and Technologies,No. 9,53.143691,0.338935,Private Equity and Venture Capital,United Kingdom,,FALSE,1
Digital and Technologies,NorthEdge Capital,52.482306,-1.897216,Private Equity and Venture Capital,United Kingdom,,FALSE,1
Digital and Technologies,NorthInvest,53.795472,-1.555729,Angel Network,United Kingdom,,FALSE,1
Digital and Technologies,Northern & Shell Ventures,51.509143,-0.084784,Corporate,United Kingdom,,FALSE,1
Digital and Technologies,Northstar Equity Investors,54.971327,-1.597505,Private Equity and Venture Capital,United Kingdom,,FALSE,1
Digital and Technologies,Nottinghamshire Council,53.072193,-1.251299,Local and Regional Government,United Kingdom,,FALSE,1
Digital and Technologies,Novuna,51.435186,-0.508667,Corporate,United Kingdom,,FALSE,1
Digital and Technologies,Nucleus Financial Platforms,51.514543,-0.086114,Private Equity and Venture Capital,United Kingdom,,FALSE,1
Digital and Technologies,Numis,51.517697,-0.085967,Asset Management,United Kingdom,,FALSE,1
Digital and Technologies,OakNorth,51.514297,-0.140143,Bank,United Kingdom,,FALSE,1
Digital and Technologies,Oberon Investments,51.514523,-0.094834,Asset Management,United Kingdom,,FALSE,1
Digital and Technologies,Oceanwood Capital Management,51.513001,-0.153166,Asset Management,United Kingdom,,FALSE,1
Digital and Technologies,Ombu Group,51.517395,-0.149515,Private Equity and Venture Capital,United Kingdom,,FALSE,1
Digital and Technologies,Omni Partners,51.518105,-0.151807,Private Equity and Venture Capital,United Kingdom,,FALSE,1
Digital and Technologies,One Peak Partners,51.514867,-0.13643,Private Equity and Venture Capital,United Kingdom,,FALSE,1
Digital and Technologies,Oxford Endowment Fund,51.752802,-1.291298,Asset Management,United Kingdom,,FALSE,1
Digital and Technologies,Partners Investment Company,51.513371,-0.092548,Private Equity and Venture Capital,United Kingdom,,FALSE,1
Digital and Technologies,Partnerships UK,52.922548,-1.478746,Government,United Kingdom,,FALSE,1
Digital and Technologies,Pearson,51.516766,-0.122948,Corporate,United Kingdom,,FALSE,1
Digital and Technologies,Pecten Capital,51.509799,-0.147445,Private Equity and Venture Capital,United Kingdom,,FALSE,1
Digital and Technologies,Pentland Group,55.900089,-3.263396,Corporate,United Kingdom,,FALSE,1
Digital and Technologies,Permira,51.508654,-0.133066,Private Equity and Venture Capital,United Kingdom,,FALSE,1
Digital and Technologies,Piper Private Equity,51.517191,-0.145141,Private Equity and Venture Capital,United Kingdom,,FALSE,1
Digital and Technologies,Piton Capital,51.522324,-0.136529,Private Equity and Venture Capital,United Kingdom,,FALSE,1
Digital and Technologies,Polar Capital,51.496998,-0.140357,Private Equity and Venture Capital,United Kingdom,,FALSE,1
Digital and Technologies,Potential,50.365951,-4.808728,Private Equity and Venture Capital,United Kingdom,,FALSE,1
Digital and Technologies,Prelude Trust plc,52.148526,0.194195,Private Equity and Venture Capital,United Kingdom,,FALSE,1
Digital and Technologies,Promethean Investments LLP,51.512423,-0.143303,Private Equity and Venture Capital,United Kingdom,,FALSE,1
Digital and Technologies,Proserv,57.208939,-2.219824,Corporate,United Kingdom,,FALSE,1
Digital and Technologies,QinetiQ plc,51.276054,-0.761524,Corporate,United Kingdom,,FALSE,1
Digital and Technologies,Reed Elsevier Ventures,51.508357,-0.108335,Corporate,United Kingdom,,FALSE,1
Digital and Technologies,Renaissance Capital Partners,51.240553,-0.614204,Private Equity and Venture Capital,United Kingdom,,FALSE,1
Digital and Technologies,Rockridge Investment Partners,51.507679,-0.133942,Private Equity and Venture Capital,United Kingdom,,FALSE,1
Digital and Technologies,Rockspring,52.369792,-2.705161,Family Office,United Kingdom,,FALSE,1
Digital and Technologies,Round Hill Ventures,51.493103,-0.146494,Private Equity and Venture Capital,United Kingdom,,FALSE,1
Digital and Technologies,SFC Capital,53.263837,-2.536688,Private Equity and Venture Capital,United Kingdom,,FALSE,1
Digital and Technologies,Saatchi & Saatchi,51.490733,-0.158777,Corporate,United Kingdom,,FALSE,1
Digital and Technologies,Sabre Insurance,51.301333,-0.323148,Corporate,United Kingdom,,FALSE,1
Digital and Technologies,Sage,51.510409,-0.070391,Corporate,United Kingdom,,FALSE,1
Digital and Technologies,Said Business School,51.753291,-1.268342,University,United Kingdom,,FALSE,1
Digital and Technologies,Sapphire Capital Partners,54.598827,-5.92441,Private Equity and Venture Capital,United Kingdom,,FALSE,1
Digital and Technologies,ScaleUp Capital,51.515985,-0.150235,Private Equity and Venture Capital,United Kingdom,,FALSE,1
Digital and Technologies,Secure Trust Commercial Finance,52.381977,-1.788743,Bank,United Kingdom,,FALSE,1
Digital and Technologies,Seneca Partners,53.479795,-2.639795,Private Equity and Venture Capital,United Kingdom,,FALSE,1
Digital and Technologies,Shackleton Ventures,51.516883,-0.112306,Private Equity and Venture Capital,United Kingdom,,FALSE,1
Digital and Technologies,Shard Capital,51.513014,-0.082258,Asset Management,United Kingdom,,FALSE,1
Digital and Technologies,Shearwater Healthcare Solutions,51.274656,1.088672,Corporate,United Kingdom,,FALSE,1
Digital and Technologies,Shell,51.504234,-0.115884,Corporate,United Kingdom,,FALSE,1
Digital and Technologies,SilverRock Financial Services,51.512314,-0.149519,Bank,United Kingdom,,FALSE,1
Digital and Technologies,SilverTree Equity,51.50231,-0.154406,Private Equity and Venture Capital,United Kingdom,,FALSE,1
Digital and Technologies,Sixth Element Capital,51.819628,-0.828111,Private Equity and Venture Capital,United Kingdom,,FALSE,1
Digital and Technologies,Sky,54.603919,-5.915391,Corporate,United Kingdom,,FALSE,1
Digital and Technologies,Social Investment Scotland (SIS),55.957314,-3.18878,Charity/Not-for-profit company,United Kingdom,,FALSE,1
Digital and Technologies,Soho Square Capital,51.516251,-0.126731,Private Equity and Venture Capital,United Kingdom,,FALSE,1
Digital and Technologies,Spire Ventures,51.518201,-0.147017,Private Equity and Venture Capital,United Kingdom,,FALSE,1
Digital and Technologies,Sprints Capital,51.508654,-0.133066,Private Equity and Venture Capital,United Kingdom,,FALSE,1
Digital and Technologies,Squarepoint Capital,51.519348,-0.089631,Private Equity and Venture Capital,United Kingdom,,FALSE,1
Digital and Technologies,Standard Chartered,51.517202,-0.089779,Bank,United Kingdom,,FALSE,1
Digital and Technologies,Sulis Seedcorn Fund,51.379324,-2.327157,Private Equity and Venture Capital,United Kingdom,,FALSE,1
Digital and Technologies,Synova,51.508279,-0.140013,Private Equity and Venture Capital,United Kingdom,,FALSE,1
Digital and Technologies,Systemiq,51.510289,-0.125044,Corporate,United Kingdom,,FALSE,1
Digital and Technologies,T J Morris (Investments) Ltd,53.464194,-2.895312,Private Equity and Venture Capital,United Kingdom,,FALSE,1
Digital and Technologies,TRICAPITAL Angels Limited,55.579124,-2.673431,Angel Network,United Kingdom,,FALSE,1
Digital and Technologies,TTP Ventures,52.088111,0.025697,Private Equity and Venture Capital,United Kingdom,,FALSE,1
Digital and Technologies,Techstart Ventures,54.584766,-5.934438,Private Equity and Venture Capital,United Kingdom,,FALSE,1
Digital and Technologies,TempoCap,51.510623,-0.124569,Private Equity and Venture Capital,United Kingdom,,FALSE,1
Digital and Technologies,Tenzing,51.874376,-0.4284,Private Equity and Venture Capital,United Kingdom,,FALSE,1
Digital and Technologies,Tern PLC,51.516416,-0.077488,Private Equity and Venture Capital,United Kingdom,,FALSE,1
Digital and Technologies,The Accelerator Group,51.512394,-0.157442,Accelerator,United Kingdom,,FALSE,1
Digital and Technologies,The Craftory,51.507666,-0.139361,Private Equity and Venture Capital,United Kingdom,,FALSE,1
Digital and Technologies,The Solent Growth Hub,50.698757,-1.301698,Local and Regional Government,United Kingdom,,FALSE,1
Digital and Technologies,Tifosy,51.517106,-0.094424,Crowd funding,United Kingdom,,FALSE,1
Digital and Technologies,Tracsis,51.56851,-0.133125,Corporate,United Kingdom,,FALSE,1
Digital and Technologies,True.,51.493103,-0.146494,Private Equity and Venture Capital,United Kingdom,,FALSE,1
Digital and Technologies,Turquoise International,51.526359,-0.080053,Merchant Bank,United Kingdom,,FALSE,1
Digital and Technologies,UCL Business,51.522324,-0.136529,Commercialisation Company,United Kingdom,,FALSE,1
Digital and Technologies,UFP Fintech,51.511448,-0.142536,Private Equity and Venture Capital,United Kingdom,,FALSE,1
Digital and Technologies,UKTV,51.51338,-0.22785,Corporate,United Kingdom,,FALSE,1
Digital and Technologies,Uberior Investments,55.950328,-3.193018,Private Equity and Venture Capital,United Kingdom,,FALSE,1
Digital and Technologies,Unbound,51.506478,-0.126339,Private Equity and Venture Capital,United Kingdom,,FALSE,1
Digital and Technologies,University of Strathclyde,55.864721,-4.243326,University,United Kingdom,,FALSE,1
Digital and Technologies,University of Ulster,55.148597,-6.682278,University,United Kingdom,,FALSE,1
Digital and Technologies,Warrington Borough Council,53.388301,-2.592532,Local and Regional Government,United Kingdom,,FALSE,1
Digital and Technologies,Warwick Capital Partners,51.508654,-0.133066,Private Equity and Venture Capital,United Kingdom,,FALSE,1
Digital and Technologies,West Midlands Enterprise,52.684925,-1.801533,Private Equity and Venture Capital,United Kingdom,,FALSE,1
Digital and Technologies,West Yorkshire Business and Skills,53.77576,-1.54099,Local and Regional Government,United Kingdom,,FALSE,1
Digital and Technologies,Wharton Asset Management,51.518829,-0.173326,Family Office,United Kingdom,,FALSE,1
Digital and Technologies,White Star Capital,51.51798,-0.138739,Private Equity and Venture Capital,United Kingdom,,FALSE,1
Digital and Technologies,Winton Ventures,51.515715,-0.10238,Corporate,United Kingdom,,FALSE,1
Digital and Technologies,Worldpay Group,51.512154,-0.090177,Corporate,United Kingdom,,FALSE,1
Digital and Technologies,Wren Capital LLP,51.553152,-0.19881,Private Equity and Venture Capital,United Kingdom,,FALSE,1
Digital and Technologies,Wyelands Capital,51.511741,-0.146242,Bank,United Kingdom,,FALSE,1
Digital and Technologies,XTX Markets,51.533481,-0.125043,Asset Management,United Kingdom,,FALSE,1
Digital and Technologies,Zinal Growth,51.507514,-0.136571,Private Equity and Venture Capital,United Kingdom,,FALSE,1
Digital and Technologies,Zoopla Property Group,51.50212,-0.070511,Corporate,United Kingdom,,FALSE,1
Education,British Business Bank,53.382174,-1.472389,Central Government,United Kingdom,,FALSE,6
Education,HSBC,51.507627,-0.09714,Bank,United Kingdom,,TRUE,6
Education,BGF (formerly Business Growth Fund),51.508771,-0.122916,Private Equity and Venture Capital,United Kingdom,,FALSE,5
Education,Maven Capital Partners UK LLP,55.862675,-4.256424,Private Equity and Venture Capital,United Kingdom,,FALSE,4
Education,Development Bank of Wales,51.483907,-3.191222,Devolved Government,United Kingdom,,FALSE,3
Education,Mercia Asset Management,52.358937,-1.779514,Asset Management / Private Equity,United Kingdom,,TRUE,3
Education,NatWest Group,53.480414,-2.253286,Bank,United Kingdom,,TRUE,3
Education,Virgin Money UK,55.863326,-4.26009,Bank,United Kingdom,,FALSE,3
Education,Ascension,51.490425,0.295556,Private Equity and Venture Capital,United Kingdom,,FALSE,2
Education,Balderton Capital,51.529874,-0.118818,Private Equity and Venture Capital,United Kingdom,,TRUE,2
Education,Barclays,51.504924,-0.014381,Bank,United Kingdom,,TRUE,2
Education,Crowdcube,51.523617,-0.083412,Crowd funding,United Kingdom,,FALSE,2
Education,Growth Lending Group,51.542808,-0.009977,Specialist Lender,United Kingdom,,FALSE,2
Education,IP Group,51.517285,-0.096031,Commercialisation Company,United Kingdom,,FALSE,2
Education,Index Ventures,51.511035,-0.137451,Private Equity and Venture Capital,United Kingdom,,FALSE,2
Education,Key Capital Partners,53.79721,-1.554253,Private Equity and Venture Capital,United Kingdom,,FALSE,2
Education,Northstar Ventures,54.971327,-1.597505,Private Equity and Venture Capital,United Kingdom,,FALSE,2
Education,Phoenix Court Group,51.531187,-0.12952,Private Equity and Venture Capital,United Kingdom,,FALSE,2
Education,Salica Investments,51.51621,-0.085208,Asset Management / Private Equity,United Kingdom,,TRUE,2
Education,Triple Point,53.374425,-1.46808,Asset Management,United Kingdom,,FALSE,2
Education,Vitruvian Partners,51.506739,-0.148953,Private Equity and Venture Capital,United Kingdom,,FALSE,2
Education,Wayra,51.522543,-0.135006,Accelerator,United Kingdom,,FALSE,2
Education,YFM Equity Partners,53.79721,-1.554253,Private Equity and Venture Capital,United Kingdom,,FALSE,2
Education,24Haymarket,51.509213,-0.13202,Angel Network,United Kingdom,,TRUE,1
Education,Albion Capital Group,51.520723,-0.103974,Private Equity and Venture Capital,United Kingdom,,FALSE,1
Education,Amadeus Capital Partners,52.209941,0.117535,Private Equity and Venture Capital,United Kingdom,,FALSE,1
Education,Angel Academe,50.833605,-0.272646,Angel Network,United Kingdom,,TRUE,1
Education,Angels Den,51.535716,-0.190083,Angel Network,United Kingdom,,FALSE,1
Education,Arthurian Life Sciences,51.463751,-3.16028,Private Equity and Venture Capital,United Kingdom,,FALSE,1
Education,Beacon Capital,51.482765,-0.015964,Angel Network,United Kingdom,,FALSE,1
Education,Cardiff Council,51.462933,-3.198738,Local and Regional Government,United Kingdom,,FALSE,1
Education,City & Guilds Group,51.518876,-0.103215,Corporate,United Kingdom,,FALSE,1
Education,ClearlySo,51.514178,-0.093552,Merchant Bank,United Kingdom,,FALSE,1
Education,Committed Capital,51.508588,-0.142508,Private Equity and Venture Capital,United Kingdom,,FALSE,1
Education,DMGT,51.501371,-0.191128,Corporate,United Kingdom,,FALSE,1
Education,Edge Investments Limited,51.51624,-0.152718,Private Equity and Venture Capital,United Kingdom,,FALSE,1
Education,Envestors,51.505696,-0.105073,Angel Network,United Kingdom,,FALSE,1
Education,Future Planet Capital,53.47944,-2.250206,Private Equity and Venture Capital,United Kingdom,,FALSE,1
Education,Graphite Capital,51.509879,-0.14456,Private Equity and Venture Capital,United Kingdom,,FALSE,1
Education,Guinness Ventures,51.495577,-0.126758,Private Equity and Venture Capital,United Kingdom,,FALSE,1
Education,Hoxton Ventures,51.516679,-0.127074,Private Equity and Venture Capital,United Kingdom,,TRUE,1
Education,IQ Capital Partners,52.213917,0.113932,Private Equity and Venture Capital,United Kingdom,,FALSE,1
Education,Invoke Capital Partners,51.511144,-0.15572,Private Equity and Venture Capital,United Kingdom,,FALSE,1
Education,Kin Group,51.511741,-0.146242,Private Investment Vehicle,United Kingdom,,FALSE,1
Education,Lloyds Banking Group,53.809305,-1.680548,Private Equity and Venture Capital,United Kingdom,,FALSE,1
Education,Lumar,51.607101,-0.24468,Corporate,United Kingdom,,FALSE,1
Education,Midven,52.45994,-2.100544,Private Equity and Venture Capital,United Kingdom,,FALSE,1
Education,Montagu Private Equity,51.51453,-0.157774,Private Equity and Venture Capital,United Kingdom,,FALSE,1
Education,NEL Fund Managers,54.925643,-1.620569,Private Equity and Venture Capital,United Kingdom,,TRUE,1
Education,NVM Private Equity,54.971016,-1.612535,Private Equity and Venture Capital,United Kingdom,,TRUE,1
Education,Nesta,51.511348,-0.107548,Charity/Not-for-profit company,United Kingdom,,FALSE,1
Education,Northstar Equity Investors,54.971327,-1.597505,Private Equity and Venture Capital,United Kingdom,,FALSE,1
Education,OakNorth,51.514297,-0.140143,Bank,United Kingdom,,FALSE,1
Education,Palatine Private Equity,53.477441,-2.243173,Private Equity and Venture Capital,United Kingdom,,FALSE,1
Education,Paragon Development Finance,52.416642,-1.798474,Property Lender,United Kingdom,,FALSE,1
Education,Phoenix Equity Partners,51.510762,-0.136698,Private Equity and Venture Capital,United Kingdom,,FALSE,1
Education,Prova,52.20235,-1.727042,Corporate,United Kingdom,,FALSE,1
Education,Redbus Ventures,51.51646,-0.155246,Private Equity and Venture Capital,United Kingdom,,FALSE,1
Education,Scottish Enterprise,55.945754,-3.221459,Devolved Government,United Kingdom,,FALSE,1
Education,Shawbrook Bank,51.513208,-0.079295,Bank,United Kingdom,,TRUE,1
Education,SilverTree Equity,51.50231,-0.154406,Private Equity and Venture Capital,United Kingdom,,FALSE,1
Education,Synova,51.508279,-0.140013,Private Equity and Venture Capital,United Kingdom,,FALSE,1
Education,Systemiq,51.510289,-0.125044,Corporate,United Kingdom,,FALSE,1
Education,Talis Capital,51.456483,-0.193075,Private Equity and Venture Capital,United Kingdom,,FALSE,1
Education,ThinCats,52.758356,-1.477058,Specialist Lender,United Kingdom,,TRUE,1
Education,University of Warwick Science Park,52.387015,-1.558093,University,United Kingdom,,FALSE,1
Education,WestBridge Capital,51.489014,-3.179718,Private Equity and Venture Capital,United Kingdom,,FALSE,1
Education,Wild Blue Cohort,51.52703,-0.128768,Angel Network,United Kingdom,,FALSE,1
Education,Yeo Valley,51.288147,-2.795747,Corporate,United Kingdom,,FALSE,1
Financial Services,British Business Bank,53.382174,-1.472389,Central Government,United Kingdom,,FALSE,36
Financial Services,Crowdcube,51.523617,-0.083412,Crowd funding,United Kingdom,,FALSE,13
Financial Services,HSBC,51.507627,-0.09714,Bank,United Kingdom,,TRUE,9
Financial Services,Phoenix Court Group,51.531187,-0.12952,Private Equity and Venture Capital,United Kingdom,,FALSE,9
Financial Services,Seedcamp,51.516858,-0.142287,Private Equity and Venture Capital,United Kingdom,,TRUE,9
Financial Services,Balderton Capital,51.529874,-0.118818,Private Equity and Venture Capital,United Kingdom,,TRUE,7
Financial Services,Barclays,51.504924,-0.014381,Bank,United Kingdom,,TRUE,7
Financial Services,Index Ventures,51.511035,-0.137451,Private Equity and Venture Capital,United Kingdom,,FALSE,6
Financial Services,Molten Ventures,51.510289,-0.125044,Private Equity and Venture Capital,United Kingdom,,FALSE,6
Financial Services,Octopus Group,51.512038,-0.097431,Asset Management / Private Equity,United Kingdom,,FALSE,6
Financial Services,ACF Investors,51.519926,-0.107495,Private Equity and Venture Capital,United Kingdom,,FALSE,5
Financial Services,BGF (formerly Business Growth Fund),51.508771,-0.122916,Private Equity and Venture Capital,United Kingdom,,FALSE,5
Financial Services,Lloyds Banking Group,53.809305,-1.680548,Private Equity and Venture Capital,United Kingdom,,FALSE,5
Financial Services,Scottish Enterprise,55.945754,-3.221459,Devolved Government,United Kingdom,,FALSE,5
Financial Services,Triple Point,53.374425,-1.46808,Asset Management,United Kingdom,,FALSE,5
Financial Services,Albion Capital Group,51.520723,-0.103974,Private Equity and Venture Capital,United Kingdom,,FALSE,4
Financial Services,Fidelity International,51.512687,-0.096929,Asset Management,United Kingdom,,FALSE,4
Financial Services,Highland Europe,51.511746,-0.138085,Private Equity and Venture Capital,United Kingdom,,FALSE,4
Financial Services,JamJar Investments,51.501972,-0.119003,Private Investment Vehicle,United Kingdom,,TRUE,4
Financial Services,Legal & General,51.476116,-3.177297,Corporate,United Kingdom,UK pension funds,FALSE,4
Financial Services,Notion Capital Partners LLP,51.524129,-0.106586,Private Equity and Venture Capital,United Kingdom,,FALSE,4
Financial Services,Oxford Capital Partners,51.752564,-1.265674,Private Equity and Venture Capital,United Kingdom,,FALSE,4
Financial Services,Passion Capital,51.521893,-0.109014,Private Equity and Venture Capital,United Kingdom,,TRUE,4
Financial Services,Salica Investments,51.51621,-0.085208,Asset Management / Private Equity,United Kingdom,,TRUE,4
Financial Services,Talis Capital,51.456483,-0.193075,Private Equity and Venture Capital,United Kingdom,,FALSE,4
Financial Services,Volution,51.45695,-0.941386,Private Equity and Venture Capital,United Kingdom,,FALSE,4
Financial Services,Anthemis Group,51.517578,-0.136636,Private Equity and Venture Capital,United Kingdom,,FALSE,3
Financial Services,Blenheim Chalcot,51.513948,-0.22261,Private Equity and Venture Capital,United Kingdom,,FALSE,3
Financial Services,Cambridge Angels,52.234909,0.153433,Angel Network,United Kingdom,,FALSE,3
Financial Services,Envestors,51.505696,-0.105073,Angel Network,United Kingdom,,FALSE,3
Financial Services,IQ Capital Partners,52.213917,0.113932,Private Equity and Venture Capital,United Kingdom,,FALSE,3
Financial Services,MMC Ventures,51.49454,-0.156088,Private Equity and Venture Capital,United Kingdom,,TRUE,3
Financial Services,Magenta Partners,51.507358,-0.142039,Private Equity and Venture Capital,United Kingdom,,FALSE,3
Financial Services,Maven Capital Partners UK LLP,55.862675,-4.256424,Private Equity and Venture Capital,United Kingdom,,FALSE,3
Financial Services,Mouro Capital,51.508514,-0.133303,Private Equity and Venture Capital,United Kingdom,,FALSE,3
Financial Services,Nationwide Building Society,51.57353,-0.423274,Bank,United Kingdom,,FALSE,3
Financial Services,Nesta,51.511348,-0.107548,Charity/Not-for-profit company,United Kingdom,,FALSE,3
Financial Services,Par Equity,55.948296,-3.21342,Private Equity and Venture Capital,United Kingdom,,FALSE,3
Financial Services,Praetura Group,53.47988,-2.250781,Private Equity and Venture Capital,United Kingdom,,FALSE,3
Financial Services,Souter Investments LLP,55.952005,-3.198867,Family Office,United Kingdom,,FALSE,3
Financial Services,Toscafund Asset Management,51.506992,-0.142804,Specialist Lender,United Kingdom,,FALSE,3
Financial Services,Virgin Money UK,55.863326,-4.26009,Bank,United Kingdom,,FALSE,3
Financial Services,YFM Equity Partners,53.79721,-1.554253,Private Equity and Venture Capital,United Kingdom,,FALSE,3
Financial Services,83North,51.512021,-0.136704,Private Equity and Venture Capital,United Kingdom,,FALSE,2
Financial Services,Angels Den,51.535716,-0.190083,Angel Network,United Kingdom,,FALSE,2
Financial Services,Ascension,51.490425,0.295556,Private Equity and Venture Capital,United Kingdom,,FALSE,2
Financial Services,Aviva,53.371149,-1.485676,Corporate,United Kingdom,UK pension funds,FALSE,2
Financial Services,Cabot Square Capital,51.514962,-0.103637,Private Equity and Venture Capital,United Kingdom,,FALSE,2
Financial Services,Calculus Capital,51.512328,-0.154981,Private Equity and Venture Capital,United Kingdom,,FALSE,2
Financial Services,Channel 4,53.796354,-1.548888,State-owned enterprise (SOE) / Corporate strategic investor,United Kingdom,,FALSE,2
Financial Services,Committed Capital,51.508588,-0.142508,Private Equity and Venture Capital,United Kingdom,,FALSE,2
Financial Services,Connect Ventures,51.517362,-0.125388,Private Equity and Venture Capital,United Kingdom,,FALSE,2
Financial Services,Dawn Capital,51.514539,-0.130476,Private Equity and Venture Capital,United Kingdom,,TRUE,2
Financial Services,Deepbridge Capital,53.161686,-2.900117,Private Equity and Venture Capital,United Kingdom,,FALSE,2
Financial Services,ETFS Capital,51.515967,-0.10851,Private Equity and Venture Capital,United Kingdom,,FALSE,2
Financial Services,Gresham House,53.798,-1.551588,Asset Management,United Kingdom,,FALSE,2
Financial Services,Growth Lending Group,51.542808,-0.009977,Specialist Lender,United Kingdom,,FALSE,2
Financial Services,Guinness Ventures,51.495577,-0.126758,Private Equity and Venture Capital,United Kingdom,,FALSE,2
Financial Services,Hedosophia,51.515723,-0.130846,Private Equity and Venture Capital,United Kingdom,,FALSE,2
Financial Services,Hg,51.49336,-0.110195,Private Equity and Venture Capital,United Kingdom,,FALSE,2
Financial Services,Inflexion Private Equity,51.517641,-0.148611,Private Equity and Venture Capital,United Kingdom,,FALSE,2
Financial Services,Invest NI,54.594305,-5.93216,Devolved Government,United Kingdom,,FALSE,2
Financial Services,Investec Bank,51.515643,-0.090132,Bank,United Kingdom,,FALSE,2
Financial Services,Kin Group,51.511741,-0.146242,Private Investment Vehicle,United Kingdom,,FALSE,2
Financial Services,Kindred Capital VC,51.516744,-0.151602,Private Equity and Venture Capital,United Kingdom,,FALSE,2
Financial Services,Mercia Asset Management,52.358937,-1.779514,Asset Management / Private Equity,United Kingdom,,TRUE,2
Financial Services,Mosaic Ventures,51.512314,-0.138134,Private Equity and Venture Capital,United Kingdom,,FALSE,2
Financial Services,NatWest Group,53.480414,-2.253286,Bank,United Kingdom,,TRUE,2
Financial Services,Northstar Ventures,54.971327,-1.597505,Private Equity and Venture Capital,United Kingdom,,FALSE,2
Financial Services,Numis,51.517697,-0.085967,Asset Management,United Kingdom,,FALSE,2
Financial Services,OakNorth,51.514297,-0.140143,Bank,United Kingdom,,FALSE,2
Financial Services,Outrun Ventures,51.525617,-0.083602,Private Equity and Venture Capital,United Kingdom,,FALSE,2
Financial Services,Oxford Endowment Fund,51.752802,-1.291298,Asset Management,United Kingdom,,FALSE,2
Financial Services,Phoenix Group,52.376283,-1.894168,Corporate,United Kingdom,UK pension funds,FALSE,2
Financial Services,Pollen Street Capital,51.512501,-0.119434,Private Equity and Venture Capital,United Kingdom,,FALSE,2
Financial Services,Quilam Capital,51.511741,-0.146242,Private Equity and Venture Capital,United Kingdom,,FALSE,2
Financial Services,Samos Investments,51.517518,-0.122196,Private Equity and Venture Capital,United Kingdom,,FALSE,2
Financial Services,ScaleUp Capital,51.515985,-0.150235,Private Equity and Venture Capital,United Kingdom,,FALSE,2
Financial Services,Shawbrook Bank,51.513208,-0.079295,Bank,United Kingdom,,TRUE,2
Financial Services,Tenzing,51.874376,-0.4284,Private Equity and Venture Capital,United Kingdom,,FALSE,2
Financial Services,ThinCats,52.758356,-1.477058,Specialist Lender,United Kingdom,,TRUE,2
Financial Services,Vitruvian Partners,51.506739,-0.148953,Private Equity and Venture Capital,United Kingdom,,FALSE,2
Financial Services,13books Capital,51.522751,-0.103659,Private Equity and Venture Capital,United Kingdom,,TRUE,1
Financial Services,24Haymarket,51.509213,-0.13202,Angel Network,United Kingdom,,TRUE,1
Financial Services,3i,51.502202,-0.153257,Private Equity and Venture Capital,United Kingdom,,FALSE,1
Financial Services,ARGO Investment Managers,51.511387,-0.143244,Asset Management,United Kingdom,,FALSE,1
Financial Services,AS Capital,51.525647,0.102024,Asset Management,United Kingdom,,FALSE,1
Financial Services,Advent Venture Partners,51.512314,-0.138134,Private Equity and Venture Capital,United Kingdom,,FALSE,1
Financial Services,All Seas Capital Partners,51.504963,-0.087625,Private Equity and Venture Capital,United Kingdom,,FALSE,1
Financial Services,Amadeus Capital Partners,52.209941,0.117535,Private Equity and Venture Capital,United Kingdom,,FALSE,1
Financial Services,Amber Infrastructure Group,51.50416,-0.079748,Asset Management / Private Equity,United Kingdom,,FALSE,1
Financial Services,Angels Nominees,53.333304,-2.645049,Private Investment Vehicle,United Kingdom,,FALSE,1
Financial Services,Apis Partners,51.500555,-0.164044,Private Equity and Venture Capital,United Kingdom,,FALSE,1
Financial Services,ArchOver,51.511371,-0.085714,Crowd funding,United Kingdom,,FALSE,1
Financial Services,Arini,51.508405,-0.153136,Asset Management,United Kingdom,,FALSE,1
Financial Services,Assembly Capital Partners,51.511381,-0.09021,Private Equity and Venture Capital,United Kingdom,,FALSE,1
Financial Services,Atempo Growth,51.505461,-0.138716,Specialist Lender,United Kingdom,,TRUE,1
Financial Services,Atomico,51.518334,-0.135567,Private Equity and Venture Capital,United Kingdom,,TRUE,1
Financial Services,Baillie Gifford,55.955044,-3.186549,Asset Management,United Kingdom,,FALSE,1
Financial Services,Beazley,52.482911,-1.900778,Corporate,United Kingdom,,FALSE,1
Financial Services,Beechbrook Capital,51.519648,-0.158995,Specialist Lender,United Kingdom,,TRUE,1
Financial Services,Blossom Capital,51.52699,-0.086745,Private Equity and Venture Capital,United Kingdom,,FALSE,1
Financial Services,Bridgepoint,51.540386,0.038327,Private Equity and Venture Capital,United Kingdom,,FALSE,1
Financial Services,Cambridge Capital Group,52.234909,0.153433,Angel Network,United Kingdom,,FALSE,1
Financial Services,Capita PLC,51.515235,-0.091619,Corporate,United Kingdom,,FALSE,1
Financial Services,Catapult Venture Managers,52.48025,-0.923134,Private Equity and Venture Capital,United Kingdom,,FALSE,1
Financial Services,Cazenove Private Equity,51.517777,-0.092508,Private Equity and Venture Capital,United Kingdom,,FALSE,1
Financial Services,Chaucer Consulting,51.513159,-0.078476,Corporate,United Kingdom,,FALSE,1
Financial Services,Clarendon Fund Managers,54.597775,-5.931195,Private Equity and Venture Capital,United Kingdom,,TRUE,1
Financial Services,Coller Capital,51.504483,-0.149087,Private Equity and Venture Capital,United Kingdom,,FALSE,1
Financial Services,Concentric Partners,51.508901,-0.144686,Private Equity and Venture Capital,United Kingdom,,FALSE,1
Financial Services,Crane Ventures,51.514867,-0.13643,Private Equity and Venture Capital,United Kingdom,,FALSE,1
Financial Services,Creative UK,53.473677,-2.301759,Accelerator,United Kingdom,,FALSE,1
Financial Services,DKLM,51.53226,-0.095045,Corporate,United Kingdom,,FALSE,1
Financial Services,DSW Ventures,53.345237,-2.639191,Angel Network,United Kingdom,,TRUE,1
Financial Services,Dentons,51.46357,-2.118228,Corporate,United Kingdom,,FALSE,1
Financial Services,Development Bank of Wales,51.483907,-3.191222,Devolved Government,United Kingdom,,FALSE,1
Financial Services,ECI Partners,51.506554,-0.135054,Private Equity and Venture Capital,United Kingdom,,FALSE,1
Financial Services,ESM Investments,55.866733,-4.277582,Angel Network,United Kingdom,,FALSE,1
Financial Services,Earlymarket,51.513706,-0.132932,Family Office,United Kingdom,,FALSE,1
Financial Services,East Lodge Capital,51.506992,-0.142804,Private Equity and Venture Capital,United Kingdom,,FALSE,1
Financial Services,Entree Capital,51.522001,-0.143922,Private Equity and Venture Capital,United Kingdom,,FALSE,1
Financial Services,Entrepreneurs First,51.529269,-0.088062,Accelerator,United Kingdom,,FALSE,1
Financial Services,Eos Venture,51.521036,-0.081185,Private Equity and Venture Capital,United Kingdom,,FALSE,1
Financial Services,Equity Gap,55.950643,-3.208593,Angel Network,United Kingdom,,FALSE,1
Financial Services,Exponential Ventures,51.517578,-0.136636,Private Equity and Venture Capital,United Kingdom,,FALSE,1
Financial Services,Fieldfisher,52.369105,-1.799673,Corporate,United Kingdom,,FALSE,1
Financial Services,Firstminute Capital,51.512087,-0.114406,Private Equity and Venture Capital,United Kingdom,,FALSE,1
Financial Services,Frontier Development Capital,52.482336,-1.900985,Private Equity and Venture Capital,United Kingdom,,TRUE,1
Financial Services,Future Planet Capital,53.47944,-2.250206,Private Equity and Venture Capital,United Kingdom,,FALSE,1
Financial Services,GC Angels,52.496447,-1.878182,Angel Network,United Kingdom,,FALSE,1
Financial Services,GP Bullhound,51.505461,-0.138716,Merchant Bank,United Kingdom,,FALSE,1
Financial Services,Grafton Capital,51.513183,-0.148763,Private Equity and Venture Capital,United Kingdom,,FALSE,1
Financial Services,Greenwood Way Capital,51.516112,-0.173839,Angel Network,United Kingdom,,FALSE,1
Financial Services,Growth Capital Partners,51.506892,-0.138787,Private Equity and Venture Capital,United Kingdom,,TRUE,1
Financial Services,Henderson Global Investors,51.520644,-0.079241,Asset Management,United Kingdom,,FALSE,1
Financial Services,Honeycomb Investment Trust,51.515235,-0.091619,Asset Management,United Kingdom,,FALSE,1
Financial Services,House of Fraser,51.514559,-0.145883,Corporate,United Kingdom,,FALSE,1
Financial Services,Hoxton Ventures,51.516679,-0.127074,Private Equity and Venture Capital,United Kingdom,,TRUE,1
Financial Services,IHS Markit,51.412564,-0.763061,Corporate,United Kingdom,,FALSE,1
Financial Services,IP Group,51.517285,-0.096031,Commercialisation Company,United Kingdom,,FALSE,1
Financial Services,IRIS,52.913705,-4.173051,Corporate,United Kingdom,,FALSE,1
Financial Services,ITV,54.604774,-5.920191,Corporate,United Kingdom,,FALSE,1
Financial Services,InMotion Ventures,51.52479,-0.089129,Corporate,United Kingdom,,FALSE,1
Financial Services,InReach Ventures,51.523994,-0.080628,Private Equity and Venture Capital,United Kingdom,,FALSE,1
Financial Services,Insurtech Gateway,51.496077,-0.13613,Private Equity and Venture Capital,United Kingdom,,FALSE,1
Financial Services,International Airlines Group,51.537326,-0.487335,Corporate,United Kingdom,,FALSE,1
Financial Services,Invoke Capital Partners,51.511144,-0.15572,Private Equity and Venture Capital,United Kingdom,,FALSE,1
Financial Services,JRJ Group,51.511516,-0.146799,Private Equity and Venture Capital,United Kingdom,,FALSE,1
Financial Services,Kartesia,51.51312,-0.142497,Asset Management,United Kingdom,,FALSE,1
Financial Services,Kennet Partners,51.508514,-0.133303,Private Equity and Venture Capital,United Kingdom,,FALSE,1
Financial Services,Kingsway Capital Partners Limited,51.507986,-0.137417,Private Equity and Venture Capital,United Kingdom,,FALSE,1
Financial Services,Latitude Investment Management,51.499321,-0.157034,Asset Management,United Kingdom,,FALSE,1
Financial Services,Latitude fund,51.499321,-0.157034,Private Equity and Venture Capital,United Kingdom,,FALSE,1
Financial Services,Launchbay Capital,51.513681,-0.145558,Private Equity and Venture Capital,United Kingdom,,FALSE,1
Financial Services,LeapFrog Investments,51.511664,-0.098211,Private Equity and Venture Capital,United Kingdom,,FALSE,1
Financial Services,Metric Capital Partners,51.506739,-0.148953,Private Equity and Venture Capital,United Kingdom,,FALSE,1
Financial Services,Mobeus,51.506229,-0.146279,Private Equity and Venture Capital,United Kingdom,,TRUE,1
Financial Services,Moneysupermarket.com,53.189105,-3.05239,Corporate,United Kingdom,,FALSE,1
Financial Services,Montagu Private Equity,51.51453,-0.157774,Private Equity and Venture Capital,United Kingdom,,FALSE,1
Financial Services,Montreux Capital Management,51.507218,-0.142881,Private Equity and Venture Capital,United Kingdom,,FALSE,1
Financial Services,Murray Capital,55.95109,-3.206974,Family Office,United Kingdom,,FALSE,1
Financial Services,NEL Fund Managers,54.925643,-1.620569,Private Equity and Venture Capital,United Kingdom,,TRUE,1
Financial Services,New Wave Ventures,51.519926,-0.107495,Private Equity and Venture Capital,United Kingdom,,FALSE,1
Financial Services,Ninety One,51.521722,-0.071484,Private Equity and Venture Capital,United Kingdom,,FALSE,1
Financial Services,No. 9,53.143691,0.338935,Private Equity and Venture Capital,United Kingdom,,FALSE,1
Financial Services,NorthInvest,53.795472,-1.555729,Angel Network,United Kingdom,,FALSE,1
Financial Services,Nucleus Financial Platforms,51.514543,-0.086114,Private Equity and Venture Capital,United Kingdom,,FALSE,1
Financial Services,Oceanwood Capital Management,51.513001,-0.153166,Asset Management,United Kingdom,,FALSE,1
Financial Services,Omni Partners,51.518105,-0.151807,Private Equity and Venture Capital,United Kingdom,,FALSE,1
Financial Services,Oxford Innovation Finance,51.731891,-1.204714,Angel Network,United Kingdom,,FALSE,1
Financial Services,Oxx,51.512597,-0.13671,Private Equity and Venture Capital,United Kingdom,,TRUE,1
Financial Services,Palatine Private Equity,53.477441,-2.243173,Private Equity and Venture Capital,United Kingdom,,FALSE,1
Financial Services,Penta Capital,55.86225,-4.260938,Private Equity and Venture Capital,United Kingdom,,FALSE,1
Financial Services,Perscitus Advisers,51.497689,-0.165369,Private Equity and Venture Capital,United Kingdom,,FALSE,1
Financial Services,Pi Labs,51.520888,-0.072197,Accelerator,United Kingdom,,FALSE,1
Financial Services,Piper Private Equity,51.517191,-0.145141,Private Equity and Venture Capital,United Kingdom,,FALSE,1
Financial Services,Polar Capital,51.496998,-0.140357,Private Equity and Venture Capital,United Kingdom,,FALSE,1
Financial Services,Promethean Investments LLP,51.512423,-0.143303,Private Equity and Venture Capital,United Kingdom,,FALSE,1
Financial Services,Puma Investment Management,51.508957,-0.143098,Asset Management,United Kingdom,,FALSE,1
Financial Services,Quester Venture Partnership,51.512038,-0.097431,Private Equity and Venture Capital,United Kingdom,,FALSE,1
Financial Services,Renaissance Capital Partners,51.240553,-0.614204,Private Equity and Venture Capital,United Kingdom,,FALSE,1
Financial Services,SFC Capital,53.263837,-2.536688,Private Equity and Venture Capital,United Kingdom,,FALSE,1
Financial Services,Sabre Insurance,51.301333,-0.323148,Corporate,United Kingdom,,FALSE,1
Financial Services,Sage,51.510409,-0.070391,Corporate,United Kingdom,,FALSE,1
Financial Services,Said Business School,51.753291,-1.268342,University,United Kingdom,,FALSE,1
Financial Services,Schroders,51.248506,-0.158924,Asset Management,United Kingdom,,FALSE,1
Financial Services,Scottish EDGE,56.416609,-3.482055,Charity/Not-for-profit company,United Kingdom,,FALSE,1
Financial Services,Scottish Equity Partners,55.862643,-4.257174,Private Equity and Venture Capital,United Kingdom,,TRUE,1
Financial Services,SilverRock Financial Services,51.512314,-0.149519,Bank,United Kingdom,,FALSE,1
Financial Services,SilverTree Equity,51.50231,-0.154406,Private Equity and Venture Capital,United Kingdom,,FALSE,1
Financial Services,Sprints Capital,51.508654,-0.133066,Private Equity and Venture Capital,United Kingdom,,FALSE,1
Financial Services,Standard Life Aberdeen,55.954851,-3.19359,Asset Management,United Kingdom,UK pension funds,FALSE,1
Financial Services,Stride.VC,51.522751,-0.103659,Private Equity and Venture Capital,United Kingdom,,FALSE,1
Financial Services,Sussex Place Ventures,51.526583,-0.161353,Private Equity and Venture Capital,United Kingdom,,TRUE,1
Financial Services,SyndicateRoom,52.234909,0.153433,Crowd funding,United Kingdom,,TRUE,1
Financial Services,TempoCap,51.510623,-0.124569,Private Equity and Venture Capital,United Kingdom,,FALSE,1
Financial Services,Tifosy,51.517106,-0.094424,Crowd funding,United Kingdom,,FALSE,1
Financial Services,UFP Fintech,51.511448,-0.142536,Private Equity and Venture Capital,United Kingdom,,FALSE,1
Financial Services,Unilever,53.830245,-1.456816,Corporate,United Kingdom,,FALSE,1
Financial Services,University of Edinburgh,55.943737,-3.184186,University,United Kingdom,,FALSE,1
Financial Services,University of Ulster,55.148597,-6.682278,University,United Kingdom,,FALSE,1
Financial Services,University of Warwick Science Park,52.387015,-1.558093,University,United Kingdom,,FALSE,1
Financial Services,Venrex Investment Management,51.494596,-0.156216,Private Equity and Venture Capital,United Kingdom,,FALSE,1
Financial Services,VentureFounders,51.514178,-0.093552,Private Equity and Venture Capital,United Kingdom,,FALSE,1
Financial Services,Warrington Borough Council,53.388301,-2.592532,Local and Regional Government,United Kingdom,,FALSE,1
Financial Services,Warwick Capital Partners,51.508654,-0.133066,Private Equity and Venture Capital,United Kingdom,,FALSE,1
Financial Services,Wayra,51.522543,-0.135006,Accelerator,United Kingdom,,FALSE,1
Financial Services,Wealth Club,51.461031,-0.304332,Angel Network,United Kingdom,,FALSE,1
Financial Services,West Midlands Enterprise,52.684925,-1.801533,Private Equity and Venture Capital,United Kingdom,,FALSE,1
Financial Services,Wharton Asset Management,51.518829,-0.173326,Family Office,United Kingdom,,FALSE,1
Financial Services,Winton Capital Management,51.515715,-0.10238,Asset Management,United Kingdom,,FALSE,1
Financial Services,World Gold Council,51.514778,-0.102246,Corporate,United Kingdom,,FALSE,1
Financial Services,Worldpay Group,51.512154,-0.090177,Corporate,United Kingdom,,FALSE,1
Financial Services,Wyelands Capital,51.511741,-0.146242,Bank,United Kingdom,,FALSE,1
Financial Services,XTX Markets,51.533481,-0.125043,Asset Management,United Kingdom,,FALSE,1
Financial Services,Zoopla Property Group,51.50212,-0.070511,Corporate,United Kingdom,,FALSE,1
Financial Services,aberdeen,51.519875,-0.07838,Asset Management,United Kingdom,,FALSE,1
Life Sciences,IP Group,51.517285,-0.096031,Commercialisation Company,United Kingdom,,FALSE,19
Life Sciences,British Business Bank,53.382174,-1.472389,Central Government,United Kingdom,,FALSE,13
Life Sciences,HSBC,51.507627,-0.09714,Bank,United Kingdom,,TRUE,9
Life Sciences,Oxford Science Enterprises,51.755299,-1.257415,Commercialisation Company,United Kingdom,,FALSE,7
Life Sciences,Amadeus Capital Partners,52.209941,0.117535,Private Equity and Venture Capital,United Kingdom,,FALSE,6
Life Sciences,Future Planet Capital,53.47944,-2.250206,Private Equity and Venture Capital,United Kingdom,,FALSE,5
Life Sciences,University of Oxford,51.751927,-1.215879,University,United Kingdom,,FALSE,5
Life Sciences,BGF (formerly Business Growth Fund),51.508771,-0.122916,Private Equity and Venture Capital,United Kingdom,,FALSE,4
Life Sciences,Molten Ventures,51.510289,-0.125044,Private Equity and Venture Capital,United Kingdom,,FALSE,4
Life Sciences,Octopus Group,51.512038,-0.097431,Asset Management / Private Equity,United Kingdom,,FALSE,4
Life Sciences,Albion Capital Group,51.520723,-0.103974,Private Equity and Venture Capital,United Kingdom,,FALSE,3
Life Sciences,Cambridge Innovation Capital,52.248533,0.081223,Private Equity and Venture Capital,United Kingdom,,TRUE,3
Life Sciences,Development Bank of Wales,51.483907,-3.191222,Devolved Government,United Kingdom,,FALSE,3
Life Sciences,Downing,51.503541,-0.12767,Private Equity and Venture Capital,United Kingdom,,FALSE,3
Life Sciences,Lansdowne Partners,51.506992,-0.142804,Asset Management,United Kingdom,,FALSE,3
Life Sciences,Lightrock,51.507905,-0.131757,Private Equity and Venture Capital,United Kingdom,,FALSE,3
Life Sciences,Mercia Asset Management,52.358937,-1.779514,Asset Management / Private Equity,United Kingdom,,TRUE,3
Life Sciences,Woodford Investment Management,51.731891,-1.204714,Private Equity and Venture Capital,United Kingdom,,FALSE,3
Life Sciences,Acceleris,51.505396,-0.016249,Private Equity and Venture Capital,United Kingdom,,FALSE,2
Life Sciences,AstraZeneca,52.190486,0.134298,Corporate,United Kingdom,,FALSE,2
Life Sciences,Barclays,51.504924,-0.014381,Bank,United Kingdom,,TRUE,2
Life Sciences,Cambridge Angels,52.234909,0.153433,Angel Network,United Kingdom,,FALSE,2
Life Sciences,Cambridge Enterprise,52.248533,0.081223,Commercialisation Company,United Kingdom,,FALSE,2
Life Sciences,Catapult Venture Managers,52.48025,-0.923134,Private Equity and Venture Capital,United Kingdom,,FALSE,2
Life Sciences,Chimera Partners,51.509799,-0.147445,Merchant Bank,United Kingdom,,FALSE,2
Life Sciences,Gresham House,53.798,-1.551588,Asset Management,United Kingdom,,FALSE,2
Life Sciences,IQ Capital Partners,52.213917,0.113932,Private Equity and Venture Capital,United Kingdom,,FALSE,2
Life Sciences,Janus Henderson Investors,51.520644,-0.079241,Private Equity and Venture Capital,United Kingdom,,FALSE,2
Life Sciences,Kindred Capital VC,51.516744,-0.151602,Private Equity and Venture Capital,United Kingdom,,FALSE,2
Life Sciences,Legal & General,51.476116,-3.177297,Corporate,United Kingdom,UK pension funds,FALSE,2
Life Sciences,Maven Capital Partners UK LLP,55.862675,-4.256424,Private Equity and Venture Capital,United Kingdom,,FALSE,2
Life Sciences,NEL Fund Managers,54.925643,-1.620569,Private Equity and Venture Capital,United Kingdom,,TRUE,2
Life Sciences,Oxford Innovation Finance,51.731891,-1.204714,Angel Network,United Kingdom,,FALSE,2
Life Sciences,Phoenix Equity Partners,51.510762,-0.136698,Private Equity and Venture Capital,United Kingdom,,FALSE,2
Life Sciences,SV Health Investors,51.508553,-0.123357,Private Equity and Venture Capital,United Kingdom,,TRUE,2
Life Sciences,Scottish Enterprise,55.945754,-3.221459,Devolved Government,United Kingdom,,FALSE,2
Life Sciences,Syncona Partners,51.525898,-0.133918,Private Equity and Venture Capital,United Kingdom,,FALSE,2
Life Sciences,Thompson Taraz,52.208207,0.11994,Asset Management,United Kingdom,,FALSE,2
Life Sciences,UCL Business,51.522324,-0.136529,Commercialisation Company,United Kingdom,,FALSE,2
Life Sciences,o2h Ventures,52.110935,0.172048,Private Equity and Venture Capital,United Kingdom,,FALSE,2
Life Sciences,ACF Investors,51.519926,-0.107495,Private Equity and Venture Capital,United Kingdom,,FALSE,1
Life Sciences,Accelerated Digital Ventures,51.517202,-0.089779,Private Equity and Venture Capital,United Kingdom,,TRUE,1
Life Sciences,Advent Life Sciences LLP,51.522707,-0.140838,Private Equity and Venture Capital,United Kingdom,,FALSE,1
Life Sciences,Air Street Capital,51.548215,-0.198197,Private Equity and Venture Capital,United Kingdom,,FALSE,1
Life Sciences,Aitua Limited,52.132521,0.205697,Corporate,United Kingdom,,FALSE,1
Life Sciences,Allied Irish Bank / AIB Group,51.515551,-0.079571,Family Office,United Kingdom,,FALSE,1
Life Sciences,Ananke Ventures,51.569124,-0.195336,Private Equity and Venture Capital,United Kingdom,,FALSE,1
Life Sciences,Arix Bioscience,51.499982,-0.13345,Private Equity and Venture Capital,United Kingdom,,FALSE,1
Life Sciences,Arthurian Life Sciences,51.463751,-3.16028,Private Equity and Venture Capital,United Kingdom,,FALSE,1
Life Sciences,Ascension,51.490425,0.295556,Private Equity and Venture Capital,United Kingdom,,FALSE,1
Life Sciences,Atomico,51.518334,-0.135567,Private Equity and Venture Capital,United Kingdom,,TRUE,1
Life Sciences,Avlar Bioventures,52.218764,0.038766,Private Equity and Venture Capital,United Kingdom,,FALSE,1
Life Sciences,BP,51.507733,-0.134545,Corporate,United Kingdom,,FALSE,1
Life Sciences,Backed VC,51.527736,-0.077386,Private Equity and Venture Capital,United Kingdom,,FALSE,1
Life Sciences,Calculus Capital,51.512328,-0.154981,Private Equity and Venture Capital,United Kingdom,,FALSE,1
Life Sciences,Cambridge Consultants,52.232274,0.144592,Commercialisation Company,United Kingdom,,FALSE,1
Life Sciences,Cardiff Council,51.462933,-3.198738,Local and Regional Government,United Kingdom,,FALSE,1
Life Sciences,Clarendon Fund Managers,54.597775,-5.931195,Private Equity and Venture Capital,United Kingdom,,TRUE,1
Life Sciences,Deepbridge Capital,53.161686,-2.900117,Private Equity and Venture Capital,United Kingdom,,FALSE,1
Life Sciences,Delin Capital,51.51682,-0.122398,Asset Management / Private Equity,United Kingdom,,FALSE,1
Life Sciences,Drax,53.730605,-0.994677,Corporate,United Kingdom,,FALSE,1
Life Sciences,EMV Capital PLC,51.507905,-0.131757,Private Equity and Venture Capital,United Kingdom,,FALSE,1
Life Sciences,EPIC Investment Partners,51.519096,-0.107371,Asset Management,United Kingdom,,FALSE,1
Life Sciences,Edge Investments Limited,51.51624,-0.152718,Private Equity and Venture Capital,United Kingdom,,FALSE,1
Life Sciences,Entrepreneurs First,51.529269,-0.088062,Accelerator,United Kingdom,,FALSE,1
Life Sciences,Envestors,51.505696,-0.105073,Angel Network,United Kingdom,,FALSE,1
Life Sciences,Equity Gap,55.950643,-3.208593,Angel Network,United Kingdom,,FALSE,1
Life Sciences,Finance Yorkshire,53.381381,-1.48853,Private Equity and Venture Capital,United Kingdom,,FALSE,1
Life Sciences,Firstminute Capital,51.512087,-0.114406,Private Equity and Venture Capital,United Kingdom,,FALSE,1
Life Sciences,Frontier Development Capital,52.482336,-1.900985,Private Equity and Venture Capital,United Kingdom,,TRUE,1
Life Sciences,Fushia,50.862915,-0.962313,Private Equity and Venture Capital,United Kingdom,,FALSE,1
Life Sciences,GP Bullhound,51.505461,-0.138716,Merchant Bank,United Kingdom,,FALSE,1
Life Sciences,Growthdeck,51.515738,-0.090474,Crowd funding,United Kingdom,,FALSE,1
Life Sciences,Guinness Ventures,51.495577,-0.126758,Private Equity and Venture Capital,United Kingdom,,FALSE,1
Life Sciences,Innovate UK (IUK),51.566729,-1.784744,Central Government,United Kingdom,,FALSE,1
Life Sciences,International Biotechnology Trust,51.515648,-0.094903,Asset Management,United Kingdom,,FALSE,1
Life Sciences,Isomer Capital,51.525617,-0.083602,Private Equity and Venture Capital,United Kingdom,,TRUE,1
Life Sciences,K Nominees,51.511381,-0.09021,Private Investment Vehicle,United Kingdom,,FALSE,1
Life Sciences,Kin Group,51.511741,-0.146242,Private Investment Vehicle,United Kingdom,,FALSE,1
Life Sciences,Lloyds Banking Group,53.809305,-1.680548,Private Equity and Venture Capital,United Kingdom,,FALSE,1
Life Sciences,Longbow,51.415827,-0.186682,Private Equity and Venture Capital,United Kingdom,,FALSE,1
Life Sciences,Longwall Venture Partners,51.817775,-1.306658,Private Equity and Venture Capital,United Kingdom,,FALSE,1
Life Sciences,NVM Private Equity,54.971016,-1.612535,Private Equity and Venture Capital,United Kingdom,,TRUE,1
Life Sciences,NatWest Group,53.480414,-2.253286,Bank,United Kingdom,,TRUE,1
Life Sciences,Neptune,51.419332,-0.198222,Private Equity and Venture Capital,United Kingdom,,FALSE,1
Life Sciences,New Wave Ventures,51.519926,-0.107495,Private Equity and Venture Capital,United Kingdom,,FALSE,1
Life Sciences,Northern Gritstone,53.477441,-2.243173,Private Equity and Venture Capital,United Kingdom,,TRUE,1
Life Sciences,Northstar Ventures,54.971327,-1.597505,Private Equity and Venture Capital,United Kingdom,,FALSE,1
Life Sciences,Oberon Investments,51.514523,-0.094834,Asset Management,United Kingdom,,FALSE,1
Life Sciences,Outsized Ventures,51.525617,-0.083602,Private Equity and Venture Capital,United Kingdom,,FALSE,1
Life Sciences,Oxford Capital Partners,51.752564,-1.265674,Private Equity and Venture Capital,United Kingdom,,FALSE,1
Life Sciences,Oxford Endowment Fund,51.752802,-1.291298,Asset Management,United Kingdom,,FALSE,1
Life Sciences,Partners Investment Company,51.513371,-0.092548,Private Equity and Venture Capital,United Kingdom,,FALSE,1
Life Sciences,Partnerships UK,52.922548,-1.478746,Government,United Kingdom,,FALSE,1
Life Sciences,Penta Capital,55.86225,-4.260938,Private Equity and Venture Capital,United Kingdom,,FALSE,1
Life Sciences,Perscitus Advisers,51.497689,-0.165369,Private Equity and Venture Capital,United Kingdom,,FALSE,1
Life Sciences,Phoenix Court Group,51.531187,-0.12952,Private Equity and Venture Capital,United Kingdom,,FALSE,1
Life Sciences,Praetura Group,53.47988,-2.250781,Private Equity and Venture Capital,United Kingdom,,FALSE,1
Life Sciences,Railpen,51.512305,-0.07524,Asset Management,United Kingdom,,FALSE,1
Life Sciences,Renaissance Capital Partners,51.240553,-0.614204,Private Equity and Venture Capital,United Kingdom,,FALSE,1
Life Sciences,Rivers Capital Partners,54.966381,-1.62156,Private Equity and Venture Capital,United Kingdom,,FALSE,1
Life Sciences,Schroders,51.248506,-0.158924,Asset Management,United Kingdom,,FALSE,1
Life Sciences,Scottish EDGE,56.416609,-3.482055,Charity/Not-for-profit company,United Kingdom,,FALSE,1
Life Sciences,Scottish Equity Partners,55.862643,-4.257174,Private Equity and Venture Capital,United Kingdom,,TRUE,1
Life Sciences,Seedcamp,51.516858,-0.142287,Private Equity and Venture Capital,United Kingdom,,TRUE,1
Life Sciences,Shearwater Healthcare Solutions,51.274656,1.088672,Corporate,United Kingdom,,FALSE,1
Life Sciences,Sixth Element Capital,51.819628,-0.828111,Private Equity and Venture Capital,United Kingdom,,FALSE,1
Life Sciences,Smedvig Capital,51.506545,-0.140141,Family Office,United Kingdom,,FALSE,1
Life Sciences,Social Investment Scotland (SIS),55.957314,-3.18878,Charity/Not-for-profit company,United Kingdom,,FALSE,1
Life Sciences,Sussex Place Ventures,51.526583,-0.161353,Private Equity and Venture Capital,United Kingdom,,TRUE,1
Life Sciences,SyndicateRoom,52.234909,0.153433,Crowd funding,United Kingdom,,TRUE,1
Life Sciences,Tern PLC,51.516416,-0.077488,Private Equity and Venture Capital,United Kingdom,,FALSE,1
Life Sciences,The Bill & Melinda Gates Foundation,51.516081,-0.112209,Charity/Not-for-profit company,United Kingdom,,FALSE,1
Life Sciences,Toscafund Asset Management,51.506992,-0.142804,Specialist Lender,United Kingdom,,FALSE,1
Life Sciences,Unilever,53.830245,-1.456816,Corporate,United Kingdom,,FALSE,1
Life Sciences,University of Edinburgh,55.943737,-3.184186,University,United Kingdom,,FALSE,1
Life Sciences,University of Newcastle,54.980327,-1.615727,University,United Kingdom,,FALSE,1
Life Sciences,West Midlands Enterprise,52.684925,-1.801533,Private Equity and Venture Capital,United Kingdom,,FALSE,1
Life Sciences,Wharton Asset Management,51.518829,-0.173326,Family Office,United Kingdom,,FALSE,1
Life Sciences,Zinal Growth,51.507514,-0.136571,Private Equity and Venture Capital,United Kingdom,,FALSE,1
Professional and Business Service,British Business Bank,53.382174,-1.472389,Central Government,United Kingdom,,FALSE,77
Professional and Business Service,BGF (formerly Business Growth Fund),51.508771,-0.122916,Private Equity and Venture Capital,United Kingdom,,FALSE,44
Professional and Business Service,HSBC,51.507627,-0.09714,Bank,United Kingdom,,TRUE,36
Professional and Business Service,IP Group,51.517285,-0.096031,Commercialisation Company,United Kingdom,,FALSE,32
Professional and Business Service,NatWest Group,53.480414,-2.253286,Bank,United Kingdom,,TRUE,24
Professional and Business Service,Lloyds Banking Group,53.809305,-1.680548,Private Equity and Venture Capital,United Kingdom,,FALSE,20
Professional and Business Service,Maven Capital Partners UK LLP,55.862675,-4.256424,Private Equity and Venture Capital,United Kingdom,,FALSE,18
Professional and Business Service,Mercia Asset Management,52.358937,-1.779514,Asset Management / Private Equity,United Kingdom,,TRUE,18
Professional and Business Service,Octopus Group,51.512038,-0.097431,Asset Management / Private Equity,United Kingdom,,FALSE,18
Professional and Business Service,Barclays,51.504924,-0.014381,Bank,United Kingdom,,TRUE,16
Professional and Business Service,Virgin Money UK,55.863326,-4.26009,Bank,United Kingdom,,FALSE,16
Professional and Business Service,Crowdcube,51.523617,-0.083412,Crowd funding,United Kingdom,,FALSE,14
Professional and Business Service,Phoenix Court Group,51.531187,-0.12952,Private Equity and Venture Capital,United Kingdom,,FALSE,14
Professional and Business Service,Scottish Enterprise,55.945754,-3.221459,Devolved Government,United Kingdom,,FALSE,14
Professional and Business Service,Albion Capital Group,51.520723,-0.103974,Private Equity and Venture Capital,United Kingdom,,FALSE,12
Professional and Business Service,Future Planet Capital,53.47944,-2.250206,Private Equity and Venture Capital,United Kingdom,,FALSE,12
Professional and Business Service,Oxford Science Enterprises,51.755299,-1.257415,Commercialisation Company,United Kingdom,,FALSE,12
Professional and Business Service,Highland Europe,51.511746,-0.138085,Private Equity and Venture Capital,United Kingdom,,FALSE,10
Professional and Business Service,Seedcamp,51.516858,-0.142287,Private Equity and Venture Capital,United Kingdom,,TRUE,10
Professional and Business Service,Cambridge Angels,52.234909,0.153433,Angel Network,United Kingdom,,FALSE,9
Professional and Business Service,Gresham House,53.798,-1.551588,Asset Management,United Kingdom,,FALSE,9
Professional and Business Service,Index Ventures,51.511035,-0.137451,Private Equity and Venture Capital,United Kingdom,,FALSE,9
Professional and Business Service,Amadeus Capital Partners,52.209941,0.117535,Private Equity and Venture Capital,United Kingdom,,FALSE,8
Professional and Business Service,Development Bank of Wales,51.483907,-3.191222,Devolved Government,United Kingdom,,FALSE,8
Professional and Business Service,Legal & General,51.476116,-3.177297,Corporate,United Kingdom,UK pension funds,FALSE,8
Professional and Business Service,OakNorth,51.514297,-0.140143,Bank,United Kingdom,,FALSE,8
Professional and Business Service,University of Oxford,51.751927,-1.215879,University,United Kingdom,,FALSE,8
Professional and Business Service,Downing,51.503541,-0.12767,Private Equity and Venture Capital,United Kingdom,,FALSE,7
Professional and Business Service,Nesta,51.511348,-0.107548,Charity/Not-for-profit company,United Kingdom,,FALSE,7
Professional and Business Service,Notion Capital Partners LLP,51.524129,-0.106586,Private Equity and Venture Capital,United Kingdom,,FALSE,7
Professional and Business Service,YFM Equity Partners,53.79721,-1.554253,Private Equity and Venture Capital,United Kingdom,,FALSE,7
Professional and Business Service,Cambridge Innovation Capital,52.248533,0.081223,Private Equity and Venture Capital,United Kingdom,,TRUE,6
Professional and Business Service,Growth Lending Group,51.542808,-0.009977,Specialist Lender,United Kingdom,,FALSE,6
Professional and Business Service,Guinness Ventures,51.495577,-0.126758,Private Equity and Venture Capital,United Kingdom,,FALSE,6
Professional and Business Service,IQ Capital Partners,52.213917,0.113932,Private Equity and Venture Capital,United Kingdom,,FALSE,6
Professional and Business Service,MMC Ventures,51.49454,-0.156088,Private Equity and Venture Capital,United Kingdom,,TRUE,6
Professional and Business Service,Molten Ventures,51.510289,-0.125044,Private Equity and Venture Capital,United Kingdom,,FALSE,6
Professional and Business Service,Passion Capital,51.521893,-0.109014,Private Equity and Venture Capital,United Kingdom,,TRUE,6
Professional and Business Service,Thompson Taraz,52.208207,0.11994,Asset Management,United Kingdom,,FALSE,6
Professional and Business Service,24Haymarket,51.509213,-0.13202,Angel Network,United Kingdom,,TRUE,5
Professional and Business Service,Midven,52.45994,-2.100544,Private Equity and Venture Capital,United Kingdom,,FALSE,5
Professional and Business Service,Praetura Group,53.47988,-2.250781,Private Equity and Venture Capital,United Kingdom,,FALSE,5
Professional and Business Service,Samos Investments,51.517518,-0.122196,Private Equity and Venture Capital,United Kingdom,,FALSE,5
Professional and Business Service,Scottish EDGE,56.416609,-3.482055,Charity/Not-for-profit company,United Kingdom,,FALSE,5
Professional and Business Service,Smedvig Capital,51.506545,-0.140141,Family Office,United Kingdom,,FALSE,5
Professional and Business Service,ThinCats,52.758356,-1.477058,Specialist Lender,United Kingdom,,TRUE,5
Professional and Business Service,BP,51.507733,-0.134545,Corporate,United Kingdom,,FALSE,4
Professional and Business Service,Calculus Capital,51.512328,-0.154981,Private Equity and Venture Capital,United Kingdom,,FALSE,4
Professional and Business Service,Channel 4,53.796354,-1.548888,State-owned enterprise (SOE) / Corporate strategic investor,United Kingdom,,FALSE,4
Professional and Business Service,Creative UK,53.473677,-2.301759,Accelerator,United Kingdom,,FALSE,4
Professional and Business Service,Dawn Capital,51.514539,-0.130476,Private Equity and Venture Capital,United Kingdom,,TRUE,4
Professional and Business Service,Edge Investments Limited,51.51624,-0.152718,Private Equity and Venture Capital,United Kingdom,,FALSE,4
Professional and Business Service,Entrepreneurs First,51.529269,-0.088062,Accelerator,United Kingdom,,FALSE,4
Professional and Business Service,Felix Capital,51.512314,-0.138134,Private Equity and Venture Capital,United Kingdom,,FALSE,4
Professional and Business Service,Fidelity International,51.512687,-0.096929,Asset Management,United Kingdom,,FALSE,4
Professional and Business Service,Growth Capital Partners,51.506892,-0.138787,Private Equity and Venture Capital,United Kingdom,,TRUE,4
Professional and Business Service,Key Capital Partners,53.79721,-1.554253,Private Equity and Venture Capital,United Kingdom,,FALSE,4
Professional and Business Service,Kindred Capital VC,51.516744,-0.151602,Private Equity and Venture Capital,United Kingdom,,FALSE,4
Professional and Business Service,Lansdowne Partners,51.506992,-0.142804,Asset Management,United Kingdom,,FALSE,4
Professional and Business Service,Mobeus,51.506229,-0.146279,Private Equity and Venture Capital,United Kingdom,,TRUE,4
Professional and Business Service,Oxford Innovation Finance,51.731891,-1.204714,Angel Network,United Kingdom,,FALSE,4
Professional and Business Service,Palatine Private Equity,53.477441,-2.243173,Private Equity and Venture Capital,United Kingdom,,FALSE,4
Professional and Business Service,Pi Labs,51.520888,-0.072197,Accelerator,United Kingdom,,FALSE,4
Professional and Business Service,Rockpool Investments,51.506554,-0.135054,Private Equity and Venture Capital,United Kingdom,,FALSE,4
Professional and Business Service,Scottish Equity Partners,55.862643,-4.257174,Private Equity and Venture Capital,United Kingdom,,TRUE,4
Professional and Business Service,Toscafund Asset Management,51.506992,-0.142804,Specialist Lender,United Kingdom,,FALSE,4
Professional and Business Service,7Percent Ventures,51.511263,-0.12695,Private Equity and Venture Capital,United Kingdom,,TRUE,3
Professional and Business Service,ACF Investors,51.519926,-0.107495,Private Equity and Venture Capital,United Kingdom,,FALSE,3
Professional and Business Service,Acceleris,51.505396,-0.016249,Private Equity and Venture Capital,United Kingdom,,FALSE,3
Professional and Business Service,Angels Den,51.535716,-0.190083,Angel Network,United Kingdom,,FALSE,3
Professional and Business Service,Anthemis Group,51.517578,-0.136636,Private Equity and Venture Capital,United Kingdom,,FALSE,3
Professional and Business Service,Ascension,51.490425,0.295556,Private Equity and Venture Capital,United Kingdom,,FALSE,3
Professional and Business Service,Aviva,53.371149,-1.485676,Corporate,United Kingdom,UK pension funds,FALSE,3
Professional and Business Service,Blenheim Chalcot,51.513948,-0.22261,Private Equity and Venture Capital,United Kingdom,,FALSE,3
Professional and Business Service,Caple,51.516385,-0.077792,Specialist Lender,United Kingdom,,FALSE,3
Professional and Business Service,Deepbridge Capital,53.161686,-2.900117,Private Equity and Venture Capital,United Kingdom,,FALSE,3
Professional and Business Service,EMV Capital PLC,51.507905,-0.131757,Private Equity and Venture Capital,United Kingdom,,FALSE,3
Professional and Business Service,Envestors,51.505696,-0.105073,Angel Network,United Kingdom,,FALSE,3
Professional and Business Service,Equity Gap,55.950643,-3.208593,Angel Network,United Kingdom,,FALSE,3
Professional and Business Service,Finance Yorkshire,53.381381,-1.48853,Private Equity and Venture Capital,United Kingdom,,FALSE,3
Professional and Business Service,Firstminute Capital,51.512087,-0.114406,Private Equity and Venture Capital,United Kingdom,,FALSE,3
Professional and Business Service,Inflexion Private Equity,51.517641,-0.148611,Private Equity and Venture Capital,United Kingdom,,FALSE,3
Professional and Business Service,Investec Bank,51.515643,-0.090132,Bank,United Kingdom,,FALSE,3
Professional and Business Service,JamJar Investments,51.501972,-0.119003,Private Investment Vehicle,United Kingdom,,TRUE,3
Professional and Business Service,Kin Group,51.511741,-0.146242,Private Investment Vehicle,United Kingdom,,FALSE,3
Professional and Business Service,Lightrock,51.507905,-0.131757,Private Equity and Venture Capital,United Kingdom,,FALSE,3
Professional and Business Service,NVM Private Equity,54.971016,-1.612535,Private Equity and Venture Capital,United Kingdom,,TRUE,3
Professional and Business Service,Northern Gritstone,53.477441,-2.243173,Private Equity and Venture Capital,United Kingdom,,TRUE,3
Professional and Business Service,Northstar Ventures,54.971327,-1.597505,Private Equity and Venture Capital,United Kingdom,,FALSE,3
Professional and Business Service,Oxford Capital Partners,51.752564,-1.265674,Private Equity and Venture Capital,United Kingdom,,FALSE,3
Professional and Business Service,Oxx,51.512597,-0.13671,Private Equity and Venture Capital,United Kingdom,,TRUE,3
Professional and Business Service,Par Equity,55.948296,-3.21342,Private Equity and Venture Capital,United Kingdom,,FALSE,3
Professional and Business Service,Perscitus Advisers,51.497689,-0.165369,Private Equity and Venture Capital,United Kingdom,,FALSE,3
Professional and Business Service,Playfair Capital,51.527304,-0.088894,Private Equity and Venture Capital,United Kingdom,,FALSE,3
Professional and Business Service,Puma Investment Management,51.508957,-0.143098,Asset Management,United Kingdom,,FALSE,3
Professional and Business Service,Salica Investments,51.51621,-0.085208,Asset Management / Private Equity,United Kingdom,,TRUE,3
Professional and Business Service,UK Export Finance,51.501638,-0.126768,Central Government,United Kingdom,,FALSE,3
Professional and Business Service,University of Edinburgh,55.943737,-3.184186,University,United Kingdom,,FALSE,3
Professional and Business Service,Venrex Investment Management,51.494596,-0.156216,Private Equity and Venture Capital,United Kingdom,,FALSE,3
Professional and Business Service,Vitruvian Partners,51.506739,-0.148953,Private Equity and Venture Capital,United Kingdom,,FALSE,3
Professional and Business Service,Wealth Club,51.461031,-0.304332,Angel Network,United Kingdom,,FALSE,3
Professional and Business Service,Woodford Investment Management,51.731891,-1.204714,Private Equity and Venture Capital,United Kingdom,,FALSE,3
Professional and Business Service,AS Capital,51.525647,0.102024,Asset Management,United Kingdom,,FALSE,2
Professional and Business Service,Accelerated Digital Ventures,51.517202,-0.089779,Private Equity and Venture Capital,United Kingdom,,TRUE,2
Professional and Business Service,Aioi Nissay Dowa Insurance,51.513208,-0.079295,Corporate,United Kingdom,,FALSE,2
Professional and Business Service,Atomico,51.518334,-0.135567,Private Equity and Venture Capital,United Kingdom,,TRUE,2
Professional and Business Service,Balderton Capital,51.529874,-0.118818,Private Equity and Venture Capital,United Kingdom,,TRUE,2
Professional and Business Service,Beechbrook Capital,51.519648,-0.158995,Specialist Lender,United Kingdom,,TRUE,2
Professional and Business Service,Cambridge Enterprise,52.248533,0.081223,Commercialisation Company,United Kingdom,,FALSE,2
Professional and Business Service,Capital for Colleagues,51.025282,-4.206337,Private Equity and Venture Capital,United Kingdom,,FALSE,2
Professional and Business Service,Catapult Venture Managers,52.48025,-0.923134,Private Equity and Venture Capital,United Kingdom,,FALSE,2
Professional and Business Service,Centrica Energy,51.485661,-0.639614,Corporate,United Kingdom,,FALSE,2
Professional and Business Service,Chimera Partners,51.509799,-0.147445,Merchant Bank,United Kingdom,,FALSE,2
Professional and Business Service,Clarendon Fund Managers,54.597775,-5.931195,Private Equity and Venture Capital,United Kingdom,,TRUE,2
Professional and Business Service,Clean Growth Investment Management,51.508514,-0.133303,Private Equity and Venture Capital,United Kingdom,,FALSE,2
Professional and Business Service,Columbia Lake Partners,51.525617,-0.083602,Specialist Lender,United Kingdom,,TRUE,2
Professional and Business Service,Connect Ventures,51.517362,-0.125388,Private Equity and Venture Capital,United Kingdom,,FALSE,2
Professional and Business Service,DN Capital,51.520571,-0.15593,Private Equity and Venture Capital,United Kingdom,,FALSE,2
Professional and Business Service,Delin Capital,51.51682,-0.122398,Asset Management / Private Equity,United Kingdom,,FALSE,2
Professional and Business Service,ETFS Capital,51.515967,-0.10851,Private Equity and Venture Capital,United Kingdom,,FALSE,2
Professional and Business Service,Elysian Capital,51.508154,-0.134989,Private Equity and Venture Capital,United Kingdom,,FALSE,2
Professional and Business Service,Frontier Development Capital,52.482336,-1.900985,Private Equity and Venture Capital,United Kingdom,,TRUE,2
Professional and Business Service,Green Angel Ventures,51.463955,-0.220681,Angel Network,United Kingdom,,TRUE,2
Professional and Business Service,Greenwood Way Capital,51.516112,-0.173839,Angel Network,United Kingdom,,FALSE,2
Professional and Business Service,Hg,51.49336,-0.110195,Private Equity and Venture Capital,United Kingdom,,FALSE,2
Professional and Business Service,Innovate UK (IUK),51.566729,-1.784744,Central Government,United Kingdom,,FALSE,2
Professional and Business Service,Invest NI,54.594305,-5.93216,Devolved Government,United Kingdom,,FALSE,2
Professional and Business Service,Invoke Capital Partners,51.511144,-0.15572,Private Equity and Venture Capital,United Kingdom,,FALSE,2
Professional and Business Service,Janus Henderson Investors,51.520644,-0.079241,Private Equity and Venture Capital,United Kingdom,,FALSE,2
Professional and Business Service,Kartesia,51.51312,-0.142497,Asset Management,United Kingdom,,FALSE,2
Professional and Business Service,Livingbridge EP,51.504963,-0.087625,Private Equity and Venture Capital,United Kingdom,,FALSE,2
Professional and Business Service,Longwall Venture Partners,51.817775,-1.306658,Private Equity and Venture Capital,United Kingdom,,FALSE,2
Professional and Business Service,NEL Fund Managers,54.925643,-1.620569,Private Equity and Venture Capital,United Kingdom,,TRUE,2
Professional and Business Service,NorthEdge Capital,52.482306,-1.897216,Private Equity and Venture Capital,United Kingdom,,FALSE,2
Professional and Business Service,NorthInvest,53.795472,-1.555729,Angel Network,United Kingdom,,FALSE,2
Professional and Business Service,Ombu Group,51.517395,-0.149515,Private Equity and Venture Capital,United Kingdom,,FALSE,2
Professional and Business Service,Origin Capital Ltd,51.499973,-0.13345,Private Equity and Venture Capital,United Kingdom,,FALSE,2
Professional and Business Service,Outsized Ventures,51.525617,-0.083602,Private Equity and Venture Capital,United Kingdom,,FALSE,2
Professional and Business Service,Oxford Endowment Fund,51.752802,-1.291298,Asset Management,United Kingdom,,FALSE,2
Professional and Business Service,Penta Capital,55.86225,-4.260938,Private Equity and Venture Capital,United Kingdom,,FALSE,2
Professional and Business Service,Pentech Ventures,55.957523,-3.195097,Private Equity and Venture Capital,United Kingdom,,FALSE,2
Professional and Business Service,Quester Venture Partnership,51.512038,-0.097431,Private Equity and Venture Capital,United Kingdom,,FALSE,2
Professional and Business Service,SV Health Investors,51.508553,-0.123357,Private Equity and Venture Capital,United Kingdom,,TRUE,2
Professional and Business Service,ScaleUp Capital,51.515985,-0.150235,Private Equity and Venture Capital,United Kingdom,,FALSE,2
Professional and Business Service,Schroders,51.248506,-0.158924,Asset Management,United Kingdom,,FALSE,2
Professional and Business Service,Scottish Government,55.978349,-3.173673,Devolved Government,United Kingdom,,FALSE,2
Professional and Business Service,Secure Trust Commercial Finance,52.381977,-1.788743,Bank,United Kingdom,,FALSE,2
Professional and Business Service,Shawbrook Bank,51.513208,-0.079295,Bank,United Kingdom,,TRUE,2
Professional and Business Service,Soho Square Capital,51.516251,-0.126731,Private Equity and Venture Capital,United Kingdom,,FALSE,2
Professional and Business Service,Sussex Place Ventures,51.526583,-0.161353,Private Equity and Venture Capital,United Kingdom,,TRUE,2
Professional and Business Service,Syncona Partners,51.525898,-0.133918,Private Equity and Venture Capital,United Kingdom,,FALSE,2
Professional and Business Service,SyndicateRoom,52.234909,0.153433,Crowd funding,United Kingdom,,TRUE,2
Professional and Business Service,Talis Capital,51.456483,-0.193075,Private Equity and Venture Capital,United Kingdom,,FALSE,2
Professional and Business Service,Tenzing,51.874376,-0.4284,Private Equity and Venture Capital,United Kingdom,,FALSE,2
Professional and Business Service,Triple Point,53.374425,-1.46808,Asset Management,United Kingdom,,FALSE,2
Professional and Business Service,University of Warwick Science Park,52.387015,-1.558093,University,United Kingdom,,FALSE,2
Professional and Business Service,VentureFounders,51.514178,-0.093552,Private Equity and Venture Capital,United Kingdom,,FALSE,2
Professional and Business Service,Volution,51.45695,-0.941386,Private Equity and Venture Capital,United Kingdom,,FALSE,2
Professional and Business Service,WestBridge Capital,51.489014,-3.179718,Private Equity and Venture Capital,United Kingdom,,FALSE,2
Professional and Business Service,Wild Blue Cohort,51.52703,-0.128768,Angel Network,United Kingdom,,FALSE,2
Professional and Business Service,Winton Capital Management,51.515715,-0.10238,Asset Management,United Kingdom,,FALSE,2
Professional and Business Service,aberdeen,51.519875,-0.07838,Asset Management,United Kingdom,,FALSE,2
Professional and Business Service,noa,51.45509,-2.620468,Private Equity and Venture Capital,United Kingdom,,FALSE,2
Professional and Business Service,o2h Ventures,52.110935,0.172048,Private Equity and Venture Capital,United Kingdom,,FALSE,2
Professional and Business Service,2050 Capital,51.508051,-0.142098,Private Equity and Venture Capital,United Kingdom,,TRUE,1
Professional and Business Service,3i,51.502202,-0.153257,Private Equity and Venture Capital,United Kingdom,,FALSE,1
Professional and Business Service,8 Miles,51.627234,-0.160118,Private Equity and Venture Capital,United Kingdom,,FALSE,1
Professional and Business Service,83North,51.512021,-0.136704,Private Equity and Venture Capital,United Kingdom,,FALSE,1
Professional and Business Service,ARGO Investment Managers,51.511387,-0.143244,Asset Management,United Kingdom,,FALSE,1
Professional and Business Service,Adjuvo,51.511866,-0.124706,Angel Network,United Kingdom,,FALSE,1
Professional and Business Service,Advent Life Sciences LLP,51.522707,-0.140838,Private Equity and Venture Capital,United Kingdom,,FALSE,1
Professional and Business Service,Air Street Capital,51.548215,-0.198197,Private Equity and Venture Capital,United Kingdom,,FALSE,1
Professional and Business Service,Aitua Limited,52.132521,0.205697,Corporate,United Kingdom,,FALSE,1
Professional and Business Service,Alcuin Capital Partners,51.502034,-0.157428,Private Equity and Venture Capital,United Kingdom,,FALSE,1
Professional and Business Service,Aldermore Bank,51.458407,-0.969721,Bank,United Kingdom,,FALSE,1
Professional and Business Service,Allied Irish Bank / AIB Group,51.515551,-0.079571,Family Office,United Kingdom,,FALSE,1
Professional and Business Service,Alpine Electronics,52.399811,-1.559097,Corporate,United Kingdom,,FALSE,1
Professional and Business Service,Amati Global Investors,55.949086,-3.211667,Private Equity and Venture Capital,United Kingdom,,FALSE,1
Professional and Business Service,Amber Infrastructure Group,51.50416,-0.079748,Asset Management / Private Equity,United Kingdom,,FALSE,1
Professional and Business Service,Ananke Ventures,51.569124,-0.195336,Private Equity and Venture Capital,United Kingdom,,FALSE,1
Professional and Business Service,Angels Nominees,53.333304,-2.645049,Private Investment Vehicle,United Kingdom,,FALSE,1
Professional and Business Service,Anticus Partners,53.549788,-1.520418,Private Equity and Venture Capital,United Kingdom,,FALSE,1
Professional and Business Service,Apis Partners,51.500555,-0.164044,Private Equity and Venture Capital,United Kingdom,,FALSE,1
Professional and Business Service,Archangels,51.833768,0.695697,Angel Network,United Kingdom,,TRUE,1
Professional and Business Service,Arix Bioscience,51.499982,-0.13345,Private Equity and Venture Capital,United Kingdom,,FALSE,1
Professional and Business Service,Arm,53.479603,-2.236435,Corporate,United Kingdom,,FALSE,1
Professional and Business Service,Arthurian Life Sciences,51.463751,-3.16028,Private Equity and Venture Capital,United Kingdom,,FALSE,1
Professional and Business Service,Assembly Capital Partners,51.511381,-0.09021,Private Equity and Venture Capital,United Kingdom,,FALSE,1
Professional and Business Service,Aston University,52.489323,-1.883165,University,United Kingdom,,FALSE,1
Professional and Business Service,AstraZeneca,52.190486,0.134298,Corporate,United Kingdom,,FALSE,1
Professional and Business Service,Avlar Bioventures,52.218764,0.038766,Private Equity and Venture Capital,United Kingdom,,FALSE,1
Professional and Business Service,Avonmore Developments Ltd,51.494857,-0.206714,Private Equity and Venture Capital,United Kingdom,,FALSE,1
Professional and Business Service,BMJ,52.492414,-1.91248,Corporate,United Kingdom,,FALSE,1
Professional and Business Service,Backed VC,51.527736,-0.077386,Private Equity and Venture Capital,United Kingdom,,FALSE,1
Professional and Business Service,Ballpark Ventures,51.900681,-2.080624,Private Investment Vehicle,United Kingdom,,FALSE,1
Professional and Business Service,Bank of Scotland,55.789595,-4.277033,Bank,United Kingdom,,TRUE,1
Professional and Business Service,Beech Tree Private Equity,53.33745,-2.257664,Private Equity and Venture Capital,United Kingdom,,FALSE,1
Professional and Business Service,Blossom Capital,51.52699,-0.086745,Private Equity and Venture Capital,United Kingdom,,FALSE,1
Professional and Business Service,Bridgepoint,51.540386,0.038327,Private Equity and Venture Capital,United Kingdom,,FALSE,1
Professional and Business Service,CBPE Capital,51.513659,-0.11597,Private Equity and Venture Capital,United Kingdom,,FALSE,1
Professional and Business Service,Cabot Square Capital,51.514962,-0.103637,Private Equity and Venture Capital,United Kingdom,,FALSE,1
Professional and Business Service,Cambridge Capital Group,52.234909,0.153433,Angel Network,United Kingdom,,FALSE,1
Professional and Business Service,Cambridge Consultants,52.232274,0.144592,Commercialisation Company,United Kingdom,,FALSE,1
Professional and Business Service,Candy Ventures,51.510363,-0.153561,Family Office,United Kingdom,,FALSE,1
Professional and Business Service,Capital D,51.511448,-0.142536,Private Equity and Venture Capital,United Kingdom,,FALSE,1
Professional and Business Service,Cardiff Council,51.462933,-3.198738,Local and Regional Government,United Kingdom,,FALSE,1
Professional and Business Service,Charlotte Street Capital,51.518954,-0.135513,Private Equity and Venture Capital,United Kingdom,,FALSE,1
Professional and Business Service,Chaucer Consulting,51.513159,-0.078476,Corporate,United Kingdom,,FALSE,1
Professional and Business Service,Cibus Capital,51.511657,-0.14662,Private Equity and Venture Capital,United Kingdom,,FALSE,1
Professional and Business Service,Circularity Capital,55.952353,-3.206485,Private Equity and Venture Capital,United Kingdom,,FALSE,1
Professional and Business Service,City & Guilds Group,51.518876,-0.103215,Corporate,United Kingdom,,FALSE,1
Professional and Business Service,Comhar Capital,53.795904,-1.54865,Private Equity and Venture Capital,United Kingdom,,FALSE,1
Professional and Business Service,Concentric Partners,51.508901,-0.144686,Private Equity and Venture Capital,United Kingdom,,FALSE,1
Professional and Business Service,Cottagequinn Enterprises,54.482402,-6.775416,Private Equity and Venture Capital,United Kingdom,,FALSE,1
Professional and Business Service,Cow Corner,53.786096,-1.609661,Private Equity and Venture Capital,United Kingdom,,FALSE,1
Professional and Business Service,CrowdBnk,51.515178,-0.078232,Crowd funding,United Kingdom,,FALSE,1
Professional and Business Service,DKLM,51.53226,-0.095045,Corporate,United Kingdom,,FALSE,1
Professional and Business Service,DSW Ventures,53.345237,-2.639191,Angel Network,United Kingdom,,TRUE,1
Professional and Business Service,Dentons,51.46357,-2.118228,Corporate,United Kingdom,,FALSE,1
Professional and Business Service,Doxa Partners,51.513921,-0.143069,Private Equity and Venture Capital,United Kingdom,,FALSE,1
Professional and Business Service,Dr. Martens,51.512743,-0.138577,Corporate,United Kingdom,,FALSE,1
Professional and Business Service,Drax,53.730605,-0.994677,Corporate,United Kingdom,,FALSE,1
Professional and Business Service,EKA Ventures,51.527304,-0.088894,Private Equity and Venture Capital,United Kingdom,,TRUE,1
Professional and Business Service,EPIC Investment Partners,51.519096,-0.107371,Asset Management,United Kingdom,,FALSE,1
Professional and Business Service,ESM Investments,55.866733,-4.277582,Angel Network,United Kingdom,,FALSE,1
Professional and Business Service,ETF Partners,51.500332,-0.133392,Private Equity and Venture Capital,United Kingdom,,TRUE,1
Professional and Business Service,Earth Capital,51.507986,-0.137417,Private Equity and Venture Capital,United Kingdom,,FALSE,1
Professional and Business Service,East Alpha,51.795506,1.038723,Asset Management,United Kingdom,,FALSE,1
Professional and Business Service,Eden Ventures,51.38115,-2.357863,Private Equity and Venture Capital,United Kingdom,,FALSE,1
Professional and Business Service,Elixirr,51.514523,-0.094834,Corporate,United Kingdom,,FALSE,1
Professional and Business Service,Enterprise Investment Partners,51.512986,-0.09265,Private Equity and Venture Capital,United Kingdom,,FALSE,1
Professional and Business Service,Enterprise Ventures Ltd,53.760359,-2.717497,Private Equity and Venture Capital,United Kingdom,,FALSE,1
Professional and Business Service,Environmental Innovation Fund,55.947586,-3.206945,Private Equity and Venture Capital,United Kingdom,,FALSE,1
Professional and Business Service,Eos Venture,51.521036,-0.081185,Private Equity and Venture Capital,United Kingdom,,FALSE,1
Professional and Business Service,Episode 1,51.516697,-0.129336,Private Equity and Venture Capital,United Kingdom,,FALSE,1
Professional and Business Service,Erna Low Consultants,50.880103,-1.23946,Corporate,United Kingdom,,FALSE,1
Professional and Business Service,Essex Innovation,51.515942,-0.120892,Local and Regional Government,United Kingdom,,FALSE,1
Professional and Business Service,Eurovestech,51.578136,-0.399445,Private Equity and Venture Capital,United Kingdom,,FALSE,1
Professional and Business Service,Exponential Ventures,51.517578,-0.136636,Private Equity and Venture Capital,United Kingdom,,FALSE,1
Professional and Business Service,Fieldfisher,52.369105,-1.799673,Corporate,United Kingdom,,FALSE,1
Professional and Business Service,Fjord Capital,51.610936,-0.178282,Private Equity and Venture Capital,United Kingdom,,FALSE,1
Professional and Business Service,FrestonVentures,51.512264,-0.218309,Family Office,United Kingdom,,FALSE,1
Professional and Business Service,Fushia,50.862915,-0.962313,Private Equity and Venture Capital,United Kingdom,,FALSE,1
Professional and Business Service,GC Angels,52.496447,-1.878182,Angel Network,United Kingdom,,FALSE,1
Professional and Business Service,GIA Surveyors,51.505484,-0.114823,Corporate,United Kingdom,,FALSE,1
Professional and Business Service,GP Bullhound,51.505461,-0.138716,Merchant Bank,United Kingdom,,FALSE,1
Professional and Business Service,GRIDSERVE,51.379884,-0.123854,Corporate,United Kingdom,,FALSE,1
Professional and Business Service,GameTech Ventures,51.497445,-0.22076,Private Equity and Venture Capital,United Kingdom,,FALSE,1
Professional and Business Service,Glenrinnes Farms,57.438357,-3.146492,Corporate,United Kingdom,,FALSE,1
Professional and Business Service,Gorkana Group,51.524485,-0.091405,Corporate,United Kingdom,,FALSE,1
Professional and Business Service,Grafton Capital,51.513183,-0.148763,Private Equity and Venture Capital,United Kingdom,,FALSE,1
Professional and Business Service,Grosvenor Hill Ventures,51.516537,-0.143064,Private Equity and Venture Capital,United Kingdom,,FALSE,1
Professional and Business Service,Growth Capital Ventures,54.600509,-1.568783,Private Equity and Venture Capital,United Kingdom,,FALSE,1
Professional and Business Service,Growthdeck,51.515738,-0.090474,Crowd funding,United Kingdom,,FALSE,1
Professional and Business Service,HM Treasury,51.501638,-0.126768,Central Government,United Kingdom,,FALSE,1
Professional and Business Service,Halma,51.667444,-0.615764,Corporate,United Kingdom,,FALSE,1
Professional and Business Service,Harrock Investments,53.606104,-2.745138,Private Equity and Venture Capital,United Kingdom,,FALSE,1
Professional and Business Service,Hedosophia,51.515723,-0.130846,Private Equity and Venture Capital,United Kingdom,,FALSE,1
Professional and Business Service,Henley,51.536919,-0.904481,Asset Management,United Kingdom,,FALSE,1
Professional and Business Service,Homes England,51.448932,-2.583545,Central Government,United Kingdom,,FALSE,1
Professional and Business Service,Hoxton Ventures,51.516679,-0.127074,Private Equity and Venture Capital,United Kingdom,,TRUE,1
Professional and Business Service,IHS Markit,51.412564,-0.763061,Corporate,United Kingdom,,FALSE,1
Professional and Business Service,IRIS,52.913705,-4.173051,Corporate,United Kingdom,,FALSE,1
Professional and Business Service,ITV,54.604774,-5.920191,Corporate,United Kingdom,,FALSE,1
Professional and Business Service,IW Capital,51.514156,-0.143189,Private Equity and Venture Capital,United Kingdom,,FALSE,1
Professional and Business Service,InHealth Group,51.608264,-0.704416,Corporate,United Kingdom,,FALSE,1
Professional and Business Service,InMotion Ventures,51.52479,-0.089129,Corporate,United Kingdom,,FALSE,1
Professional and Business Service,InReach Ventures,51.523994,-0.080628,Private Equity and Venture Capital,United Kingdom,,FALSE,1
Professional and Business Service,Innovation SuperNetwork,54.974867,-1.594657,Accelerator,United Kingdom,,FALSE,1
Professional and Business Service,International Biotechnology Trust,51.515648,-0.094903,Asset Management,United Kingdom,,FALSE,1
Professional and Business Service,Isomer Capital,51.525617,-0.083602,Private Equity and Venture Capital,United Kingdom,,TRUE,1
Professional and Business Service,JRJ Group,51.511516,-0.146799,Private Equity and Venture Capital,United Kingdom,,FALSE,1
Professional and Business Service,K Nominees,51.511381,-0.09021,Private Investment Vehicle,United Kingdom,,FALSE,1
Professional and Business Service,Kennet Partners,51.508514,-0.133303,Private Equity and Venture Capital,United Kingdom,,FALSE,1
Professional and Business Service,Kero Limited,52.236792,0.140372,Private Equity and Venture Capital,United Kingdom,,FALSE,1
Professional and Business Service,LCA Investments,51.51063,-0.149948,Family Office,United Kingdom,,FALSE,1
Professional and Business Service,Latitude Investment Management,51.499321,-0.157034,Asset Management,United Kingdom,,FALSE,1
Professional and Business Service,Latitude fund,51.499321,-0.157034,Private Equity and Venture Capital,United Kingdom,,FALSE,1
Professional and Business Service,Launchbay Capital,51.513681,-0.145558,Private Equity and Venture Capital,United Kingdom,,FALSE,1
Professional and Business Service,Lendahand Ethex,51.741736,-1.235695,Crowd funding,United Kingdom,,FALSE,1
Professional and Business Service,Lepe Partners,51.51164,-0.148422,Merchant Bank,United Kingdom,,FALSE,1
Professional and Business Service,Liberty Global Ventures,51.509292,-0.141557,Corporate,United Kingdom,,FALSE,1
Professional and Business Service,London Venture Partners,51.518954,-0.135513,Private Equity and Venture Capital,United Kingdom,,FALSE,1
Professional and Business Service,Longbow,51.415827,-0.186682,Private Equity and Venture Capital,United Kingdom,,FALSE,1
Professional and Business Service,Love Ventures,51.515235,-0.091619,Private Equity and Venture Capital,United Kingdom,,FALSE,1
Professional and Business Service,M&G,56.133866,-3.966186,Asset Management,United Kingdom,UK pension funds,FALSE,1
Professional and Business Service,MML Capital Partners,51.51522,-0.104001,Private Equity and Venture Capital,United Kingdom,,TRUE,1
Professional and Business Service,MW&L Capital Partners,51.506992,-0.142804,Private Investment Vehicle,United Kingdom,,FALSE,1
Professional and Business Service,Megger Group,51.115559,1.305629,Corporate,United Kingdom,,FALSE,1
Professional and Business Service,Metric Capital Partners,51.506739,-0.148953,Private Equity and Venture Capital,United Kingdom,,FALSE,1
Professional and Business Service,Meyer Bergman,51.508224,-0.139972,Private Equity and Venture Capital,United Kingdom,,FALSE,1
Professional and Business Service,Moneysupermarket.com,53.189105,-3.05239,Corporate,United Kingdom,,FALSE,1
Professional and Business Service,Montreux Capital Management,51.507218,-0.142881,Private Equity and Venture Capital,United Kingdom,,FALSE,1
Professional and Business Service,Mosaic Ventures,51.512314,-0.138134,Private Equity and Venture Capital,United Kingdom,,FALSE,1
Professional and Business Service,Mott Macdonald,52.482523,-1.899395,Corporate,United Kingdom,,FALSE,1
Professional and Business Service,Mouro Capital,51.508514,-0.133303,Private Equity and Venture Capital,United Kingdom,,FALSE,1
Professional and Business Service,Murray Capital,55.95109,-3.206974,Family Office,United Kingdom,,FALSE,1
Professional and Business Service,NFU Mutual,51.016243,-3.0662,Corporate,United Kingdom,,FALSE,1
Professional and Business Service,NM Capital,51.509799,-0.147445,Private Equity and Venture Capital,United Kingdom,,FALSE,1
Professional and Business Service,Nationwide Building Society,51.57353,-0.423274,Bank,United Kingdom,,FALSE,1
Professional and Business Service,Nauta Capital,51.514178,-0.093552,Private Equity and Venture Capital,United Kingdom,,TRUE,1
Professional and Business Service,Neptune,51.419332,-0.198222,Private Equity and Venture Capital,United Kingdom,,FALSE,1
Professional and Business Service,New Wave Ventures,51.519926,-0.107495,Private Equity and Venture Capital,United Kingdom,,FALSE,1
Professional and Business Service,Newcastle City Council,54.980621,-1.595459,Local and Regional Government,United Kingdom,,FALSE,1
Professional and Business Service,Ninety One,51.521722,-0.071484,Private Equity and Venture Capital,United Kingdom,,FALSE,1
Professional and Business Service,Northstar Equity Investors,54.971327,-1.597505,Private Equity and Venture Capital,United Kingdom,,FALSE,1
Professional and Business Service,Nottinghamshire Council,53.072193,-1.251299,Local and Regional Government,United Kingdom,,FALSE,1
Professional and Business Service,Nucleus Financial Platforms,51.514543,-0.086114,Private Equity and Venture Capital,United Kingdom,,FALSE,1
Professional and Business Service,Numis,51.517697,-0.085967,Asset Management,United Kingdom,,FALSE,1
Professional and Business Service,Oceanwood Capital Management,51.513001,-0.153166,Asset Management,United Kingdom,,FALSE,1
Professional and Business Service,Oil & Gas Technology Centre,57.139045,-2.095492,Charity/Not-for-profit company,United Kingdom,,FALSE,1
Professional and Business Service,Omni Partners,51.518105,-0.151807,Private Equity and Venture Capital,United Kingdom,,FALSE,1
Professional and Business Service,One Peak Partners,51.514867,-0.13643,Private Equity and Venture Capital,United Kingdom,,FALSE,1
Professional and Business Service,Outrun Ventures,51.525617,-0.083602,Private Equity and Venture Capital,United Kingdom,,FALSE,1
Professional and Business Service,Oxford Instruments,51.695371,-1.353309,Corporate,United Kingdom,,FALSE,1
Professional and Business Service,Oxford Technology,51.763364,-1.260195,Private Equity and Venture Capital,United Kingdom,,FALSE,1
Professional and Business Service,Partners Investment Company,51.513371,-0.092548,Private Equity and Venture Capital,United Kingdom,,FALSE,1
Professional and Business Service,Partnerships UK,52.922548,-1.478746,Government,United Kingdom,,FALSE,1
Professional and Business Service,Pearson,51.516766,-0.122948,Corporate,United Kingdom,,FALSE,1
Professional and Business Service,Pentland Group,55.900089,-3.263396,Corporate,United Kingdom,,FALSE,1
Professional and Business Service,Permira,51.508654,-0.133066,Private Equity and Venture Capital,United Kingdom,,FALSE,1
Professional and Business Service,Piton Capital,51.522324,-0.136529,Private Equity and Venture Capital,United Kingdom,,FALSE,1
Professional and Business Service,Polar Capital,51.496998,-0.140357,Private Equity and Venture Capital,United Kingdom,,FALSE,1
Professional and Business Service,Potential,50.365951,-4.808728,Private Equity and Venture Capital,United Kingdom,,FALSE,1
Professional and Business Service,Prelude Trust plc,52.148526,0.194195,Private Equity and Venture Capital,United Kingdom,,FALSE,1
Professional and Business Service,Promethean Investments LLP,51.512423,-0.143303,Private Equity and Venture Capital,United Kingdom,,FALSE,1
Professional and Business Service,Proserv,57.208939,-2.219824,Corporate,United Kingdom,,FALSE,1
Professional and Business Service,QinetiQ plc,51.276054,-0.761524,Corporate,United Kingdom,,FALSE,1
Professional and Business Service,RAB Capital,51.507986,-0.137417,Asset Management,United Kingdom,,FALSE,1
Professional and Business Service,Railpen,51.512305,-0.07524,Asset Management,United Kingdom,,FALSE,1
Professional and Business Service,Reed Elsevier Ventures,51.508357,-0.108335,Corporate,United Kingdom,,FALSE,1
Professional and Business Service,Renaissance Capital Partners,51.240553,-0.614204,Private Equity and Venture Capital,United Kingdom,,FALSE,1
Professional and Business Service,Rivers Capital Partners,54.966381,-1.62156,Private Equity and Venture Capital,United Kingdom,,FALSE,1
Professional and Business Service,Rockridge Investment Partners,51.507679,-0.133942,Private Equity and Venture Capital,United Kingdom,,FALSE,1
Professional and Business Service,Rockspring,52.369792,-2.705161,Family Office,United Kingdom,,FALSE,1
Professional and Business Service,Rolls-Royce,52.911001,-1.430616,Corporate,United Kingdom,,FALSE,1
Professional and Business Service,Round Hill Ventures,51.493103,-0.146494,Private Equity and Venture Capital,United Kingdom,,FALSE,1
Professional and Business Service,Ryecroft Glenton Corporate Finance,54.98662,-1.605307,Corporate,United Kingdom,,FALSE,1
Professional and Business Service,SSE Ventures,56.417342,-3.464187,Corporate,United Kingdom,,FALSE,1
Professional and Business Service,Saatchi & Saatchi,51.490733,-0.158777,Corporate,United Kingdom,,FALSE,1
Professional and Business Service,Sabre Insurance,51.301333,-0.323148,Corporate,United Kingdom,,FALSE,1
Professional and Business Service,Sage,51.510409,-0.070391,Corporate,United Kingdom,,FALSE,1
Professional and Business Service,Sapphire Capital Partners,54.598827,-5.92441,Private Equity and Venture Capital,United Kingdom,,FALSE,1
Professional and Business Service,Seneca Partners,53.479795,-2.639795,Private Equity and Venture Capital,United Kingdom,,FALSE,1
Professional and Business Service,Shackleton Ventures,51.516883,-0.112306,Private Equity and Venture Capital,United Kingdom,,FALSE,1
Professional and Business Service,Shard Capital,51.513014,-0.082258,Asset Management,United Kingdom,,FALSE,1
Professional and Business Service,Shearwater Healthcare Solutions,51.274656,1.088672,Corporate,United Kingdom,,FALSE,1
Professional and Business Service,Shell,51.504234,-0.115884,Corporate,United Kingdom,,FALSE,1
Professional and Business Service,SilverTree Equity,51.50231,-0.154406,Private Equity and Venture Capital,United Kingdom,,FALSE,1
Professional and Business Service,Sixth Element Capital,51.819628,-0.828111,Private Equity and Venture Capital,United Kingdom,,FALSE,1
Professional and Business Service,Sky,54.603919,-5.915391,Corporate,United Kingdom,,FALSE,1
Professional and Business Service,Social Investment Scotland (SIS),55.957314,-3.18878,Charity/Not-for-profit company,United Kingdom,,FALSE,1
Professional and Business Service,Souter Investments LLP,55.952005,-3.198867,Family Office,United Kingdom,,FALSE,1
Professional and Business Service,Spire Ventures,51.518201,-0.147017,Private Equity and Venture Capital,United Kingdom,,FALSE,1
Professional and Business Service,Standard Chartered,51.517202,-0.089779,Bank,United Kingdom,,FALSE,1
Professional and Business Service,Standard Life Aberdeen,55.954851,-3.19359,Asset Management,United Kingdom,UK pension funds,FALSE,1
Professional and Business Service,Stride.VC,51.522751,-0.103659,Private Equity and Venture Capital,United Kingdom,,FALSE,1
Professional and Business Service,Sulis Seedcorn Fund,51.379324,-2.327157,Private Equity and Venture Capital,United Kingdom,,FALSE,1
Professional and Business Service,Synova,51.508279,-0.140013,Private Equity and Venture Capital,United Kingdom,,FALSE,1
Professional and Business Service,T J Morris (Investments) Ltd,53.464194,-2.895312,Private Equity and Venture Capital,United Kingdom,,FALSE,1
Professional and Business Service,TDR Capital,51.511448,-0.142536,Private Equity and Venture Capital,United Kingdom,,FALSE,1
Professional and Business Service,TRICAPITAL Angels Limited,55.579124,-2.673431,Angel Network,United Kingdom,,FALSE,1
Professional and Business Service,TTP Ventures,52.088111,0.025697,Private Equity and Venture Capital,United Kingdom,,FALSE,1
Professional and Business Service,Techstart Ventures,54.584766,-5.934438,Private Equity and Venture Capital,United Kingdom,,FALSE,1
Professional and Business Service,Tern PLC,51.516416,-0.077488,Private Equity and Venture Capital,United Kingdom,,FALSE,1
Professional and Business Service,The Accelerator Group,51.512394,-0.157442,Accelerator,United Kingdom,,FALSE,1
Professional and Business Service,The Bill & Melinda Gates Foundation,51.516081,-0.112209,Charity/Not-for-profit company,United Kingdom,,FALSE,1
Professional and Business Service,The Financial Times,51.51428,-0.101503,Corporate,United Kingdom,,FALSE,1
Professional and Business Service,Tifosy,51.517106,-0.094424,Crowd funding,United Kingdom,,FALSE,1
Professional and Business Service,Tracsis,51.56851,-0.133125,Corporate,United Kingdom,,FALSE,1
Professional and Business Service,True.,51.493103,-0.146494,Private Equity and Venture Capital,United Kingdom,,FALSE,1
Professional and Business Service,Turquoise International,51.526359,-0.080053,Merchant Bank,United Kingdom,,FALSE,1
Professional and Business Service,UCL Business,51.522324,-0.136529,Commercialisation Company,United Kingdom,,FALSE,1
Professional and Business Service,UFP Fintech,51.511448,-0.142536,Private Equity and Venture Capital,United Kingdom,,FALSE,1
Professional and Business Service,Uberior Investments,55.950328,-3.193018,Private Equity and Venture Capital,United Kingdom,,FALSE,1
Professional and Business Service,University of Newcastle,54.980327,-1.615727,University,United Kingdom,,FALSE,1
Professional and Business Service,University of Strathclyde,55.864721,-4.243326,University,United Kingdom,,FALSE,1
Professional and Business Service,Warwick Capital Partners,51.508654,-0.133066,Private Equity and Venture Capital,United Kingdom,,FALSE,1
Professional and Business Service,Welsh Government,51.488373,-3.182582,Central Government,United Kingdom,,FALSE,1
Professional and Business Service,West Hill Capital,51.511026,-0.099361,Private Equity and Venture Capital,United Kingdom,,FALSE,1
Professional and Business Service,West Midlands Enterprise,52.684925,-1.801533,Private Equity and Venture Capital,United Kingdom,,FALSE,1
Professional and Business Service,Wharton Asset Management,51.518829,-0.173326,Family Office,United Kingdom,,FALSE,1
Professional and Business Service,White Star Capital,51.51798,-0.138739,Private Equity and Venture Capital,United Kingdom,,FALSE,1
Professional and Business Service,Whiterock Finance,54.596986,-5.924968,Specialist Lender,United Kingdom,,TRUE,1
Professional and Business Service,Winton Ventures,51.515715,-0.10238,Corporate,United Kingdom,,FALSE,1
Professional and Business Service,World Gold Council,51.514778,-0.102246,Corporate,United Kingdom,,FALSE,1
Professional and Business Service,Worldpay Group,51.512154,-0.090177,Corporate,United Kingdom,,FALSE,1
Professional and Business Service,Wren Capital LLP,51.553152,-0.19881,Private Equity and Venture Capital,United Kingdom,,FALSE,1
Professional and Business Service,Wyelands Capital,51.511741,-0.146242,Bank,United Kingdom,,FALSE,1
Professional and Business Service,XTX Markets,51.533481,-0.125043,Asset Management,United Kingdom,,FALSE,1
Professional and Business Service,Zinal Growth,51.507514,-0.136571,Private Equity and Venture Capital,United Kingdom,,FALSE,1
Professional and Business Service,Zoopla Property Group,51.50212,-0.070511,Corporate,United Kingdom,,FALSE,1
Transportation and storage,NatWest Group,53.480414,-2.253286,Bank,United Kingdom,,TRUE,13
Transportation and storage,HSBC,51.507627,-0.09714,Bank,United Kingdom,,TRUE,12
Transportation and storage,Lloyds Banking Group,53.809305,-1.680548,Private Equity and Venture Capital,United Kingdom,,FALSE,12
Transportation and storage,BGF (formerly Business Growth Fund),51.508771,-0.122916,Private Equity and Venture Capital,United Kingdom,,FALSE,11
Transportation and storage,British Business Bank,53.382174,-1.472389,Central Government,United Kingdom,,FALSE,7
Transportation and storage,Barclays,51.504924,-0.014381,Bank,United Kingdom,,TRUE,5
Transportation and storage,Development Bank of Wales,51.483907,-3.191222,Devolved Government,United Kingdom,,FALSE,5
Transportation and storage,IP Group,51.517285,-0.096031,Commercialisation Company,United Kingdom,,FALSE,4
Transportation and storage,Virgin Money UK,55.863326,-4.26009,Bank,United Kingdom,,FALSE,4
Transportation and storage,Mercia Asset Management,52.358937,-1.779514,Asset Management / Private Equity,United Kingdom,,TRUE,3
Transportation and storage,Amber Infrastructure Group,51.50416,-0.079748,Asset Management / Private Equity,United Kingdom,,FALSE,2
Transportation and storage,Finance Yorkshire,53.381381,-1.48853,Private Equity and Venture Capital,United Kingdom,,FALSE,2
Transportation and storage,Inflexion Private Equity,51.517641,-0.148611,Private Equity and Venture Capital,United Kingdom,,FALSE,2
Transportation and storage,Infracapital,51.518469,-0.14238,Corporate,United Kingdom,,FALSE,2
Transportation and storage,Mobeus,51.506229,-0.146279,Private Equity and Venture Capital,United Kingdom,,TRUE,2
Transportation and storage,Octopus Group,51.512038,-0.097431,Asset Management / Private Equity,United Kingdom,,FALSE,2
Transportation and storage,Scottish Enterprise,55.945754,-3.221459,Devolved Government,United Kingdom,,FALSE,2
Transportation and storage,Welsh Government,51.488373,-3.182582,Central Government,United Kingdom,,FALSE,2
Transportation and storage,Whiterock Finance,54.596986,-5.924968,Specialist Lender,United Kingdom,,TRUE,2
Transportation and storage,4J Studios,51.692673,-0.419468,Corporate,United Kingdom,,FALSE,1
Transportation and storage,ACF Investors,51.519926,-0.107495,Private Equity and Venture Capital,United Kingdom,,FALSE,1
Transportation and storage,Aioi Nissay Dowa Insurance,51.513208,-0.079295,Corporate,United Kingdom,,FALSE,1
Transportation and storage,Alcuin Capital Partners,51.502034,-0.157428,Private Equity and Venture Capital,United Kingdom,,FALSE,1
Transportation and storage,Allied Irish Bank / AIB Group,51.515551,-0.079571,Family Office,United Kingdom,,FALSE,1
Transportation and storage,Ashridge Capital,51.809003,-0.570538,Private Equity and Venture Capital,United Kingdom,,FALSE,1
Transportation and storage,Aviva,53.371149,-1.485676,Corporate,United Kingdom,UK pension funds,FALSE,1
Transportation and storage,BP,51.507733,-0.134545,Corporate,United Kingdom,,FALSE,1
Transportation and storage,Balderton Capital,51.529874,-0.118818,Private Equity and Venture Capital,United Kingdom,,TRUE,1
Transportation and storage,Bank of Scotland,55.789595,-4.277033,Bank,United Kingdom,,TRUE,1
Transportation and storage,Bibby Financial Services,52.060139,-1.339541,Specialist Lender,United Kingdom,,FALSE,1
Transportation and storage,Capital for Colleagues,51.025282,-4.206337,Private Equity and Venture Capital,United Kingdom,,FALSE,1
Transportation and storage,Chiltern Capital,51.509459,-0.132255,Private Equity and Venture Capital,United Kingdom,,FALSE,1
Transportation and storage,Clean Growth Investment Management,51.508514,-0.133303,Private Equity and Venture Capital,United Kingdom,,FALSE,1
Transportation and storage,Close Brothers,51.520382,-0.083519,Merchant Bank,United Kingdom,,FALSE,1
Transportation and storage,Doxa Partners,51.513921,-0.143069,Private Equity and Venture Capital,United Kingdom,,FALSE,1
Transportation and storage,Earth Capital,51.507986,-0.137417,Private Equity and Venture Capital,United Kingdom,,FALSE,1
Transportation and storage,East Lodge Capital,51.506992,-0.142804,Private Equity and Venture Capital,United Kingdom,,FALSE,1
Transportation and storage,Frontier Development Capital,52.482336,-1.900985,Private Equity and Venture Capital,United Kingdom,,TRUE,1
Transportation and storage,Funding Circle,51.511873,-0.09444,Crowd funding,United Kingdom,,TRUE,1
Transportation and storage,Greater Manchester Combined Authority,53.475322,-2.242106,Local and Regional Government,United Kingdom,,FALSE,1
Transportation and storage,Growth Lending Group,51.542808,-0.009977,Specialist Lender,United Kingdom,,FALSE,1
Transportation and storage,HM Treasury,51.501638,-0.126768,Central Government,United Kingdom,,FALSE,1
Transportation and storage,Halma,51.667444,-0.615764,Corporate,United Kingdom,,FALSE,1
Transportation and storage,Harrock Investments,53.606104,-2.745138,Private Equity and Venture Capital,United Kingdom,,FALSE,1
Transportation and storage,Highlands and Islands Enterprise,58.208102,-6.38326,Local and Regional Government,United Kingdom,,FALSE,1
Transportation and storage,Hoplon Investment Partners,51.512404,-0.127451,Private Equity and Venture Capital,United Kingdom,,FALSE,1
Transportation and storage,InMotion Ventures,51.52479,-0.089129,Corporate,United Kingdom,,FALSE,1
Transportation and storage,Index Ventures,51.511035,-0.137451,Private Equity and Venture Capital,United Kingdom,,FALSE,1
Transportation and storage,Innovate UK (IUK),51.566729,-1.784744,Central Government,United Kingdom,,FALSE,1
Transportation and storage,Insurtech Gateway,51.496077,-0.13613,Private Equity and Venture Capital,United Kingdom,,FALSE,1
Transportation and storage,Investec Bank,51.515643,-0.090132,Bank,United Kingdom,,FALSE,1
Transportation and storage,JamJar Investments,51.501972,-0.119003,Private Investment Vehicle,United Kingdom,,TRUE,1
Transportation and storage,Key Capital Partners,53.79721,-1.554253,Private Equity and Venture Capital,United Kingdom,,FALSE,1
Transportation and storage,Keyhaven Capital Partners,51.51312,-0.142497,Private Equity and Venture Capital,United Kingdom,,FALSE,1
Transportation and storage,LCA Investments,51.51063,-0.149948,Family Office,United Kingdom,,FALSE,1
Transportation and storage,Latitude Investment Management,51.499321,-0.157034,Asset Management,United Kingdom,,FALSE,1
Transportation and storage,Legal & General,51.476116,-3.177297,Corporate,United Kingdom,UK pension funds,FALSE,1
Transportation and storage,Lepe Partners,51.51164,-0.148422,Merchant Bank,United Kingdom,,FALSE,1
Transportation and storage,Lightrock,51.507905,-0.131757,Private Equity and Venture Capital,United Kingdom,,FALSE,1
Transportation and storage,Livingbridge EP,51.504963,-0.087625,Private Equity and Venture Capital,United Kingdom,,FALSE,1
Transportation and storage,Longwall Venture Partners,51.817775,-1.306658,Private Equity and Venture Capital,United Kingdom,,FALSE,1
Transportation and storage,MMC Ventures,51.49454,-0.156088,Private Equity and Venture Capital,United Kingdom,,TRUE,1
Transportation and storage,Maven Capital Partners UK LLP,55.862675,-4.256424,Private Equity and Venture Capital,United Kingdom,,FALSE,1
Transportation and storage,Midven,52.45994,-2.100544,Private Equity and Venture Capital,United Kingdom,,FALSE,1
Transportation and storage,Mosaic Ventures,51.512314,-0.138134,Private Equity and Venture Capital,United Kingdom,,FALSE,1
Transportation and storage,NEL Fund Managers,54.925643,-1.620569,Private Equity and Venture Capital,United Kingdom,,TRUE,1
Transportation and storage,NFU Mutual,51.016243,-3.0662,Corporate,United Kingdom,,FALSE,1
Transportation and storage,Northstar Ventures,54.971327,-1.597505,Private Equity and Venture Capital,United Kingdom,,FALSE,1
Transportation and storage,Notion Capital Partners LLP,51.524129,-0.106586,Private Equity and Venture Capital,United Kingdom,,FALSE,1
Transportation and storage,Novuna,51.435186,-0.508667,Corporate,United Kingdom,,FALSE,1
Transportation and storage,OVO Energy,51.450233,-2.58408,Corporate,United Kingdom,,FALSE,1
Transportation and storage,Oxford Innovation Finance,51.731891,-1.204714,Angel Network,United Kingdom,,FALSE,1
Transportation and storage,Par Equity,55.948296,-3.21342,Private Equity and Venture Capital,United Kingdom,,FALSE,1
Transportation and storage,Partnerships UK,52.922548,-1.478746,Government,United Kingdom,,FALSE,1
Transportation and storage,Penta Capital,55.86225,-4.260938,Private Equity and Venture Capital,United Kingdom,,FALSE,1
Transportation and storage,Phoenix Court Group,51.531187,-0.12952,Private Equity and Venture Capital,United Kingdom,,FALSE,1
Transportation and storage,Primary Capital,51.507534,-0.140678,Private Equity and Venture Capital,United Kingdom,,FALSE,1
Transportation and storage,Promethean Investments LLP,51.512423,-0.143303,Private Equity and Venture Capital,United Kingdom,,FALSE,1
Transportation and storage,Risk Capital Partners,51.50231,-0.154406,Private Equity and Venture Capital,United Kingdom,,FALSE,1
Transportation and storage,Rolls-Royce,52.911001,-1.430616,Corporate,United Kingdom,,FALSE,1
Transportation and storage,Salica Investments,51.51621,-0.085208,Asset Management / Private Equity,United Kingdom,,TRUE,1
Transportation and storage,Scottish Government,55.978349,-3.173673,Devolved Government,United Kingdom,,FALSE,1
Transportation and storage,Secure Trust Commercial Finance,52.381977,-1.788743,Bank,United Kingdom,,FALSE,1
Transportation and storage,Shawbrook Bank,51.513208,-0.079295,Bank,United Kingdom,,TRUE,1
Transportation and storage,Shell,51.504234,-0.115884,Corporate,United Kingdom,,FALSE,1
Transportation and storage,Smedvig Capital,51.506545,-0.140141,Family Office,United Kingdom,,FALSE,1
Transportation and storage,Souter Investments LLP,55.952005,-3.198867,Family Office,United Kingdom,,FALSE,1
Transportation and storage,Stride.VC,51.522751,-0.103659,Private Equity and Venture Capital,United Kingdom,,FALSE,1
Transportation and storage,SyndicateRoom,52.234909,0.153433,Crowd funding,United Kingdom,,TRUE,1
Transportation and storage,T J Morris (Investments) Ltd,53.464194,-2.895312,Private Equity and Venture Capital,United Kingdom,,FALSE,1
Transportation and storage,TDR Capital,51.511448,-0.142536,Private Equity and Venture Capital,United Kingdom,,FALSE,1
Transportation and storage,ThinCats,52.758356,-1.477058,Specialist Lender,United Kingdom,,TRUE,1
Transportation and storage,Toscafund Asset Management,51.506992,-0.142804,Specialist Lender,United Kingdom,,FALSE,1
Transportation and storage,Turquoise International,51.526359,-0.080053,Merchant Bank,United Kingdom,,FALSE,1
Transportation and storage,University of Warwick Science Park,52.387015,-1.558093,University,United Kingdom,,FALSE,1
Transportation and storage,Wealth Club,51.461031,-0.304332,Angel Network,United Kingdom,,FALSE,1
Transportation and storage,Woodford Investment Management,51.731891,-1.204714,Private Equity and Venture Capital,United Kingdom,,FALSE,1
Wholesale and retail,HSBC,51.507627,-0.09714,Bank,United Kingdom,,TRUE,65
Wholesale and retail,British Business Bank,53.382174,-1.472389,Central Government,United Kingdom,,FALSE,41
Wholesale and retail,Lloyds Banking Group,53.809305,-1.680548,Private Equity and Venture Capital,United Kingdom,,FALSE,35
Wholesale and retail,BGF (formerly Business Growth Fund),51.508771,-0.122916,Private Equity and Venture Capital,United Kingdom,,FALSE,26
Wholesale and retail,NatWest Group,53.480414,-2.253286,Bank,United Kingdom,,TRUE,25
Wholesale and retail,Barclays,51.504924,-0.014381,Bank,United Kingdom,,TRUE,23
Wholesale and retail,Crowdcube,51.523617,-0.083412,Crowd funding,United Kingdom,,FALSE,21
Wholesale and retail,Virgin Money UK,55.863326,-4.26009,Bank,United Kingdom,,FALSE,20
Wholesale and retail,Development Bank of Wales,51.483907,-3.191222,Devolved Government,United Kingdom,,FALSE,10
Wholesale and retail,Mercia Asset Management,52.358937,-1.779514,Asset Management / Private Equity,United Kingdom,,TRUE,7
Wholesale and retail,Mobeus,51.506229,-0.146279,Private Equity and Venture Capital,United Kingdom,,TRUE,7
Wholesale and retail,Piper Private Equity,51.517191,-0.145141,Private Equity and Venture Capital,United Kingdom,,FALSE,6
Wholesale and retail,Active Partners,51.473852,-0.202728,Private Equity and Venture Capital,United Kingdom,,TRUE,5
Wholesale and retail,Phoenix Court Group,51.531187,-0.12952,Private Equity and Venture Capital,United Kingdom,,FALSE,5
Wholesale and retail,Index Ventures,51.511035,-0.137451,Private Equity and Venture Capital,United Kingdom,,FALSE,4
Wholesale and retail,Maven Capital Partners UK LLP,55.862675,-4.256424,Private Equity and Venture Capital,United Kingdom,,FALSE,4
Wholesale and retail,Scottish EDGE,56.416609,-3.482055,Charity/Not-for-profit company,United Kingdom,,FALSE,4
Wholesale and retail,Whiterock Finance,54.596986,-5.924968,Specialist Lender,United Kingdom,,TRUE,4
Wholesale and retail,Balderton Capital,51.529874,-0.118818,Private Equity and Venture Capital,United Kingdom,,TRUE,3
Wholesale and retail,Growth Partner,54.014985,-1.221823,Family Office,United Kingdom,,FALSE,3
Wholesale and retail,Highland Europe,51.511746,-0.138085,Private Equity and Venture Capital,United Kingdom,,FALSE,3
Wholesale and retail,IW Capital,51.514156,-0.143189,Private Equity and Venture Capital,United Kingdom,,FALSE,3
Wholesale and retail,MMC Ventures,51.49454,-0.156088,Private Equity and Venture Capital,United Kingdom,,TRUE,3
Wholesale and retail,Molten Ventures,51.510289,-0.125044,Private Equity and Venture Capital,United Kingdom,,FALSE,3
Wholesale and retail,Scottish Enterprise,55.945754,-3.221459,Devolved Government,United Kingdom,,FALSE,3
Wholesale and retail,Techstart Ventures,54.584766,-5.934438,Private Equity and Venture Capital,United Kingdom,,FALSE,3
Wholesale and retail,UK Export Finance,51.501638,-0.126768,Central Government,United Kingdom,,FALSE,3
Wholesale and retail,24Haymarket,51.509213,-0.13202,Angel Network,United Kingdom,,TRUE,2
Wholesale and retail,Albion Capital Group,51.520723,-0.103974,Private Equity and Venture Capital,United Kingdom,,FALSE,2
Wholesale and retail,Allied Irish Bank / AIB Group,51.515551,-0.079571,Family Office,United Kingdom,,FALSE,2
Wholesale and retail,Angels Den,51.535716,-0.190083,Angel Network,United Kingdom,,FALSE,2
Wholesale and retail,Bank of Scotland,55.789595,-4.277033,Bank,United Kingdom,,TRUE,2
Wholesale and retail,Bibby Financial Services,52.060139,-1.339541,Specialist Lender,United Kingdom,,FALSE,2
Wholesale and retail,Capital for Colleagues,51.025282,-4.206337,Private Equity and Venture Capital,United Kingdom,,FALSE,2
Wholesale and retail,Channel 4,53.796354,-1.548888,State-owned enterprise (SOE) / Corporate strategic investor,United Kingdom,,FALSE,2
Wholesale and retail,Close Brothers,51.520382,-0.083519,Merchant Bank,United Kingdom,,FALSE,2
Wholesale and retail,Connect Ventures,51.517362,-0.125388,Private Equity and Venture Capital,United Kingdom,,FALSE,2
Wholesale and retail,CrowdBnk,51.515178,-0.078232,Crowd funding,United Kingdom,,FALSE,2
Wholesale and retail,Downing,51.503541,-0.12767,Private Equity and Venture Capital,United Kingdom,,FALSE,2
Wholesale and retail,Felix Capital,51.512314,-0.138134,Private Equity and Venture Capital,United Kingdom,,FALSE,2
Wholesale and retail,First Enterprise,51.542158,0.007545,Specialist Lender,United Kingdom,,TRUE,2
Wholesale and retail,IP Group,51.517285,-0.096031,Commercialisation Company,United Kingdom,,FALSE,2
Wholesale and retail,Invest NI,54.594305,-5.93216,Devolved Government,United Kingdom,,FALSE,2
Wholesale and retail,JamJar Investments,51.501972,-0.119003,Private Investment Vehicle,United Kingdom,,TRUE,2
Wholesale and retail,Lansdowne Partners,51.506992,-0.142804,Asset Management,United Kingdom,,FALSE,2
Wholesale and retail,Livingbridge EP,51.504963,-0.087625,Private Equity and Venture Capital,United Kingdom,,FALSE,2
Wholesale and retail,OakNorth,51.514297,-0.140143,Bank,United Kingdom,,FALSE,2
Wholesale and retail,Octopus Group,51.512038,-0.097431,Asset Management / Private Equity,United Kingdom,,FALSE,2
Wholesale and retail,PNC Financial Services,51.514976,-0.091702,Specialist Lender,United Kingdom,,FALSE,2
Wholesale and retail,Praetura Group,53.47988,-2.250781,Private Equity and Venture Capital,United Kingdom,,FALSE,2
Wholesale and retail,Puma Investment Management,51.508957,-0.143098,Asset Management,United Kingdom,,FALSE,2
Wholesale and retail,Secure Trust Commercial Finance,52.381977,-1.788743,Bank,United Kingdom,,FALSE,2
Wholesale and retail,Soho Square Capital,51.516251,-0.126731,Private Equity and Venture Capital,United Kingdom,,FALSE,2
Wholesale and retail,South Yorkshire Investment Fund,53.383988,-1.461948,Private Equity and Venture Capital,United Kingdom,,FALSE,2
Wholesale and retail,SyndicateRoom,52.234909,0.153433,Crowd funding,United Kingdom,,TRUE,2
Wholesale and retail,ThinCats,52.758356,-1.477058,Specialist Lender,United Kingdom,,TRUE,2
Wholesale and retail,Venrex Investment Management,51.494596,-0.156216,Private Equity and Venture Capital,United Kingdom,,FALSE,2
Wholesale and retail,13books Capital,51.522751,-0.103659,Private Equity and Venture Capital,United Kingdom,,TRUE,1
Wholesale and retail,3i,51.502202,-0.153257,Private Equity and Venture Capital,United Kingdom,,FALSE,1
Wholesale and retail,8 Miles,51.627234,-0.160118,Private Equity and Venture Capital,United Kingdom,,FALSE,1
Wholesale and retail,ACF Investors,51.519926,-0.107495,Private Equity and Venture Capital,United Kingdom,,FALSE,1
Wholesale and retail,Amadeus Capital Partners,52.209941,0.117535,Private Equity and Venture Capital,United Kingdom,,FALSE,1
Wholesale and retail,Amsvest,51.656416,0.067327,Private Investment Vehicle,United Kingdom,,FALSE,1
Wholesale and retail,Angel Capital Group,51.519648,-0.097518,Angel Network,United Kingdom,,FALSE,1
Wholesale and retail,Apater Capital,53.797209,-1.546875,Private Equity and Venture Capital,United Kingdom,,FALSE,1
Wholesale and retail,Ascension,51.490425,0.295556,Private Equity and Venture Capital,United Kingdom,,FALSE,1
Wholesale and retail,Ashridge Capital,51.809003,-0.570538,Private Equity and Venture Capital,United Kingdom,,FALSE,1
Wholesale and retail,Asset finance,55.961416,-3.184533,Bank,United Kingdom,,FALSE,1
Wholesale and retail,Aviva,53.371149,-1.485676,Corporate,United Kingdom,UK pension funds,FALSE,1
Wholesale and retail,Backed VC,51.527736,-0.077386,Private Equity and Venture Capital,United Kingdom,,FALSE,1
Wholesale and retail,Ballpark Ventures,51.900681,-2.080624,Private Investment Vehicle,United Kingdom,,FALSE,1
Wholesale and retail,Bank of Ireland,51.550176,-0.086911,Bank,United Kingdom,,FALSE,1
Wholesale and retail,Barrow Cadbury Trust,51.485443,-0.116687,Charity/Not-for-profit company,United Kingdom,,FALSE,1
Wholesale and retail,Bayes Business School,51.522086,-0.090396,University,United Kingdom,,FALSE,1
Wholesale and retail,Berry Bros & Rudd,51.50555,-0.138035,Corporate,United Kingdom,,FALSE,1
Wholesale and retail,Capricorn Fund Managers,51.509879,-0.14456,Asset Management,United Kingdom,,FALSE,1
Wholesale and retail,Chesterfield Borough Council,51.450848,0.197393,Local and Regional Government,United Kingdom,,FALSE,1
Wholesale and retail,Chiltern Capital,51.509459,-0.132255,Private Equity and Venture Capital,United Kingdom,,FALSE,1
Wholesale and retail,Cibus Capital,51.511657,-0.14662,Private Equity and Venture Capital,United Kingdom,,FALSE,1
Wholesale and retail,Clarendon Fund Managers,54.597775,-5.931195,Private Equity and Venture Capital,United Kingdom,,TRUE,1
Wholesale and retail,Clean Growth Investment Management,51.508514,-0.133303,Private Equity and Venture Capital,United Kingdom,,FALSE,1
Wholesale and retail,Crowd2Fund,51.521447,-0.203089,Crowd funding,United Kingdom,,FALSE,1
Wholesale and retail,D4 Ventures,51.508588,-0.142508,Private Equity and Venture Capital,United Kingdom,,FALSE,1
Wholesale and retail,Derbyshire County Council,53.011681,-1.428563,Local and Regional Government,United Kingdom,,FALSE,1
Wholesale and retail,Dr. Martens,51.512743,-0.138577,Corporate,United Kingdom,,FALSE,1
Wholesale and retail,ETF Partners,51.500332,-0.133392,Private Equity and Venture Capital,United Kingdom,,TRUE,1
Wholesale and retail,Edition Capital,51.513049,-0.140294,Private Equity and Venture Capital,United Kingdom,,FALSE,1
Wholesale and retail,Emerge Education,51.525617,-0.083602,Private Equity and Venture Capital,United Kingdom,,FALSE,1
Wholesale and retail,Encore Capital,51.511448,-0.142536,Private Equity and Venture Capital,United Kingdom,,FALSE,1
Wholesale and retail,Envestors,51.505696,-0.105073,Angel Network,United Kingdom,,FALSE,1
Wholesale and retail,Environmental Innovation Fund,55.947586,-3.206945,Private Equity and Venture Capital,United Kingdom,,FALSE,1
Wholesale and retail,Fidelity International,51.512687,-0.096929,Asset Management,United Kingdom,,FALSE,1
Wholesale and retail,Fig,51.457945,-0.304849,Angel Network,United Kingdom,,FALSE,1
Wholesale and retail,Finance Yorkshire,53.381381,-1.48853,Private Equity and Venture Capital,United Kingdom,,FALSE,1
Wholesale and retail,Franco Manca,51.512124,-0.119507,Corporate,United Kingdom,,FALSE,1
Wholesale and retail,Funding Circle,51.511873,-0.09444,Crowd funding,United Kingdom,,TRUE,1
Wholesale and retail,Future Planet Capital,53.47944,-2.250206,Private Equity and Venture Capital,United Kingdom,,FALSE,1
Wholesale and retail,G Squared,50.953901,-0.143123,Private Equity and Venture Capital,United Kingdom,,FALSE,1
Wholesale and retail,Greater Manchester Combined Authority,53.475322,-2.242106,Local and Regional Government,United Kingdom,,FALSE,1
Wholesale and retail,Green Angel Ventures,51.463955,-0.220681,Angel Network,United Kingdom,,TRUE,1
Wholesale and retail,Gresham House,53.798,-1.551588,Asset Management,United Kingdom,,FALSE,1
Wholesale and retail,Growth Capital Partners,51.506892,-0.138787,Private Equity and Venture Capital,United Kingdom,,TRUE,1
Wholesale and retail,Guinness Ventures,51.495577,-0.126758,Private Equity and Venture Capital,United Kingdom,,FALSE,1
Wholesale and retail,Hedosophia,51.515723,-0.130846,Private Equity and Venture Capital,United Kingdom,,FALSE,1
Wholesale and retail,Henderson Global Investors,51.520644,-0.079241,Asset Management,United Kingdom,,FALSE,1
Wholesale and retail,Highlands and Islands Enterprise,58.208102,-6.38326,Local and Regional Government,United Kingdom,,FALSE,1
Wholesale and retail,ITV,54.604774,-5.920191,Corporate,United Kingdom,,FALSE,1
Wholesale and retail,InMotion Ventures,51.52479,-0.089129,Corporate,United Kingdom,,FALSE,1
Wholesale and retail,Inflexion Private Equity,51.517641,-0.148611,Private Equity and Venture Capital,United Kingdom,,FALSE,1
Wholesale and retail,Investec Bank,51.515643,-0.090132,Bank,United Kingdom,,FALSE,1
Wholesale and retail,Kartesia,51.51312,-0.142497,Asset Management,United Kingdom,,FALSE,1
Wholesale and retail,Keyhaven Capital Partners,51.51312,-0.142497,Private Equity and Venture Capital,United Kingdom,,FALSE,1
Wholesale and retail,Kin Group,51.511741,-0.146242,Private Investment Vehicle,United Kingdom,,FALSE,1
Wholesale and retail,Kuvari Partners,51.511741,-0.146242,Asset Management,United Kingdom,,FALSE,1
Wholesale and retail,LCA Investments,51.51063,-0.149948,Family Office,United Kingdom,,FALSE,1
Wholesale and retail,Latitude Investment Management,51.499321,-0.157034,Asset Management,United Kingdom,,FALSE,1
Wholesale and retail,Longwall Venture Partners,51.817775,-1.306658,Private Equity and Venture Capital,United Kingdom,,FALSE,1
Wholesale and retail,Lumar,51.607101,-0.24468,Corporate,United Kingdom,,FALSE,1
Wholesale and retail,Magenta Partners,51.507358,-0.142039,Private Equity and Venture Capital,United Kingdom,,FALSE,1
Wholesale and retail,Midven,52.45994,-2.100544,Private Equity and Venture Capital,United Kingdom,,FALSE,1
Wholesale and retail,Mott Macdonald,52.482523,-1.899395,Corporate,United Kingdom,,FALSE,1
Wholesale and retail,Mouro Capital,51.508514,-0.133303,Private Equity and Venture Capital,United Kingdom,,FALSE,1
Wholesale and retail,NVM Private Equity,54.971016,-1.612535,Private Equity and Venture Capital,United Kingdom,,TRUE,1
Wholesale and retail,Next,51.567782,0.703511,Corporate,United Kingdom,,FALSE,1
Wholesale and retail,NorthEdge Capital,52.482306,-1.897216,Private Equity and Venture Capital,United Kingdom,,FALSE,1
Wholesale and retail,Northern & Shell Ventures,51.509143,-0.084784,Corporate,United Kingdom,,FALSE,1
Wholesale and retail,Numis,51.517697,-0.085967,Asset Management,United Kingdom,,FALSE,1
Wholesale and retail,Oxford Capital Partners,51.752564,-1.265674,Private Equity and Venture Capital,United Kingdom,,FALSE,1
Wholesale and retail,Oxford Innovation Finance,51.731891,-1.204714,Angel Network,United Kingdom,,FALSE,1
Wholesale and retail,Oxford Science Enterprises,51.755299,-1.257415,Commercialisation Company,United Kingdom,,FALSE,1
Wholesale and retail,PHD Industrial Holdings,53.466439,-2.63283,Private Equity and Venture Capital,United Kingdom,,FALSE,1
Wholesale and retail,Palatine Private Equity,53.477441,-2.243173,Private Equity and Venture Capital,United Kingdom,,FALSE,1
Wholesale and retail,Panoramic,51.067746,-3.033829,Private Equity and Venture Capital,United Kingdom,,FALSE,1
Wholesale and retail,Par Equity,55.948296,-3.21342,Private Equity and Venture Capital,United Kingdom,,FALSE,1
Wholesale and retail,Pecten Capital,51.509799,-0.147445,Private Equity and Venture Capital,United Kingdom,,FALSE,1
Wholesale and retail,Pentland Group,55.900089,-3.263396,Corporate,United Kingdom,,FALSE,1
Wholesale and retail,Percipient Capital,51.510391,-0.08904,Private Equity and Venture Capital,United Kingdom,,FALSE,1
Wholesale and retail,Phoenix Equity Partners,51.510762,-0.136698,Private Equity and Venture Capital,United Kingdom,,FALSE,1
Wholesale and retail,Pi Labs,51.520888,-0.072197,Accelerator,United Kingdom,,FALSE,1
Wholesale and retail,Playfair Capital,51.527304,-0.088894,Private Equity and Venture Capital,United Kingdom,,FALSE,1
Wholesale and retail,Prelude Trust plc,52.148526,0.194195,Private Equity and Venture Capital,United Kingdom,,FALSE,1
Wholesale and retail,Primary Capital,51.507534,-0.140678,Private Equity and Venture Capital,United Kingdom,,FALSE,1
Wholesale and retail,Provenance Investment Partners,51.50231,-0.154406,Private Equity and Venture Capital,United Kingdom,,FALSE,1
Wholesale and retail,QinetiQ plc,51.276054,-0.761524,Corporate,United Kingdom,,FALSE,1
Wholesale and retail,Redbus Ventures,51.51646,-0.155246,Private Equity and Venture Capital,United Kingdom,,FALSE,1
Wholesale and retail,Redrice Ventures,51.512597,-0.13671,Private Equity and Venture Capital,United Kingdom,,FALSE,1
Wholesale and retail,Reward Finance Group,53.797346,-1.549834,Specialist Lender,United Kingdom,,FALSE,1
Wholesale and retail,Risk Capital Partners,51.50231,-0.154406,Private Equity and Venture Capital,United Kingdom,,FALSE,1
Wholesale and retail,Round Hill Ventures,51.493103,-0.146494,Private Equity and Venture Capital,United Kingdom,,FALSE,1
Wholesale and retail,SFC Capital,53.263837,-2.536688,Private Equity and Venture Capital,United Kingdom,,FALSE,1
Wholesale and retail,Samos Investments,51.517518,-0.122196,Private Equity and Venture Capital,United Kingdom,,FALSE,1
Wholesale and retail,Seedcamp,51.516858,-0.142287,Private Equity and Venture Capital,United Kingdom,,TRUE,1
Wholesale and retail,Shawbrook Bank,51.513208,-0.079295,Bank,United Kingdom,,TRUE,1
Wholesale and retail,Sky,54.603919,-5.915391,Corporate,United Kingdom,,FALSE,1
Wholesale and retail,Smith Cooper Corporate Finance,52.91942,-1.4727,Merchant Bank,United Kingdom,,FALSE,1
Wholesale and retail,Souter Investments LLP,55.952005,-3.198867,Family Office,United Kingdom,,FALSE,1
Wholesale and retail,Stride.VC,51.522751,-0.103659,Private Equity and Venture Capital,United Kingdom,,FALSE,1
Wholesale and retail,TDR Capital,51.511448,-0.142536,Private Equity and Venture Capital,United Kingdom,,FALSE,1
Wholesale and retail,TPA Capital,51.511448,-0.142536,Private Equity and Venture Capital,United Kingdom,,FALSE,1
Wholesale and retail,TTP Ventures,52.088111,0.025697,Private Equity and Venture Capital,United Kingdom,,FALSE,1
Wholesale and retail,The Craftory,51.507666,-0.139361,Private Equity and Venture Capital,United Kingdom,,FALSE,1
Wholesale and retail,The University of Derby,52.938473,-1.496678,University,United Kingdom,,FALSE,1
Wholesale and retail,True.,51.493103,-0.146494,Private Equity and Venture Capital,United Kingdom,,FALSE,1
Wholesale and retail,Turquoise International,51.526359,-0.080053,Merchant Bank,United Kingdom,,FALSE,1
Wholesale and retail,UMi Scotland,55.944592,-3.185909,Corporate,United Kingdom,,FALSE,1
Wholesale and retail,Unbound,51.506478,-0.126339,Private Equity and Venture Capital,United Kingdom,,FALSE,1
Wholesale and retail,Unilever,53.830245,-1.456816,Corporate,United Kingdom,,FALSE,1
Wholesale and retail,University of Oxford,51.751927,-1.215879,University,United Kingdom,,FALSE,1
Wholesale and retail,University of Warwick Science Park,52.387015,-1.558093,University,United Kingdom,,FALSE,1
Wholesale and retail,Vitruvian Partners,51.506739,-0.148953,Private Equity and Venture Capital,United Kingdom,,FALSE,1
Wholesale and retail,Volution,51.45695,-0.941386,Private Equity and Venture Capital,United Kingdom,,FALSE,1
Wholesale and retail,Wealth Club,51.461031,-0.304332,Angel Network,United Kingdom,,FALSE,1
Wholesale and retail,Welsh Government,51.488373,-3.182582,Central Government,United Kingdom,,FALSE,1
Wholesale and retail,WestBridge Capital,51.489014,-3.179718,Private Equity and Venture Capital,United Kingdom,,FALSE,1
Wholesale and retail,Wharton Asset Management,51.518829,-0.173326,Family Office,United Kingdom,,FALSE,1
Wholesale and retail,Wild Blue Cohort,51.52703,-0.128768,Angel Network,United Kingdom,,FALSE,1
Wholesale and retail,Yeo Valley,51.288147,-2.795747,Corporate,United Kingdom,,FALSE,1
Wholesale and retail,bd-capital,51.499321,-0.157034,Private Equity and Venture Capital,United Kingdom,,FALSE,1
Wholesale and retail,noa,51.45509,-2.620468,Private Equity and Venture Capital,United Kingdom,,FALSE,1
